cpu,sys,inter,ctxsw,KBRead,Reads,KBWrit,Writes,KBIn,PktIn,KBOut,PktOut,data,Time
0,0,83,288,0,0,24,1,0,1,0,1,2022-04-30,22:53:34
1,1,97,317,0,0,0,0,0,3,1,3,2022-04-30,22:53:35
0,0,82,276,0,0,0,0,0,2,0,2,2022-04-30,22:53:36
0,0,111,308,0,0,0,0,0,7,1,11,2022-04-30,22:53:37
2,1,115,333,0,0,40,2,0,7,1,11,2022-04-30,22:53:38
0,0,111,340,0,0,0,0,1,8,1,11,2022-04-30,22:53:39
2,1,120,341,0,0,0,0,0,7,1,11,2022-04-30,22:53:40
0,0,108,319,0,0,0,0,0,7,1,11,2022-04-30,22:53:41
0,0,114,338,0,0,0,0,1,8,1,11,2022-04-30,22:53:42
1,1,119,346,0,0,12,2,0,7,1,11,2022-04-30,22:53:43
0,0,106,333,0,0,0,0,0,7,1,11,2022-04-30,22:53:44
2,1,109,326,0,0,0,0,1,8,1,11,2022-04-30,22:53:45
1,1,110,339,0,0,0,0,0,7,1,11,2022-04-30,22:53:46
1,1,119,328,0,0,0,0,0,7,1,11,2022-04-30,22:53:47
1,0,115,338,0,0,12,2,1,8,1,11,2022-04-30,22:53:48
1,0,112,332,0,0,0,0,0,7,1,11,2022-04-30,22:53:49
1,0,114,335,0,0,0,0,0,7,1,11,2022-04-30,22:53:50
0,0,107,334,0,0,0,0,1,8,1,11,2022-04-30,22:53:51
1,0,155,377,0,0,0,0,3,17,3,20,2022-04-30,22:53:52
1,0,120,346,0,0,32,2,0,7,1,11,2022-04-30,22:53:53
1,0,112,330,0,0,4,1,1,8,1,11,2022-04-30,22:53:54
2,2,115,323,0,0,0,0,0,7,1,11,2022-04-30,22:53:55
1,1,118,343,0,0,0,0,0,7,1,11,2022-04-30,22:53:56
1,0,99,335,0,0,0,0,0,5,1,5,2022-04-30,22:53:57
0,0,98,314,0,0,12,2,0,4,1,8,2022-04-30,22:53:58
1,1,108,326,0,0,0,0,0,7,1,11,2022-04-30,22:53:59
1,0,114,334,0,0,0,0,1,8,1,11,2022-04-30,22:54:00
9,2,123,394,0,0,0,0,0,7,1,10,2022-04-30,22:54:01
1,1,110,325,0,0,0,0,0,7,1,11,2022-04-30,22:54:02
2,0,134,394,0,0,16,2,1,11,2,13,2022-04-30,22:54:03
1,0,110,333,0,0,4,1,0,7,1,11,2022-04-30,22:54:04
1,1,110,328,0,0,0,0,0,7,1,11,2022-04-30,22:54:05
1,1,104,326,0,0,0,0,1,8,1,11,2022-04-30,22:54:06
1,0,113,334,0,0,0,0,0,7,1,11,2022-04-30,22:54:07
0,0,114,349,0,0,48,3,0,7,1,11,2022-04-30,22:54:08
0,0,117,321,0,0,52,12,1,8,1,11,2022-04-30,22:54:09
1,0,111,336,0,0,0,0,0,7,1,11,2022-04-30,22:54:10
2,1,114,339,0,0,0,0,0,7,1,11,2022-04-30,22:54:11
0,0,109,323,0,0,0,0,1,8,1,11,2022-04-30,22:54:12
1,0,124,353,0,0,12,2,0,7,1,11,2022-04-30,22:54:13
2,2,106,329,0,0,0,0,0,7,1,11,2022-04-30,22:54:14
1,0,116,345,0,0,0,0,1,8,1,11,2022-04-30,22:54:15
0,0,107,316,0,0,0,0,0,7,1,11,2022-04-30,22:54:16
1,1,112,336,0,0,0,0,0,7,1,11,2022-04-30,22:54:17
2,0,162,443,0,0,12,2,1,10,1,11,2022-04-30,22:54:18
0,0,112,334,0,0,0,0,0,7,2,11,2022-04-30,22:54:19
2,0,115,349,0,0,0,0,0,7,1,11,2022-04-30,22:54:20
0,0,118,336,0,0,0,0,1,8,1,11,2022-04-30,22:54:21
1,0,106,324,0,0,0,0,0,7,1,11,2022-04-30,22:54:22
1,0,118,352,0,0,12,2,0,7,1,11,2022-04-30,22:54:23
0,0,99,323,0,0,0,0,0,3,0,3,2022-04-30,22:54:24
1,1,103,308,0,0,0,0,0,6,1,10,2022-04-30,22:54:25
1,0,111,331,0,0,0,0,0,7,1,11,2022-04-30,22:54:26
2,1,116,338,0,0,0,0,1,8,1,11,2022-04-30,22:54:27
0,0,115,344,0,0,36,2,0,7,1,11,2022-04-30,22:54:28
1,0,110,320,0,0,0,0,0,7,1,11,2022-04-30,22:54:29
1,0,117,333,0,0,0,0,1,8,1,11,2022-04-30,22:54:30
0,0,110,336,0,0,0,0,0,7,1,11,2022-04-30,22:54:31
1,1,103,333,0,0,0,0,0,7,1,11,2022-04-30,22:54:32
1,1,112,337,0,0,12,2,1,8,1,11,2022-04-30,22:54:33
1,0,107,330,0,0,28,2,0,7,1,11,2022-04-30,22:54:34
1,0,112,340,0,0,0,0,0,7,1,11,2022-04-30,22:54:35
0,0,112,322,0,0,0,0,1,8,1,11,2022-04-30,22:54:36
0,0,115,331,0,0,0,0,0,7,1,11,2022-04-30,22:54:37
1,0,116,351,0,0,24,2,0,7,1,11,2022-04-30,22:54:38
1,0,120,341,0,0,8,1,1,8,1,11,2022-04-30,22:54:39
1,0,116,336,0,0,0,0,0,7,1,11,2022-04-30,22:54:40
0,0,118,348,0,0,0,0,0,7,2,11,2022-04-30,22:54:41
1,0,107,339,0,0,0,0,1,8,1,11,2022-04-30,22:54:42
1,0,122,341,0,0,24,3,0,7,1,11,2022-04-30,22:54:43
1,1,116,340,0,0,0,0,0,7,1,11,2022-04-30,22:54:44
0,0,121,347,0,0,0,0,1,8,1,11,2022-04-30,22:54:45
1,0,107,330,0,0,0,0,0,7,1,11,2022-04-30,22:54:46
1,1,113,329,0,0,0,0,0,7,1,11,2022-04-30,22:54:47
1,0,133,362,0,0,12,2,1,8,1,11,2022-04-30,22:54:48
1,1,121,338,0,0,36,8,0,7,1,11,2022-04-30,22:54:49
1,0,100,327,0,0,0,0,0,5,1,10,2022-04-30,22:54:50
1,0,98,315,0,0,0,0,0,4,0,3,2022-04-30,22:54:51
1,0,111,322,0,0,0,0,0,7,1,11,2022-04-30,22:54:52
1,1,121,345,0,0,12,2,0,7,1,11,2022-04-30,22:54:53
1,1,115,335,0,0,0,0,1,8,1,11,2022-04-30,22:54:54
0,0,114,344,0,0,0,0,0,7,1,11,2022-04-30,22:54:55
0,0,111,331,0,0,0,0,0,7,1,11,2022-04-30,22:54:56
0,0,111,322,0,0,0,0,1,8,1,11,2022-04-30,22:54:57
1,1,121,353,0,0,12,2,0,7,1,11,2022-04-30,22:54:58
1,0,115,337,0,0,0,0,0,7,1,11,2022-04-30,22:54:59
1,0,112,328,0,0,0,0,1,8,1,11,2022-04-30,22:55:00
8,3,125,400,0,0,0,0,0,7,1,11,2022-04-30,22:55:01
1,0,114,339,0,0,0,0,0,7,1,11,2022-04-30,22:55:02
1,1,117,352,0,0,16,2,1,8,2,11,2022-04-30,22:55:03
0,0,113,333,0,0,0,0,0,7,1,11,2022-04-30,22:55:04
1,0,110,336,0,0,0,0,0,7,1,11,2022-04-30,22:55:05
1,1,107,333,0,0,0,0,1,8,1,11,2022-04-30,22:55:06
1,0,111,322,0,0,0,0,0,7,1,11,2022-04-30,22:55:07
0,0,117,346,0,0,12,2,0,7,1,11,2022-04-30,22:55:08
1,0,119,346,0,0,0,0,1,8,1,11,2022-04-30,22:55:09
1,1,114,328,0,0,0,0,0,7,1,11,2022-04-30,22:55:10
1,0,118,341,0,0,0,0,0,7,1,11,2022-04-30,22:55:11
0,0,112,341,0,0,0,0,1,8,1,11,2022-04-30,22:55:12
1,1,115,350,0,0,36,2,0,7,1,11,2022-04-30,22:55:13
1,1,112,318,0,0,8,1,0,7,1,11,2022-04-30,22:55:14
1,1,122,352,0,0,0,0,1,8,1,11,2022-04-30,22:55:15
1,1,109,327,0,0,0,0,0,7,1,11,2022-04-30,22:55:16
0,0,109,317,0,0,0,0,0,7,1,11,2022-04-30,22:55:17
1,1,101,333,0,0,24,3,0,3,1,5,2022-04-30,22:55:18
1,0,95,308,0,0,0,0,0,1,0,3,2022-04-30,22:55:19
0,0,95,301,0,0,0,0,0,2,0,2,2022-04-30,22:55:20
1,0,87,300,0,0,0,0,0,2,0,2,2022-04-30,22:55:21
0,0,84,298,0,0,0,0,0,1,0,2,2022-04-30,22:55:22
0,0,93,299,0,0,16,2,0,1,0,2,2022-04-30,22:55:23
1,1,89,295,0,0,0,0,0,3,0,3,2022-04-30,22:55:24
1,0,84,293,0,0,0,0,0,2,0,3,2022-04-30,22:55:25
0,0,83,294,0,0,0,0,0,1,0,2,2022-04-30,22:55:26
0,0,87,289,0,0,0,0,0,2,0,2,2022-04-30,22:55:27
1,1,89,313,0,0,12,2,0,1,0,2,2022-04-30,22:55:28
0,0,88,295,0,0,0,0,0,1,0,2,2022-04-30,22:55:29
1,0,78,279,0,0,0,0,0,2,0,2,2022-04-30,22:55:30
0,0,92,307,0,0,0,0,0,1,0,2,2022-04-30,22:55:31
0,0,85,294,0,0,0,0,0,1,0,2,2022-04-30,22:55:32
1,0,92,312,0,0,12,2,0,2,0,2,2022-04-30,22:55:33
0,0,86,280,0,0,56,8,0,1,0,2,2022-04-30,22:55:34
1,0,100,315,0,0,0,0,0,1,0,2,2022-04-30,22:55:35
1,1,92,310,0,0,0,0,0,4,1,6,2022-04-30,22:55:36
1,0,94,297,0,0,0,0,0,3,0,3,2022-04-30,22:55:37
1,1,114,343,0,0,24,2,0,7,1,11,2022-04-30,22:55:38
1,0,121,343,0,0,0,0,1,8,1,11,2022-04-30,22:55:39
1,0,111,328,0,0,0,0,0,7,1,11,2022-04-30,22:55:40
1,0,114,333,0,0,0,0,0,7,1,11,2022-04-30,22:55:41
1,1,119,343,0,0,0,0,1,8,1,11,2022-04-30,22:55:42
2,1,125,354,0,0,12,2,0,7,1,11,2022-04-30,22:55:43
1,0,110,323,0,0,0,0,0,7,1,11,2022-04-30,22:55:44
1,1,121,346,0,0,0,0,1,8,1,11,2022-04-30,22:55:45
2,1,113,329,0,0,0,0,0,7,1,11,2022-04-30,22:55:46
0,0,116,333,0,0,0,0,0,7,2,11,2022-04-30,22:55:47
2,1,118,356,0,0,12,2,1,8,1,11,2022-04-30,22:55:48
1,1,117,341,0,0,8,1,0,7,1,11,2022-04-30,22:55:49
2,0,121,340,0,0,0,0,1,8,1,12,2022-04-30,22:55:50
2,1,116,335,0,0,0,0,1,9,1,11,2022-04-30,22:55:51
1,0,114,341,0,0,0,0,0,7,1,11,2022-04-30,22:55:52
0,0,117,348,0,0,24,3,0,7,1,11,2022-04-30,22:55:53
2,1,119,328,0,0,0,0,1,9,1,11,2022-04-30,22:55:54
1,0,120,354,0,0,0,0,0,7,1,11,2022-04-30,22:55:55
1,0,121,341,0,0,0,0,0,7,1,11,2022-04-30,22:55:56
1,1,115,322,0,0,0,0,1,8,1,11,2022-04-30,22:55:57
1,0,120,348,0,0,12,2,0,7,1,11,2022-04-30,22:55:58
0,0,116,331,0,0,0,0,0,7,1,11,2022-04-30,22:55:59
1,0,119,342,0,0,0,0,1,8,1,11,2022-04-30,22:56:00
12,2,138,426,0,0,0,0,0,7,1,11,2022-04-30,22:56:01
1,0,110,338,0,0,0,0,0,7,1,11,2022-04-30,22:56:02
1,0,110,348,0,0,16,2,0,5,1,5,2022-04-30,22:56:03
1,0,108,313,0,0,0,0,0,6,1,10,2022-04-30,22:56:04
1,0,119,327,0,0,0,0,0,7,1,11,2022-04-30,22:56:05
1,0,117,338,0,0,0,0,1,8,1,11,2022-04-30,22:56:06
1,1,117,330,0,0,0,0,0,7,1,11,2022-04-30,22:56:07
0,0,119,362,0,0,12,2,0,7,1,11,2022-04-30,22:56:08
1,0,127,347,0,0,16,4,1,9,2,12,2022-04-30,22:56:09
1,0,114,336,0,0,0,0,0,7,1,11,2022-04-30,22:56:10
1,0,120,334,0,0,0,0,0,7,1,11,2022-04-30,22:56:11
1,1,117,342,0,0,0,0,1,8,1,11,2022-04-30,22:56:12
1,0,122,354,0,0,12,2,0,7,1,11,2022-04-30,22:56:13
1,0,113,322,0,0,0,0,0,7,1,11,2022-04-30,22:56:14
1,1,127,351,0,0,0,0,1,8,1,11,2022-04-30,22:56:15
1,0,116,332,0,0,0,0,0,7,1,11,2022-04-30,22:56:16
1,0,113,334,0,0,0,0,0,7,1,11,2022-04-30,22:56:17
0,0,117,343,0,0,12,2,1,8,1,11,2022-04-30,22:56:18
1,0,118,343,0,0,0,0,0,7,1,11,2022-04-30,22:56:19
1,0,116,347,0,0,0,0,0,7,1,11,2022-04-30,22:56:20
1,0,116,340,0,0,0,0,1,8,1,11,2022-04-30,22:56:21
1,1,106,332,0,0,0,0,0,7,1,11,2022-04-30,22:56:22
2,1,115,351,0,0,12,2,0,7,1,11,2022-04-30,22:56:23
0,0,99,309,0,0,8,1,1,8,1,11,2022-04-30,22:56:24
1,0,122,336,0,0,0,0,0,7,1,11,2022-04-30,22:56:25
1,0,120,347,0,0,0,0,0,7,1,11,2022-04-30,22:56:26
0,0,120,333,0,0,0,0,1,8,1,11,2022-04-30,22:56:27
3,0,162,452,0,0,28,3,0,7,1,11,2022-04-30,22:56:28
1,0,112,331,0,0,0,0,0,7,1,11,2022-04-30,22:56:29
2,1,121,332,0,0,0,0,1,8,1,11,2022-04-30,22:56:30
1,0,116,345,0,0,0,0,0,7,2,11,2022-04-30,22:56:31
1,0,99,310,0,0,0,0,0,3,1,5,2022-04-30,22:56:32
0,0,106,326,0,0,12,2,0,6,1,8,2022-04-30,22:56:33
2,1,116,339,0,0,24,1,0,7,1,11,2022-04-30,22:56:34
1,0,119,331,0,0,0,0,0,7,1,11,2022-04-30,22:56:35
1,0,108,337,0,0,0,0,1,8,1,11,2022-04-30,22:56:36
0,0,115,334,0,0,0,0,0,7,1,11,2022-04-30,22:56:37
2,1,124,349,0,0,24,2,0,7,1,11,2022-04-30,22:56:38
1,0,110,339,0,0,0,0,1,8,1,11,2022-04-30,22:56:39
1,1,128,346,0,0,0,0,0,7,1,11,2022-04-30,22:56:40
1,1,115,332,0,0,0,0,0,7,1,11,2022-04-30,22:56:41
1,0,116,332,0,0,0,0,1,8,1,11,2022-04-30,22:56:42
1,0,114,340,0,0,12,2,0,7,1,11,2022-04-30,22:56:43
1,1,122,335,0,0,0,0,0,7,1,11,2022-04-30,22:56:44
1,0,126,338,0,0,0,0,1,8,1,11,2022-04-30,22:56:45
1,0,117,334,0,0,0,0,0,7,1,11,2022-04-30,22:56:46
0,0,112,340,0,0,0,0,0,7,1,11,2022-04-30,22:56:47
1,0,125,355,0,0,12,2,1,8,1,11,2022-04-30,22:56:48
1,0,115,321,0,0,0,0,1,8,1,11,2022-04-30,22:56:49
2,1,115,340,0,0,0,0,0,7,1,11,2022-04-30,22:56:50
1,0,117,340,0,0,0,0,1,8,1,11,2022-04-30,22:56:51
1,1,116,335,0,0,0,0,0,7,1,11,2022-04-30,22:56:52
1,1,118,358,0,0,12,2,0,7,2,11,2022-04-30,22:56:53
1,1,114,334,0,0,20,5,1,8,1,11,2022-04-30,22:56:54
1,0,123,351,0,0,0,0,1,9,1,11,2022-04-30,22:56:55
0,0,119,331,0,0,0,0,0,7,1,11,2022-04-30,22:56:56
2,1,116,341,0,0,0,0,1,8,1,11,2022-04-30,22:56:57
0,0,118,352,0,0,12,2,0,7,1,11,2022-04-30,22:56:58
1,0,103,311,0,0,8,2,0,3,1,5,2022-04-30,22:56:59
1,0,100,315,0,0,0,0,0,6,1,8,2022-04-30,22:57:00
23,3,153,469,0,0,0,0,0,7,1,10,2022-04-30,22:57:01
8,3,112,333,0,0,0,0,0,7,1,11,2022-04-30,22:57:02
1,0,109,346,0,0,16,2,1,8,1,11,2022-04-30,22:57:03
1,0,99,316,0,0,0,0,0,7,1,11,2022-04-30,22:57:04
1,1,108,337,0,0,0,0,0,7,1,11,2022-04-30,22:57:05
1,0,116,336,0,0,0,0,1,8,1,11,2022-04-30,22:57:06
0,0,118,334,0,0,0,0,0,7,1,11,2022-04-30,22:57:07
1,0,113,340,0,0,12,2,0,7,1,11,2022-04-30,22:57:08
1,0,115,338,0,0,0,0,1,8,1,11,2022-04-30,22:57:09
1,1,122,348,0,0,0,0,0,7,1,11,2022-04-30,22:57:10
1,0,115,325,0,0,0,0,1,8,1,12,2022-04-30,22:57:11
2,1,121,343,0,0,0,0,1,8,1,11,2022-04-30,22:57:12
0,0,117,349,0,0,12,2,0,7,1,11,2022-04-30,22:57:13
1,0,113,333,0,0,0,0,0,7,1,11,2022-04-30,22:57:14
1,0,122,349,0,0,0,0,1,8,2,11,2022-04-30,22:57:15
1,1,115,333,0,0,0,0,0,7,1,11,2022-04-30,22:57:16
1,0,112,333,0,0,0,0,0,7,1,11,2022-04-30,22:57:17
1,1,117,344,0,0,12,2,1,8,1,11,2022-04-30,22:57:18
1,0,113,329,0,0,0,0,0,7,1,11,2022-04-30,22:57:19
0,0,119,341,0,0,0,0,0,7,1,11,2022-04-30,22:57:20
0,0,113,337,0,0,0,0,1,8,1,11,2022-04-30,22:57:21
1,1,112,336,0,0,0,0,0,7,1,11,2022-04-30,22:57:22
2,0,114,351,0,0,12,2,0,7,1,11,2022-04-30,22:57:23
1,0,100,325,0,0,0,0,0,5,1,5,2022-04-30,22:57:24
1,1,97,301,0,0,0,0,0,4,1,8,2022-04-30,22:57:25
1,0,110,323,0,0,0,0,0,7,1,11,2022-04-30,22:57:26
0,0,109,329,0,0,0,0,1,8,1,11,2022-04-30,22:57:27
2,1,117,352,0,0,12,2,1,8,1,11,2022-04-30,22:57:28
1,0,109,317,0,0,0,0,0,7,1,11,2022-04-30,22:57:29
1,0,113,339,0,0,8,1,1,8,1,11,2022-04-30,22:57:30
0,0,111,332,0,0,0,0,0,7,1,11,2022-04-30,22:57:31
1,0,113,325,0,0,0,0,0,7,1,11,2022-04-30,22:57:32
2,1,114,346,0,0,24,3,1,8,1,11,2022-04-30,22:57:33
1,1,113,335,0,0,0,0,0,7,1,11,2022-04-30,22:57:34
2,0,134,361,0,0,32,2,0,7,1,11,2022-04-30,22:57:35
1,1,119,340,0,0,0,0,1,8,1,11,2022-04-30,22:57:36
1,0,109,337,0,0,0,0,0,7,2,11,2022-04-30,22:57:37
0,0,122,360,0,0,24,2,0,7,1,11,2022-04-30,22:57:38
2,1,117,327,0,0,0,0,1,8,1,11,2022-04-30,22:57:39
1,0,130,362,0,0,0,0,0,7,1,11,2022-04-30,22:57:40
1,1,105,332,0,0,0,0,0,7,1,11,2022-04-30,22:57:41
2,1,115,336,0,0,0,0,1,8,1,11,2022-04-30,22:57:42
1,0,121,350,0,0,12,2,0,7,1,11,2022-04-30,22:57:43
1,0,117,335,0,0,0,0,0,7,1,11,2022-04-30,22:57:44
0,0,134,357,0,0,0,0,1,10,1,11,2022-04-30,22:57:45
1,0,117,321,0,0,0,0,0,7,1,11,2022-04-30,22:57:46
1,1,114,333,0,0,0,0,0,7,1,11,2022-04-30,22:57:47
1,0,126,359,0,0,12,2,1,8,1,11,2022-04-30,22:57:48
0,0,113,317,0,0,0,0,0,7,1,11,2022-04-30,22:57:49
2,1,118,338,0,0,0,0,1,8,1,11,2022-04-30,22:57:50
1,0,118,342,0,0,0,0,1,8,1,11,2022-04-30,22:57:51
0,0,115,340,0,0,0,0,0,7,1,10,2022-04-30,22:57:52
1,0,100,316,0,0,12,2,0,2,0,4,2022-04-30,22:57:53
0,0,111,319,0,0,0,0,1,7,1,10,2022-04-30,22:57:54
1,1,120,349,0,0,0,0,0,7,1,11,2022-04-30,22:57:55
0,0,118,335,0,0,0,0,0,7,1,11,2022-04-30,22:57:56
1,0,111,332,0,0,0,0,1,8,1,11,2022-04-30,22:57:57
1,0,127,363,0,0,12,2,0,7,1,11,2022-04-30,22:57:58
2,1,107,343,0,0,0,0,0,7,2,11,2022-04-30,22:57:59
1,0,124,338,0,0,0,0,1,8,1,11,2022-04-30,22:58:00
12,0,140,442,0,0,0,0,0,7,1,11,2022-04-30,22:58:01
1,0,121,346,0,0,0,0,0,7,1,11,2022-04-30,22:58:02
1,0,111,330,0,0,16,2,1,8,1,11,2022-04-30,22:58:03
1,0,111,333,0,0,0,0,0,7,1,11,2022-04-30,22:58:04
1,0,113,341,0,0,8,1,0,7,1,11,2022-04-30,22:58:05
1,0,118,337,0,0,0,0,1,8,1,11,2022-04-30,22:58:06
1,0,113,330,0,0,0,0,0,7,1,11,2022-04-30,22:58:07
0,0,124,360,0,0,24,3,0,7,1,11,2022-04-30,22:58:08
1,0,112,328,0,0,0,0,1,8,1,11,2022-04-30,22:58:09
1,0,112,332,0,0,16,4,0,7,1,11,2022-04-30,22:58:10
1,0,112,335,0,0,0,0,0,7,1,11,2022-04-30,22:58:11
0,0,118,348,0,0,0,0,1,8,1,11,2022-04-30,22:58:12
2,1,113,334,0,0,12,2,0,7,1,11,2022-04-30,22:58:13
1,1,116,339,0,0,0,0,0,7,1,11,2022-04-30,22:58:14
1,0,129,353,0,0,0,0,1,8,1,11,2022-04-30,22:58:15
1,0,115,338,0,0,0,0,0,7,1,11,2022-04-30,22:58:16
1,0,109,320,0,0,0,0,0,7,1,11,2022-04-30,22:58:17
1,0,127,359,0,0,12,2,1,8,1,11,2022-04-30,22:58:18
0,0,117,335,0,0,0,0,0,7,1,11,2022-04-30,22:58:19
2,1,113,331,0,0,0,0,0,6,1,10,2022-04-30,22:58:20
0,0,96,322,0,0,0,0,0,3,1,3,2022-04-30,22:58:21
2,1,114,334,0,0,0,0,0,7,1,11,2022-04-30,22:58:22
0,0,117,351,0,0,12,2,0,7,1,11,2022-04-30,22:58:23
2,0,113,323,0,0,0,0,1,8,1,11,2022-04-30,22:58:24
1,0,116,337,0,0,0,0,0,7,1,11,2022-04-30,22:58:25
0,0,121,342,0,0,0,0,0,7,1,11,2022-04-30,22:58:26
1,0,111,328,0,0,0,0,1,8,1,11,2022-04-30,22:58:27
1,1,121,359,0,0,12,2,0,7,1,11,2022-04-30,22:58:28
1,0,113,331,0,0,0,0,0,7,1,11,2022-04-30,22:58:29
2,0,120,335,0,0,0,0,1,8,1,11,2022-04-30,22:58:30
1,0,109,338,0,0,0,0,0,7,1,11,2022-04-30,22:58:31
1,0,118,343,0,0,0,0,0,7,1,11,2022-04-30,22:58:32
1,0,115,349,0,0,12,2,1,8,1,11,2022-04-30,22:58:33
1,1,114,320,0,0,0,0,0,7,1,11,2022-04-30,22:58:34
1,0,121,345,0,0,24,1,0,7,1,11,2022-04-30,22:58:35
2,1,122,354,0,0,0,0,1,8,1,11,2022-04-30,22:58:36
0,0,111,322,0,0,0,0,0,7,1,11,2022-04-30,22:58:37
1,0,148,416,0,0,44,2,0,7,1,11,2022-04-30,22:58:38
1,1,118,336,0,0,0,0,1,8,1,11,2022-04-30,22:58:39
1,0,124,336,0,0,8,1,0,7,1,11,2022-04-30,22:58:40
1,0,113,338,0,0,0,0,0,7,1,11,2022-04-30,22:58:41
0,0,119,347,0,0,0,0,1,8,1,11,2022-04-30,22:58:42
1,0,119,363,0,0,24,3,0,7,2,11,2022-04-30,22:58:43
0,0,111,320,0,0,0,0,0,7,1,11,2022-04-30,22:58:44
2,1,132,352,0,0,0,0,1,8,2,13,2022-04-30,22:58:45
1,0,118,335,0,0,0,0,0,7,1,11,2022-04-30,22:58:46
1,0,111,320,0,0,0,0,0,7,1,11,2022-04-30,22:58:47
1,0,125,357,0,0,12,2,1,8,1,11,2022-04-30,22:58:48
0,0,98,314,0,0,0,0,0,4,1,5,2022-04-30,22:58:49
1,1,102,302,0,0,0,0,0,4,1,8,2022-04-30,22:58:50
2,0,112,341,0,0,0,0,1,8,1,11,2022-04-30,22:58:51
1,0,118,343,0,0,0,0,0,7,1,11,2022-04-30,22:58:52
1,1,112,344,0,0,12,2,0,7,1,11,2022-04-30,22:58:53
0,0,114,325,0,0,0,0,1,8,1,11,2022-04-30,22:58:54
1,1,123,345,0,0,0,0,0,7,1,11,2022-04-30,22:58:55
1,0,121,343,0,0,0,0,0,7,1,11,2022-04-30,22:58:56
1,0,113,321,0,0,0,0,1,8,1,11,2022-04-30,22:58:57
1,1,121,322,0,0,12,2,0,7,1,11,2022-04-30,22:58:58
1,0,112,339,0,0,0,0,1,8,1,11,2022-04-30,22:58:59
1,0,122,348,0,0,0,0,1,9,1,11,2022-04-30,22:59:00
14,1,135,428,0,0,0,0,0,7,1,11,2022-04-30,22:59:01
3,1,118,349,0,0,0,0,0,7,1,11,2022-04-30,22:59:02
2,2,120,347,0,0,16,2,1,8,1,11,2022-04-30,22:59:03
1,0,112,324,0,0,0,0,0,7,1,11,2022-04-30,22:59:04
0,0,119,344,0,0,36,8,0,7,2,11,2022-04-30,22:59:05
2,1,117,343,0,0,0,0,1,8,1,11,2022-04-30,22:59:06
1,1,92,301,0,0,0,0,0,3,1,5,2022-04-30,22:59:07
1,0,110,336,0,0,12,2,0,5,1,8,2022-04-30,22:59:08
1,0,111,330,0,0,0,0,1,8,1,11,2022-04-30,22:59:09
1,0,115,340,0,0,0,0,0,7,1,11,2022-04-30,22:59:10
2,1,112,325,0,0,0,0,0,7,1,11,2022-04-30,22:59:11
0,0,116,346,0,0,0,0,1,8,1,11,2022-04-30,22:59:12
1,0,116,345,0,0,12,2,0,7,1,11,2022-04-30,22:59:13
1,0,111,321,0,0,0,0,0,7,1,11,2022-04-30,22:59:14
0,0,130,354,0,0,8,1,1,8,1,11,2022-04-30,22:59:15
1,0,119,335,0,0,0,0,1,8,1,11,2022-04-30,22:59:16
1,0,107,325,0,0,0,0,0,7,1,11,2022-04-30,22:59:17
2,1,122,356,0,0,24,3,1,8,1,11,2022-04-30,22:59:18
0,0,96,321,0,0,0,0,0,7,1,11,2022-04-30,22:59:19
1,0,129,348,0,0,0,0,0,7,1,11,2022-04-30,22:59:20
0,0,107,321,0,0,0,0,1,8,1,11,2022-04-30,22:59:21
1,0,117,345,0,0,0,0,0,7,1,11,2022-04-30,22:59:22
1,0,120,346,0,0,12,2,0,7,1,11,2022-04-30,22:59:23
1,0,115,337,0,0,0,0,1,8,1,11,2022-04-30,22:59:24
0,0,111,329,0,0,0,0,0,7,1,11,2022-04-30,22:59:25
1,0,121,349,0,0,0,0,0,7,1,11,2022-04-30,22:59:26
1,1,114,345,0,0,0,0,1,8,2,11,2022-04-30,22:59:27
0,0,129,345,0,0,12,2,0,7,1,11,2022-04-30,22:59:28
1,0,113,333,0,0,0,0,0,7,1,11,2022-04-30,22:59:29
1,0,118,344,0,0,0,0,1,8,1,10,2022-04-30,22:59:30
1,1,94,318,0,0,0,0,0,2,0,4,2022-04-30,22:59:31
0,0,105,309,0,0,0,0,0,6,1,10,2022-04-30,22:59:32
1,0,123,347,0,0,12,2,1,8,1,12,2022-04-30,22:59:33
2,1,120,343,0,0,0,0,1,8,1,12,2022-04-30,22:59:34
1,0,119,326,0,0,28,1,0,7,1,11,2022-04-30,22:59:35
0,0,117,322,0,0,0,0,1,8,1,11,2022-04-30,22:59:36
1,0,110,317,0,0,0,0,0,7,1,11,2022-04-30,22:59:37
1,0,123,347,0,0,24,2,0,7,1,11,2022-04-30,22:59:38
1,1,114,335,0,0,0,0,1,8,1,11,2022-04-30,22:59:39
1,0,130,352,0,0,16,4,0,7,1,11,2022-04-30,22:59:40
1,0,112,332,0,0,0,0,0,7,1,11,2022-04-30,22:59:41
1,1,122,333,0,0,0,0,1,8,1,11,2022-04-30,22:59:42
1,0,118,345,0,0,12,2,1,8,1,11,2022-04-30,22:59:43
1,0,117,331,0,0,0,0,0,7,1,11,2022-04-30,22:59:44
0,0,114,333,0,0,0,0,1,8,1,11,2022-04-30,22:59:45
1,0,114,335,0,0,0,0,0,7,1,11,2022-04-30,22:59:46
1,0,113,338,0,0,0,0,0,7,1,11,2022-04-30,22:59:47
1,0,121,356,0,0,12,2,1,8,1,11,2022-04-30,22:59:48
0,0,107,326,0,0,0,0,0,7,2,11,2022-04-30,22:59:49
1,0,120,341,0,0,4,1,0,7,1,11,2022-04-30,22:59:50
2,1,119,346,0,0,0,0,1,8,1,11,2022-04-30,22:59:51
0,0,114,333,0,0,0,0,0,7,1,11,2022-04-30,22:59:52
2,1,115,345,0,0,12,2,0,7,1,11,2022-04-30,22:59:53
1,0,116,333,0,0,0,0,1,8,1,11,2022-04-30,22:59:54
1,0,119,350,0,0,0,0,0,7,1,11,2022-04-30,22:59:55
1,0,124,346,0,0,0,0,0,7,1,11,2022-04-30,22:59:56
1,0,117,332,0,0,0,0,1,8,1,11,2022-04-30,22:59:57
0,0,121,350,0,0,12,2,0,7,1,10,2022-04-30,22:59:58
1,1,97,320,0,0,0,0,0,4,1,5,2022-04-30,22:59:59
2,0,106,326,0,0,0,0,0,5,1,8,2022-04-30,23:00:00
7,0,109,358,0,0,0,0,0,7,1,10,2022-04-30,23:00:01
1,1,105,333,0,0,0,0,0,7,1,11,2022-04-30,23:00:02
0,0,110,331,0,0,16,2,1,8,1,11,2022-04-30,23:00:03
2,1,109,328,0,0,0,0,0,7,1,11,2022-04-30,23:00:04
1,0,107,326,0,0,0,0,0,7,1,11,2022-04-30,23:00:05
1,0,112,328,0,0,0,0,1,8,1,11,2022-04-30,23:00:06
0,0,114,338,0,0,0,0,0,7,1,11,2022-04-30,23:00:07
1,1,122,356,0,0,12,2,0,7,1,11,2022-04-30,23:00:08
1,0,109,325,0,0,0,0,1,8,1,11,2022-04-30,23:00:09
1,0,117,331,0,0,0,0,0,7,1,11,2022-04-30,23:00:10
0,0,114,348,0,0,0,0,0,7,2,11,2022-04-30,23:00:11
0,0,119,349,0,0,0,0,1,8,1,11,2022-04-30,23:00:12
2,0,119,337,0,0,12,2,0,7,1,11,2022-04-30,23:00:13
0,0,113,328,0,0,0,0,0,7,1,11,2022-04-30,23:00:14
2,2,124,352,0,0,0,0,1,8,1,11,2022-04-30,23:00:15
1,0,114,323,0,0,0,0,0,7,1,11,2022-04-30,23:00:16
1,0,108,332,0,0,0,0,0,7,1,11,2022-04-30,23:00:17
1,0,125,356,0,0,12,2,1,8,1,11,2022-04-30,23:00:18
1,0,118,339,0,0,0,0,1,8,1,11,2022-04-30,23:00:19
1,0,123,334,0,0,4,1,0,7,1,11,2022-04-30,23:00:20
2,1,114,340,0,0,0,0,1,8,1,11,2022-04-30,23:00:21
1,0,115,344,0,0,0,0,0,7,1,11,2022-04-30,23:00:22
1,0,112,342,0,0,12,2,0,7,1,11,2022-04-30,23:00:23
0,0,117,347,0,0,0,0,1,8,1,11,2022-04-30,23:00:24
1,1,114,338,0,0,8,1,0,7,1,11,2022-04-30,23:00:25
2,0,122,344,0,0,0,0,0,7,1,11,2022-04-30,23:00:26
0,0,116,330,0,0,0,0,1,8,1,11,2022-04-30,23:00:27
1,0,110,351,0,0,24,3,0,4,1,5,2022-04-30,23:00:28
1,1,95,308,0,0,0,0,0,4,1,8,2022-04-30,23:00:29
1,0,109,309,0,0,0,0,1,8,1,11,2022-04-30,23:00:30
1,0,110,338,0,0,0,0,0,7,1,11,2022-04-30,23:00:31
1,0,119,344,0,0,0,0,0,7,1,11,2022-04-30,23:00:32
0,0,119,355,0,0,12,2,1,8,2,11,2022-04-30,23:00:33
2,1,114,326,0,0,0,0,0,7,1,11,2022-04-30,23:00:34
1,0,116,338,0,0,24,1,0,7,1,11,2022-04-30,23:00:35
1,0,124,347,0,0,0,0,1,8,1,11,2022-04-30,23:00:36
0,0,108,316,0,0,0,0,0,7,1,11,2022-04-30,23:00:37
1,0,124,362,0,0,24,2,0,7,1,11,2022-04-30,23:00:38
1,0,113,335,0,0,0,0,1,8,1,11,2022-04-30,23:00:39
1,0,122,352,0,0,0,0,0,7,1,11,2022-04-30,23:00:40
2,1,108,322,0,0,0,0,0,7,1,11,2022-04-30,23:00:41
1,0,123,344,0,0,0,0,1,9,1,12,2022-04-30,23:00:42
1,1,121,349,0,0,12,2,0,7,1,11,2022-04-30,23:00:43
0,0,120,326,0,0,0,0,0,7,1,11,2022-04-30,23:00:44
1,0,124,345,0,0,0,0,1,8,1,11,2022-04-30,23:00:45
2,1,119,333,0,0,0,0,0,7,1,11,2022-04-30,23:00:46
1,0,108,329,0,0,0,0,0,7,1,11,2022-04-30,23:00:47
2,0,158,416,0,0,12,2,1,8,1,11,2022-04-30,23:00:48
1,0,110,325,0,0,0,0,0,7,1,11,2022-04-30,23:00:49
0,0,116,346,0,0,0,0,0,7,1,11,2022-04-30,23:00:50
1,0,110,335,0,0,0,0,1,8,1,11,2022-04-30,23:00:51
1,0,121,343,0,0,0,0,0,7,1,11,2022-04-30,23:00:52
0,0,116,349,0,0,12,2,0,7,1,11,2022-04-30,23:00:53
1,0,116,325,0,0,0,0,1,8,1,11,2022-04-30,23:00:54
2,1,121,354,0,0,0,0,0,7,2,10,2022-04-30,23:00:55
0,0,106,331,0,0,0,0,0,2,0,4,2022-04-30,23:00:56
1,0,102,312,0,0,0,0,1,7,1,10,2022-04-30,23:00:57
1,0,119,346,0,0,12,2,0,7,1,11,2022-04-30,23:00:58
1,0,109,336,0,0,0,0,0,7,1,11,2022-04-30,23:00:59
1,0,131,350,0,0,16,3,1,8,1,11,2022-04-30,23:01:00
6,0,118,367,0,0,0,0,0,7,1,11,2022-04-30,23:01:01
0,0,126,351,0,0,0,0,0,7,1,11,2022-04-30,23:01:02
1,0,119,353,0,0,28,3,1,8,1,11,2022-04-30,23:01:03
1,0,117,335,0,0,0,0,0,7,1,11,2022-04-30,23:01:04
0,0,112,319,0,0,0,0,0,7,1,11,2022-04-30,23:01:05
2,2,131,358,0,0,0,0,1,10,2,13,2022-04-30,23:01:06
1,0,109,331,0,0,0,0,0,7,1,11,2022-04-30,23:01:07
1,0,122,354,0,0,12,2,0,7,1,11,2022-04-30,23:01:08
1,0,119,336,0,0,0,0,1,8,1,11,2022-04-30,23:01:09
1,0,117,337,0,0,0,0,0,7,1,11,2022-04-30,23:01:10
1,0,118,331,0,0,0,0,1,8,1,12,2022-04-30,23:01:11
1,0,116,344,0,0,0,0,1,8,1,11,2022-04-30,23:01:12
0,0,119,349,0,0,12,2,0,7,1,11,2022-04-30,23:01:13
1,0,113,334,0,0,0,0,0,7,1,11,2022-04-30,23:01:14
1,0,123,342,0,0,0,0,1,8,1,11,2022-04-30,23:01:15
1,0,115,332,0,0,0,0,0,7,1,11,2022-04-30,23:01:16
1,1,116,338,0,0,0,0,0,7,2,11,2022-04-30,23:01:17
1,0,123,342,0,0,12,2,1,8,1,11,2022-04-30,23:01:18
1,0,115,340,0,0,0,0,0,7,1,11,2022-04-30,23:01:19
2,0,121,352,0,0,0,0,0,7,1,11,2022-04-30,23:01:20
0,0,120,347,0,0,0,0,1,8,1,11,2022-04-30,23:01:21
1,0,113,330,0,0,0,0,0,7,1,11,2022-04-30,23:01:22
2,0,117,359,0,0,12,2,0,7,1,11,2022-04-30,23:01:23
0,0,112,338,0,0,0,0,1,7,1,10,2022-04-30,23:01:24
1,0,94,302,0,0,0,0,0,2,0,3,2022-04-30,23:01:25
1,0,116,330,0,0,0,0,0,7,1,11,2022-04-30,23:01:26
0,0,117,344,0,0,0,0,1,8,1,11,2022-04-30,23:01:27
0,0,113,339,0,0,12,2,0,7,1,11,2022-04-30,23:01:28
1,0,118,337,0,0,0,0,0,7,1,11,2022-04-30,23:01:29
2,0,118,339,0,0,0,0,1,8,1,11,2022-04-30,23:01:30
0,0,110,325,0,0,36,2,0,7,1,11,2022-04-30,23:01:31
2,1,114,341,0,0,0,0,0,7,1,11,2022-04-30,23:01:32
0,0,121,356,0,0,36,3,1,8,1,11,2022-04-30,23:01:33
1,0,111,333,0,0,0,0,0,7,1,11,2022-04-30,23:01:34
2,0,118,328,0,0,0,0,0,7,1,11,2022-04-30,23:01:35
0,0,126,340,0,0,20,5,1,8,1,11,2022-04-30,23:01:36
1,0,112,327,0,0,0,0,0,7,1,11,2022-04-30,23:01:37
1,0,125,342,0,0,12,2,0,7,1,11,2022-04-30,23:01:38
1,0,120,350,0,0,0,0,1,8,2,11,2022-04-30,23:01:39
1,0,123,350,0,0,0,0,0,7,1,11,2022-04-30,23:01:40
0,0,117,339,0,0,0,0,0,7,1,11,2022-04-30,23:01:41
1,0,113,332,0,0,0,0,1,8,1,11,2022-04-30,23:01:42
1,1,114,352,0,0,12,2,0,7,1,11,2022-04-30,23:01:43
1,0,115,334,0,0,0,0,0,7,1,11,2022-04-30,23:01:44
2,1,123,338,0,0,0,0,1,8,1,11,2022-04-30,23:01:45
0,0,115,328,0,0,0,0,0,7,1,11,2022-04-30,23:01:46
1,0,118,338,0,0,0,0,0,7,1,11,2022-04-30,23:01:47
1,0,118,354,0,0,12,2,1,8,1,11,2022-04-30,23:01:48
1,0,111,324,0,0,0,0,0,7,1,11,2022-04-30,23:01:49
2,0,120,342,0,0,0,0,0,7,1,11,2022-04-30,23:01:50
0,0,115,346,0,0,0,0,1,8,1,11,2022-04-30,23:01:51
2,0,113,324,0,0,0,0,0,7,1,10,2022-04-30,23:01:52
0,0,93,326,0,0,12,2,0,1,0,3,2022-04-30,23:01:53
1,0,109,316,0,0,0,0,1,8,1,11,2022-04-30,23:01:54
1,1,118,331,0,0,0,0,1,8,1,11,2022-04-30,23:01:55
1,0,125,352,0,0,0,0,1,9,1,11,2022-04-30,23:01:56
2,0,112,333,0,0,0,0,1,8,1,11,2022-04-30,23:01:57
0,0,127,356,0,0,12,2,0,7,1,11,2022-04-30,23:01:58
1,1,111,323,0,0,0,0,0,7,1,10,2022-04-30,23:01:59
1,0,124,356,0,0,0,0,1,8,1,11,2022-04-30,23:02:00
12,1,135,444,0,0,4,1,0,7,2,11,2022-04-30,23:02:01
2,1,116,330,0,0,0,0,0,7,1,11,2022-04-30,23:02:02
0,0,122,348,0,0,16,2,1,8,1,11,2022-04-30,23:02:03
2,1,118,339,0,0,0,0,0,7,1,11,2022-04-30,23:02:04
0,0,116,329,0,0,0,0,0,7,1,11,2022-04-30,23:02:05
2,0,111,334,0,0,8,1,1,8,1,11,2022-04-30,23:02:06
1,1,116,340,0,0,0,0,0,7,1,11,2022-04-30,23:02:07
0,0,122,358,0,0,24,3,0,7,1,11,2022-04-30,23:02:08
1,0,111,318,0,0,0,0,1,8,1,11,2022-04-30,23:02:09
1,0,118,345,0,0,0,0,0,7,1,11,2022-04-30,23:02:10
1,0,117,341,0,0,12,3,0,7,1,11,2022-04-30,23:02:11
1,1,124,349,0,0,0,0,1,8,1,11,2022-04-30,23:02:12
1,0,114,336,0,0,12,2,0,7,1,11,2022-04-30,23:02:13
0,0,118,336,0,0,0,0,0,7,1,11,2022-04-30,23:02:14
2,0,124,353,0,0,0,0,1,8,1,11,2022-04-30,23:02:15
0,0,115,329,0,0,0,0,0,7,1,11,2022-04-30,23:02:16
1,0,112,329,0,0,0,0,0,7,1,11,2022-04-30,23:02:17
1,0,120,354,0,0,12,2,1,9,1,11,2022-04-30,23:02:18
0,0,117,331,0,0,0,0,1,8,1,11,2022-04-30,23:02:19
2,0,124,333,0,0,0,0,0,7,1,11,2022-04-30,23:02:20
0,0,94,322,0,0,0,0,0,3,0,4,2022-04-30,23:02:21
1,0,106,322,0,0,0,0,0,6,1,10,2022-04-30,23:02:22
1,0,117,359,0,0,12,2,0,7,2,11,2022-04-30,23:02:23
1,0,114,336,0,0,0,0,1,8,1,11,2022-04-30,23:02:24
1,0,113,333,0,0,0,0,0,7,1,11,2022-04-30,23:02:25
2,1,124,344,0,0,0,0,0,7,1,11,2022-04-30,23:02:26
1,0,113,333,0,0,0,0,1,8,1,11,2022-04-30,23:02:27
0,0,117,352,0,0,12,2,0,7,1,11,2022-04-30,23:02:28
0,0,103,323,0,0,0,0,0,7,1,11,2022-04-30,23:02:29
2,1,116,324,0,0,0,0,1,8,1,11,2022-04-30,23:02:30
0,0,118,340,0,0,24,1,0,7,1,11,2022-04-30,23:02:31
1,1,119,348,0,0,0,0,0,7,1,11,2022-04-30,23:02:32
7,4,146,683,0,0,92,5,1,9,2,12,2022-04-30,23:02:33
1,1,115,339,0,0,0,0,0,7,1,11,2022-04-30,23:02:34
1,0,116,338,0,0,0,0,0,7,1,11,2022-04-30,23:02:35
1,0,113,331,0,0,0,0,1,8,1,11,2022-04-30,23:02:36
1,1,114,329,0,0,0,0,0,7,1,11,2022-04-30,23:02:37
1,0,125,348,0,0,0,0,1,8,1,12,2022-04-30,23:02:38
1,0,118,346,0,0,16,2,1,8,1,11,2022-04-30,23:02:39
1,0,119,338,0,0,0,0,0,7,1,11,2022-04-30,23:02:40
1,0,115,339,0,0,4,1,0,7,1,11,2022-04-30,23:02:41
1,0,116,346,0,0,0,0,1,8,1,11,2022-04-30,23:02:42
1,0,117,329,0,0,0,0,0,7,1,11,2022-04-30,23:02:43
1,0,118,339,0,0,12,2,0,7,1,11,2022-04-30,23:02:44
1,0,122,355,0,0,0,0,1,8,2,11,2022-04-30,23:02:45
1,0,113,329,0,0,0,0,1,9,1,11,2022-04-30,23:02:46
1,0,111,337,0,0,0,0,0,7,1,11,2022-04-30,23:02:47
0,0,122,348,0,0,0,0,1,8,1,11,2022-04-30,23:02:48
1,0,118,340,0,0,12,2,0,7,1,10,2022-04-30,23:02:49
1,1,97,305,0,0,0,0,0,2,0,4,2022-04-30,23:02:50
1,1,110,324,0,0,0,0,1,7,1,10,2022-04-30,23:02:51
0,0,117,340,0,0,0,0,0,7,1,11,2022-04-30,23:02:52
1,0,110,328,0,0,0,0,0,7,1,11,2022-04-30,23:02:53
0,0,126,340,0,0,12,2,1,8,1,11,2022-04-30,23:02:54
1,1,119,350,0,0,0,0,0,7,1,11,2022-04-30,23:02:55
1,0,116,338,0,0,0,0,0,7,1,11,2022-04-30,23:02:56
1,0,112,327,0,0,0,0,1,8,1,11,2022-04-30,23:02:57
1,0,155,410,0,0,0,0,0,7,1,11,2022-04-30,23:02:58
2,1,121,349,0,0,12,2,0,7,1,11,2022-04-30,23:02:59
2,1,123,333,0,0,0,0,1,8,1,11,2022-04-30,23:03:00
16,1,132,462,0,0,0,0,0,7,1,11,2022-04-30,23:03:01
1,1,108,334,0,0,0,0,0,7,1,11,2022-04-30,23:03:02
2,0,112,325,0,0,0,0,1,8,1,11,2022-04-30,23:03:03
0,0,113,336,0,0,16,2,0,7,1,11,2022-04-30,23:03:04
2,1,118,337,0,0,0,0,0,7,1,11,2022-04-30,23:03:05
1,0,126,345,0,0,64,15,1,8,1,11,2022-04-30,23:03:06
1,0,110,330,0,0,0,0,0,7,2,11,2022-04-30,23:03:07
1,1,119,351,0,0,0,0,0,7,1,11,2022-04-30,23:03:08
1,0,113,337,0,0,12,2,1,8,1,11,2022-04-30,23:03:09
2,0,119,330,0,0,0,0,0,7,1,11,2022-04-30,23:03:10
0,0,116,339,0,0,0,0,1,8,1,11,2022-04-30,23:03:11
1,0,118,344,0,0,0,0,1,8,1,11,2022-04-30,23:03:12
1,0,109,331,0,0,0,0,0,7,1,11,2022-04-30,23:03:13
1,1,116,332,0,0,12,2,0,7,1,11,2022-04-30,23:03:14
0,0,121,354,0,0,0,0,1,8,1,11,2022-04-30,23:03:15
1,0,119,340,0,0,8,1,0,7,1,11,2022-04-30,23:03:16
1,0,97,307,0,0,0,0,0,4,1,5,2022-04-30,23:03:17
1,1,102,307,0,0,0,0,0,5,1,8,2022-04-30,23:03:18
1,0,115,339,0,0,24,3,0,7,1,11,2022-04-30,23:03:19
0,0,116,335,0,0,0,0,0,7,1,11,2022-04-30,23:03:20
1,0,111,338,0,0,0,0,1,8,1,11,2022-04-30,23:03:21
1,0,122,350,0,0,0,0,0,7,1,11,2022-04-30,23:03:22
1,0,116,336,0,0,0,0,0,7,1,11,2022-04-30,23:03:23
2,1,110,334,0,0,12,2,1,8,1,11,2022-04-30,23:03:24
1,0,111,326,0,0,0,0,0,7,1,11,2022-04-30,23:03:25
0,0,124,352,0,0,0,0,0,7,1,11,2022-04-30,23:03:26
2,1,112,328,0,0,0,0,1,8,1,11,2022-04-30,23:03:27
1,0,120,346,0,0,0,0,0,7,1,11,2022-04-30,23:03:28
1,1,114,349,0,0,12,2,0,7,2,11,2022-04-30,23:03:29
2,0,119,332,0,0,0,0,1,8,1,11,2022-04-30,23:03:30
1,1,117,338,0,0,28,1,0,7,1,11,2022-04-30,23:03:31
1,0,118,344,0,0,0,0,0,7,1,11,2022-04-30,23:03:32
1,1,114,338,0,0,0,0,1,8,1,11,2022-04-30,23:03:33
2,1,120,326,0,0,24,2,0,7,1,11,2022-04-30,23:03:34
2,0,116,338,0,0,0,0,0,7,1,11,2022-04-30,23:03:35
0,0,121,340,0,0,0,0,1,8,1,11,2022-04-30,23:03:36
1,0,115,332,0,0,0,0,0,7,1,11,2022-04-30,23:03:37
1,0,118,350,0,0,0,0,0,7,1,11,2022-04-30,23:03:38
1,0,115,344,0,0,12,2,1,8,1,11,2022-04-30,23:03:39
1,1,115,330,0,0,0,0,0,7,1,11,2022-04-30,23:03:40
2,1,102,328,0,0,16,4,0,7,1,11,2022-04-30,23:03:41
1,0,111,337,0,0,0,0,1,8,1,11,2022-04-30,23:03:42
1,0,105,321,0,0,0,0,0,7,1,11,2022-04-30,23:03:43
1,0,95,320,0,0,12,2,0,2,0,3,2022-04-30,23:03:44
0,0,109,321,0,0,0,0,1,7,1,10,2022-04-30,23:03:45
0,0,115,336,0,0,0,0,0,7,1,11,2022-04-30,23:03:46
2,1,110,326,0,0,0,0,0,7,1,11,2022-04-30,23:03:47
2,1,121,355,0,0,0,0,1,8,1,11,2022-04-30,23:03:48
0,0,113,335,0,0,12,2,0,7,1,11,2022-04-30,23:03:49
1,0,119,327,0,0,0,0,0,7,1,11,2022-04-30,23:03:50
2,1,112,345,0,0,8,1,1,8,2,11,2022-04-30,23:03:51
2,1,114,341,0,0,0,0,0,7,1,11,2022-04-30,23:03:52
1,1,103,324,0,0,0,0,0,7,1,11,2022-04-30,23:03:53
1,0,122,343,0,0,24,3,1,8,1,11,2022-04-30,23:03:54
0,0,117,345,0,0,0,0,0,7,1,11,2022-04-30,23:03:55
2,1,122,346,0,0,0,0,0,7,1,11,2022-04-30,23:03:56
1,0,109,317,0,0,0,0,1,8,1,11,2022-04-30,23:03:57
1,0,122,354,0,0,0,0,0,7,1,11,2022-04-30,23:03:58
1,0,113,340,0,0,12,2,0,7,1,11,2022-04-30,23:03:59
1,1,119,334,0,0,0,0,1,8,1,11,2022-04-30,23:04:00
10,0,133,421,0,0,0,0,0,7,1,11,2022-04-30,23:04:01
2,1,118,351,0,0,0,0,0,7,1,11,2022-04-30,23:04:02
0,0,116,341,0,0,0,0,1,8,1,11,2022-04-30,23:04:03
2,1,118,338,0,0,16,2,0,7,1,11,2022-04-30,23:04:04
1,0,114,340,0,0,0,0,0,7,1,11,2022-04-30,23:04:05
1,0,114,330,0,0,0,0,1,8,1,11,2022-04-30,23:04:06
1,0,109,325,0,0,0,0,0,7,1,11,2022-04-30,23:04:07
2,1,119,350,0,0,0,0,0,7,1,11,2022-04-30,23:04:08
1,0,115,344,0,0,12,2,1,8,1,11,2022-04-30,23:04:09
1,0,116,326,0,0,0,0,0,7,1,11,2022-04-30,23:04:10
0,0,120,341,0,0,0,0,0,7,1,11,2022-04-30,23:04:11
1,0,103,323,0,0,0,0,0,4,1,5,2022-04-30,23:04:12
1,0,102,331,0,0,0,0,0,5,1,7,2022-04-30,23:04:13
0,0,115,331,0,0,12,2,0,7,1,11,2022-04-30,23:04:14
0,0,124,350,0,0,0,0,1,8,1,11,2022-04-30,23:04:15
1,0,115,337,0,0,12,3,0,7,1,11,2022-04-30,23:04:16
1,0,108,324,0,0,0,0,0,7,1,11,2022-04-30,23:04:17
1,0,122,357,0,0,0,0,1,8,1,11,2022-04-30,23:04:18
1,0,114,337,0,0,0,0,0,7,1,11,2022-04-30,23:04:19
1,0,121,343,0,0,12,2,0,7,1,11,2022-04-30,23:04:20
1,0,108,328,0,0,0,0,1,8,1,11,2022-04-30,23:04:21
1,0,122,345,0,0,0,0,0,7,1,11,2022-04-30,23:04:22
1,0,116,340,0,0,0,0,0,7,1,11,2022-04-30,23:04:23
0,0,113,330,0,0,0,0,1,8,1,11,2022-04-30,23:04:24
1,0,114,342,0,0,12,2,0,7,1,11,2022-04-30,23:04:25
1,0,119,344,0,0,8,1,0,7,1,11,2022-04-30,23:04:26
0,0,110,328,0,0,0,0,1,8,1,11,2022-04-30,23:04:27
2,1,119,339,0,0,0,0,0,7,1,11,2022-04-30,23:04:28
1,1,114,331,0,0,0,0,0,7,1,11,2022-04-30,23:04:29
1,0,122,343,0,0,24,3,1,8,1,11,2022-04-30,23:04:30
1,1,115,340,0,0,24,1,0,7,1,11,2022-04-30,23:04:31
1,0,116,339,0,0,0,0,0,7,1,11,2022-04-30,23:04:32
2,2,113,340,0,0,0,0,1,8,1,11,2022-04-30,23:04:33
1,0,109,319,0,0,0,0,0,7,1,11,2022-04-30,23:04:34
0,0,117,350,0,0,24,2,0,7,2,11,2022-04-30,23:04:35
1,0,120,342,0,0,0,0,1,8,1,11,2022-04-30,23:04:36
2,1,121,329,0,0,0,0,0,7,1,11,2022-04-30,23:04:37
0,0,117,343,0,0,0,0,0,7,1,11,2022-04-30,23:04:38
1,0,118,344,0,0,0,0,1,8,1,11,2022-04-30,23:04:39
1,0,115,338,0,0,12,2,0,4,0,5,2022-04-30,23:04:40
1,0,96,307,0,0,0,0,0,4,1,8,2022-04-30,23:04:41
1,0,110,328,0,0,0,0,1,8,1,11,2022-04-30,23:04:42
1,0,112,344,0,0,0,0,0,7,1,11,2022-04-30,23:04:43
1,0,117,324,0,0,0,0,0,7,1,11,2022-04-30,23:04:44
0,0,121,347,0,0,12,2,1,8,1,11,2022-04-30,23:04:45
1,0,119,344,0,0,0,0,0,7,1,11,2022-04-30,23:04:46
2,1,107,328,0,0,0,0,0,7,1,11,2022-04-30,23:04:47
1,0,120,352,0,0,0,0,1,8,1,11,2022-04-30,23:04:48
1,1,112,331,0,0,0,0,0,7,1,11,2022-04-30,23:04:49
1,0,115,330,0,0,12,2,0,7,1,11,2022-04-30,23:04:50
1,0,115,342,0,0,16,4,1,8,1,11,2022-04-30,23:04:51
0,0,119,347,0,0,0,0,1,8,1,11,2022-04-30,23:04:52
2,1,113,338,0,0,0,0,0,7,1,11,2022-04-30,23:04:53
0,0,121,328,0,0,0,0,1,8,1,11,2022-04-30,23:04:54
1,1,116,352,0,0,12,2,0,7,1,11,2022-04-30,23:04:55
1,0,128,351,0,0,0,0,0,7,1,11,2022-04-30,23:04:56
1,0,107,329,0,0,0,0,1,8,2,11,2022-04-30,23:04:57
1,0,120,340,0,0,0,0,0,7,1,11,2022-04-30,23:04:58
1,0,117,331,0,0,0,0,0,7,1,11,2022-04-30,23:04:59
2,1,130,349,0,0,12,2,1,8,1,11,2022-04-30,23:05:00
7,0,125,391,0,0,8,2,0,7,1,11,2022-04-30,23:05:01
0,0,120,342,0,0,0,0,0,7,1,11,2022-04-30,23:05:02
1,0,112,333,0,0,0,0,1,8,1,11,2022-04-30,23:05:03
2,1,117,332,0,0,0,0,0,7,1,11,2022-04-30,23:05:04
0,0,110,339,0,0,28,3,0,7,1,11,2022-04-30,23:05:05
1,0,120,340,0,0,0,0,1,8,1,11,2022-04-30,23:05:06
2,1,112,326,0,0,0,0,0,7,1,11,2022-04-30,23:05:07
2,0,156,414,0,0,0,0,0,7,1,11,2022-04-30,23:05:08
0,0,102,330,0,0,0,0,0,6,1,10,2022-04-30,23:05:09
1,0,104,308,0,0,12,2,0,3,0,3,2022-04-30,23:05:10
1,0,109,320,0,0,0,0,0,7,1,11,2022-04-30,23:05:11
1,0,120,348,0,0,0,0,1,8,1,11,2022-04-30,23:05:12
1,0,114,336,0,0,0,0,0,7,1,11,2022-04-30,23:05:13
0,0,116,328,0,0,0,0,0,7,1,11,2022-04-30,23:05:14
2,2,123,355,0,0,12,2,1,8,1,11,2022-04-30,23:05:15
1,0,115,333,0,0,0,0,0,7,1,11,2022-04-30,23:05:16
2,0,107,314,0,0,0,0,0,7,1,11,2022-04-30,23:05:17
0,0,120,350,0,0,0,0,1,8,1,11,2022-04-30,23:05:18
1,0,112,337,0,0,0,0,0,7,2,11,2022-04-30,23:05:19
1,0,122,349,0,0,12,2,0,7,1,11,2022-04-30,23:05:20
2,1,109,335,0,0,0,0,1,8,1,11,2022-04-30,23:05:21
0,0,124,352,0,0,0,0,0,7,1,11,2022-04-30,23:05:22
1,0,112,332,0,0,0,0,0,7,1,11,2022-04-30,23:05:23
1,1,112,337,0,0,0,0,1,8,1,11,2022-04-30,23:05:24
1,0,117,348,0,0,12,2,0,7,1,11,2022-04-30,23:05:25
1,0,116,344,0,0,12,3,0,7,1,11,2022-04-30,23:05:26
1,0,111,322,0,0,0,0,1,8,1,11,2022-04-30,23:05:27
0,0,119,346,0,0,0,0,0,7,1,11,2022-04-30,23:05:28
2,1,111,329,0,0,0,0,0,7,1,11,2022-04-30,23:05:29
1,1,117,331,0,0,12,2,1,8,1,11,2022-04-30,23:05:30
1,0,116,339,0,0,28,1,0,7,1,11,2022-04-30,23:05:31
2,1,111,345,0,0,0,0,0,7,1,11,2022-04-30,23:05:32
0,0,120,351,0,0,0,0,1,8,1,11,2022-04-30,23:05:33
0,0,110,318,0,0,0,0,0,7,1,11,2022-04-30,23:05:34
2,1,123,345,0,0,24,2,0,7,1,11,2022-04-30,23:05:35
1,0,116,319,0,0,8,1,1,8,1,11,2022-04-30,23:05:36
0,0,116,310,0,0,0,0,0,7,1,11,2022-04-30,23:05:37
1,0,98,320,0,0,0,0,0,2,0,3,2022-04-30,23:05:38
1,0,107,318,0,0,0,0,1,8,1,10,2022-04-30,23:05:39
1,0,118,334,0,0,24,3,0,7,1,11,2022-04-30,23:05:40
2,1,120,349,0,0,0,0,0,7,2,11,2022-04-30,23:05:41
1,1,111,339,0,0,0,0,1,8,1,11,2022-04-30,23:05:42
2,0,118,333,0,0,0,0,0,7,1,11,2022-04-30,23:05:43
0,0,107,327,0,0,0,0,0,7,1,11,2022-04-30,23:05:44
1,0,130,355,0,0,12,2,1,8,1,11,2022-04-30,23:05:45
1,0,108,334,0,0,0,0,0,7,1,11,2022-04-30,23:05:46
1,0,118,325,0,0,0,0,1,8,1,11,2022-04-30,23:05:47
1,0,119,343,0,0,0,0,1,8,1,11,2022-04-30,23:05:48
1,0,116,335,0,0,0,0,0,7,1,11,2022-04-30,23:05:49
2,1,115,333,0,0,12,2,0,7,1,11,2022-04-30,23:05:50
1,1,120,350,0,0,0,0,1,8,1,11,2022-04-30,23:05:51
1,0,118,341,0,0,0,0,0,7,1,11,2022-04-30,23:05:52
1,0,116,331,0,0,0,0,0,7,1,11,2022-04-30,23:05:53
1,0,109,334,0,0,0,0,1,8,1,11,2022-04-30,23:05:54
2,1,125,352,0,0,12,2,0,7,1,11,2022-04-30,23:05:55
0,0,118,343,0,0,0,0,0,7,1,11,2022-04-30,23:05:56
2,0,116,326,0,0,0,0,1,8,1,11,2022-04-30,23:05:57
1,0,113,340,0,0,0,0,0,7,1,11,2022-04-30,23:05:58
2,1,124,344,0,0,0,0,0,7,1,11,2022-04-30,23:05:59
2,0,119,335,0,0,12,2,1,8,1,11,2022-04-30,23:06:00
10,2,133,403,0,0,8,2,0,7,1,11,2022-04-30,23:06:01
2,1,116,341,0,0,0,0,0,7,1,11,2022-04-30,23:06:02
1,0,118,346,0,0,0,0,1,8,2,11,2022-04-30,23:06:03
1,1,113,334,0,0,0,0,0,7,1,11,2022-04-30,23:06:04
1,0,115,339,0,0,16,2,0,5,1,10,2022-04-30,23:06:05
1,0,108,325,0,0,0,0,1,6,1,5,2022-04-30,23:06:06
0,0,117,316,0,0,0,0,0,7,1,11,2022-04-30,23:06:07
1,0,122,350,0,0,0,0,0,7,1,11,2022-04-30,23:06:08
1,0,116,342,0,0,0,0,1,8,1,11,2022-04-30,23:06:09
1,0,118,335,0,0,12,2,0,7,1,11,2022-04-30,23:06:10
2,1,119,342,0,0,4,1,1,8,1,12,2022-04-30,23:06:11
1,0,114,341,0,0,0,0,1,8,1,11,2022-04-30,23:06:12
1,0,112,331,0,0,0,0,0,7,1,11,2022-04-30,23:06:13
1,0,114,327,0,0,0,0,0,7,1,11,2022-04-30,23:06:14
1,0,131,359,0,0,12,2,0,7,1,11,2022-04-30,23:06:15
0,0,116,335,0,0,0,0,1,8,1,11,2022-04-30,23:06:16
1,0,114,324,0,0,0,0,0,7,1,11,2022-04-30,23:06:17
1,1,118,351,0,0,0,0,1,8,1,11,2022-04-30,23:06:18
1,0,118,339,0,0,0,0,0,7,1,11,2022-04-30,23:06:19
2,0,124,337,0,0,12,2,0,7,1,11,2022-04-30,23:06:20
0,0,123,345,0,0,0,0,1,8,1,11,2022-04-30,23:06:21
1,0,118,346,0,0,0,0,0,7,1,11,2022-04-30,23:06:22
1,0,120,349,0,0,0,0,0,7,1,11,2022-04-30,23:06:23
1,1,110,315,0,0,0,0,1,8,1,11,2022-04-30,23:06:24
1,0,121,356,0,0,12,2,0,7,2,11,2022-04-30,23:06:25
1,0,124,352,0,0,0,0,1,9,1,11,2022-04-30,23:06:26
2,1,113,333,0,0,0,0,1,8,1,11,2022-04-30,23:06:27
1,0,118,350,0,0,0,0,0,7,1,11,2022-04-30,23:06:28
0,0,119,339,0,0,0,0,0,7,1,11,2022-04-30,23:06:29
2,1,121,337,0,0,16,2,1,8,1,11,2022-04-30,23:06:30
2,1,120,344,0,0,24,1,0,7,1,11,2022-04-30,23:06:31
1,0,114,346,0,0,0,0,0,7,1,11,2022-04-30,23:06:32
1,1,118,329,0,0,0,0,0,7,1,11,2022-04-30,23:06:33
1,0,103,328,0,0,0,0,0,5,1,5,2022-04-30,23:06:34
2,2,103,325,0,0,24,2,0,4,1,8,2022-04-30,23:06:35
0,0,113,321,0,0,16,4,1,8,1,11,2022-04-30,23:06:36
1,0,117,332,0,0,0,0,0,7,1,11,2022-04-30,23:06:37
1,1,115,345,0,0,0,0,0,7,1,11,2022-04-30,23:06:38
1,0,118,335,0,0,0,0,1,8,1,11,2022-04-30,23:06:39
1,1,104,333,0,0,12,2,0,7,1,11,2022-04-30,23:06:40
2,1,104,328,0,0,0,0,0,7,1,11,2022-04-30,23:06:41
1,0,107,318,0,0,0,0,0,7,1,11,2022-04-30,23:06:42
1,0,115,337,0,0,0,0,1,8,1,11,2022-04-30,23:06:43
1,0,105,328,0,0,0,0,0,7,1,11,2022-04-30,23:06:44
0,0,98,321,0,0,12,2,0,3,1,5,2022-04-30,23:06:45
1,0,79,275,0,0,8,1,0,2,0,2,2022-04-30,23:06:46
0,0,81,295,0,0,0,0,0,1,0,2,2022-04-30,23:06:47
1,0,83,297,0,0,0,0,0,2,0,2,2022-04-30,23:06:48
1,1,87,290,0,0,0,0,0,5,1,8,2022-04-30,23:06:49
2,1,109,338,0,0,24,3,0,7,1,11,2022-04-30,23:06:50
1,0,110,332,0,0,0,0,0,7,1,11,2022-04-30,23:06:51
1,0,107,335,0,0,0,0,1,8,1,11,2022-04-30,23:06:52
1,0,112,322,0,0,0,0,0,7,1,11,2022-04-30,23:06:53
1,0,100,323,0,0,0,0,0,7,1,11,2022-04-30,23:06:54
1,0,119,352,0,0,12,2,1,8,1,11,2022-04-30,23:06:55
1,1,110,326,0,0,0,0,0,7,1,11,2022-04-30,23:06:56
1,0,103,325,0,0,0,0,1,8,1,11,2022-04-30,23:06:57
1,0,105,334,0,0,0,0,0,7,1,11,2022-04-30,23:06:58
1,0,110,330,0,0,0,0,0,7,1,11,2022-04-30,23:06:59
2,1,111,331,0,0,12,2,0,7,1,11,2022-04-30,23:07:00
9,0,128,402,0,0,4,1,1,8,1,11,2022-04-30,23:07:01
1,1,99,332,0,0,0,0,0,7,1,11,2022-04-30,23:07:02
1,0,109,322,0,0,0,0,0,7,1,11,2022-04-30,23:07:03
1,0,106,320,0,0,0,0,1,9,1,12,2022-04-30,23:07:04
0,0,102,331,0,0,16,2,1,8,1,11,2022-04-30,23:07:05
1,0,101,305,0,0,0,0,0,7,1,11,2022-04-30,23:07:06
1,0,114,344,0,0,0,0,1,8,1,11,2022-04-30,23:07:07
1,0,108,333,0,0,0,0,0,7,1,11,2022-04-30,23:07:08
1,0,108,337,0,0,0,0,1,8,2,11,2022-04-30,23:07:09
1,0,99,317,0,0,12,2,0,7,1,11,2022-04-30,23:07:10
1,0,98,337,0,0,0,0,1,8,1,10,2022-04-30,23:07:11
1,0,87,306,0,0,0,0,0,2,0,3,2022-04-30,23:07:12
0,0,105,308,0,0,0,0,1,8,1,11,2022-04-30,23:07:13
0,0,101,321,0,0,0,0,0,7,1,11,2022-04-30,23:07:14
1,1,113,347,0,0,12,2,0,7,1,11,2022-04-30,23:07:15
1,0,103,323,0,0,0,0,1,8,1,11,2022-04-30,23:07:16
2,1,106,315,0,0,0,0,0,7,1,11,2022-04-30,23:07:17
2,0,133,393,0,0,0,0,1,8,1,11,2022-04-30,23:07:18
0,0,112,329,0,0,0,0,0,7,1,11,2022-04-30,23:07:19
1,0,116,329,0,0,12,2,0,7,1,11,2022-04-30,23:07:20
1,0,113,332,0,0,12,2,0,7,1,11,2022-04-30,23:07:21
1,1,109,332,0,0,0,0,1,8,1,11,2022-04-30,23:07:22
1,1,110,336,0,0,0,0,0,7,1,11,2022-04-30,23:07:23
1,0,100,313,0,0,0,0,0,7,1,11,2022-04-30,23:07:24
1,0,112,341,0,0,24,3,1,8,1,11,2022-04-30,23:07:25
2,0,104,334,0,0,0,0,0,7,1,11,2022-04-30,23:07:26
1,0,108,319,0,0,0,0,1,8,1,11,2022-04-30,23:07:27
1,0,108,330,0,0,0,0,0,7,1,11,2022-04-30,23:07:28
2,1,107,326,0,0,0,0,0,7,1,11,2022-04-30,23:07:29
1,1,109,320,0,0,12,2,0,7,1,11,2022-04-30,23:07:30
2,1,116,344,0,0,28,1,1,8,2,11,2022-04-30,23:07:31
1,0,106,325,0,0,0,0,0,7,1,11,2022-04-30,23:07:32
1,0,114,341,0,0,0,0,0,7,1,11,2022-04-30,23:07:33
1,0,102,314,0,0,0,0,1,8,1,11,2022-04-30,23:07:34
2,0,112,336,0,0,24,2,0,7,1,11,2022-04-30,23:07:35
1,1,103,304,0,0,0,0,0,7,1,11,2022-04-30,23:07:36
1,0,105,305,0,0,0,0,1,8,1,11,2022-04-30,23:07:37
2,0,102,325,0,0,0,0,0,7,1,11,2022-04-30,23:07:38
1,0,110,331,0,0,0,0,0,7,1,11,2022-04-30,23:07:39
2,1,105,331,0,0,12,2,0,5,0,5,2022-04-30,23:07:40
0,0,87,296,0,0,0,0,0,4,1,8,2022-04-30,23:07:41
1,0,100,317,0,0,0,0,0,7,1,11,2022-04-30,23:07:42
1,0,110,328,0,0,0,0,1,8,1,11,2022-04-30,23:07:43
1,0,101,321,0,0,0,0,0,7,1,11,2022-04-30,23:07:44
0,0,116,345,0,0,12,2,0,7,1,11,2022-04-30,23:07:45
1,0,111,335,0,0,0,0,1,10,1,11,2022-04-30,23:07:46
2,1,105,318,0,0,0,0,0,7,1,11,2022-04-30,23:07:47
0,0,109,341,0,0,0,0,0,7,1,11,2022-04-30,23:07:48
1,0,107,324,0,0,0,0,1,8,1,11,2022-04-30,23:07:49
2,1,107,319,0,0,12,2,0,7,1,11,2022-04-30,23:07:50
1,0,115,333,0,0,0,0,0,7,1,11,2022-04-30,23:07:51
2,1,107,337,0,0,0,0,1,8,1,11,2022-04-30,23:07:52
0,0,106,336,0,0,0,0,0,7,2,11,2022-04-30,23:07:53
2,1,101,318,0,0,0,0,0,7,1,11,2022-04-30,23:07:54
1,0,116,352,0,0,12,2,1,9,1,12,2022-04-30,23:07:55
2,1,107,325,0,0,12,2,0,7,1,11,2022-04-30,23:07:56
1,0,102,309,0,0,0,0,0,7,1,11,2022-04-30,23:07:57
1,0,105,334,0,0,0,0,1,8,1,11,2022-04-30,23:07:58
0,0,109,327,0,0,0,0,0,7,1,11,2022-04-30,23:07:59
2,0,113,331,0,0,24,3,0,7,1,11,2022-04-30,23:08:00
13,0,137,448,4,1,0,0,1,8,1,11,2022-04-30,23:08:01
1,1,110,339,0,0,0,0,0,7,1,11,2022-04-30,23:08:02
1,0,105,330,0,0,0,0,0,7,1,11,2022-04-30,23:08:03
1,0,108,316,0,0,0,0,1,9,1,11,2022-04-30,23:08:04
1,0,103,326,0,0,16,2,0,7,1,11,2022-04-30,23:08:05
1,0,108,330,0,0,0,0,0,7,1,11,2022-04-30,23:08:06
1,1,92,309,0,0,0,0,0,3,0,3,2022-04-30,23:08:07
1,0,98,312,0,0,0,0,0,6,1,10,2022-04-30,23:08:08
2,1,110,325,0,0,0,0,0,7,1,11,2022-04-30,23:08:09
1,0,107,332,0,0,12,2,1,8,1,11,2022-04-30,23:08:10
1,0,104,333,0,0,0,0,0,7,1,11,2022-04-30,23:08:11
2,1,107,336,0,0,0,0,0,7,1,11,2022-04-30,23:08:12
2,1,107,335,0,0,0,0,1,8,1,11,2022-04-30,23:08:13
1,1,102,311,0,0,0,0,0,7,1,11,2022-04-30,23:08:14
0,0,116,349,0,0,12,2,0,7,2,11,2022-04-30,23:08:15
2,0,112,330,0,0,0,0,1,8,1,11,2022-04-30,23:08:16
1,0,108,316,0,0,0,0,0,7,1,11,2022-04-30,23:08:17
2,1,108,338,0,0,0,0,0,7,1,11,2022-04-30,23:08:18
0,0,110,332,0,0,0,0,1,8,1,11,2022-04-30,23:08:19
2,1,106,332,0,0,12,2,0,7,1,11,2022-04-30,23:08:20
1,0,105,325,0,0,0,0,0,7,1,11,2022-04-30,23:08:21
1,1,106,336,0,0,0,0,1,8,1,11,2022-04-30,23:08:22
1,0,106,329,0,0,0,0,0,7,1,11,2022-04-30,23:08:23
1,1,101,318,0,0,0,0,0,7,1,11,2022-04-30,23:08:24
1,0,107,334,0,0,12,2,1,8,1,11,2022-04-30,23:08:25
1,0,105,332,0,0,0,0,0,7,1,11,2022-04-30,23:08:26
1,0,103,314,0,0,8,1,0,7,1,11,2022-04-30,23:08:27
0,0,104,331,0,0,0,0,1,8,1,11,2022-04-30,23:08:28
1,0,103,318,0,0,0,0,0,7,1,11,2022-04-30,23:08:29
1,1,104,325,0,0,24,3,0,7,1,11,2022-04-30,23:08:30
2,1,104,337,0,0,0,0,1,8,1,11,2022-04-30,23:08:31
0,0,105,327,0,0,36,4,0,7,1,11,2022-04-30,23:08:32
1,0,109,332,0,0,0,0,0,7,1,11,2022-04-30,23:08:33
1,1,84,299,0,0,0,0,0,5,1,5,2022-04-30,23:08:34
1,0,90,315,0,0,24,2,0,4,1,8,2022-04-30,23:08:35
0,0,94,301,0,0,0,0,0,7,1,11,2022-04-30,23:08:36
1,0,105,327,0,0,0,0,1,8,2,11,2022-04-30,23:08:37
1,0,101,335,0,0,0,0,0,7,1,11,2022-04-30,23:08:38
1,0,106,327,0,0,0,0,0,7,1,11,2022-04-30,23:08:39
1,0,107,334,0,0,12,2,1,8,1,11,2022-04-30,23:08:40
1,0,103,328,0,0,0,0,0,7,1,11,2022-04-30,23:08:41
1,0,107,327,0,0,0,0,0,7,1,11,2022-04-30,23:08:42
0,0,108,336,0,0,0,0,1,8,1,11,2022-04-30,23:08:43
1,0,102,309,0,0,0,0,0,7,1,11,2022-04-30,23:08:44
2,0,110,347,0,0,12,2,0,7,1,11,2022-04-30,23:08:45
1,1,104,325,0,0,0,0,1,8,1,11,2022-04-30,23:08:46
1,0,104,315,0,0,0,0,0,7,1,11,2022-04-30,23:08:47
1,0,104,332,0,0,0,0,0,7,1,11,2022-04-30,23:08:48
1,0,109,326,0,0,0,0,1,8,1,11,2022-04-30,23:08:49
3,1,108,330,0,0,12,2,0,7,1,11,2022-04-30,23:08:50
0,0,107,313,0,0,0,0,0,7,1,11,2022-04-30,23:08:51
1,0,105,333,0,0,0,0,1,8,1,11,2022-04-30,23:08:52
0,0,110,341,0,0,0,0,0,7,1,11,2022-04-30,23:08:53
1,0,102,314,0,0,0,0,0,7,1,11,2022-04-30,23:08:54
2,1,123,352,0,0,12,2,1,10,1,11,2022-04-30,23:08:55
0,0,110,328,0,0,0,0,0,7,1,11,2022-04-30,23:08:56
0,0,104,324,0,0,0,0,0,7,1,11,2022-04-30,23:08:57
1,0,106,327,0,0,0,0,1,8,1,11,2022-04-30,23:08:58
1,0,109,332,0,0,0,0,0,7,2,11,2022-04-30,23:08:59
2,1,117,343,0,0,12,2,1,9,1,11,2022-04-30,23:09:00
9,1,126,389,0,0,0,0,1,9,1,11,2022-04-30,23:09:01
1,0,109,337,0,0,8,1,0,7,1,10,2022-04-30,23:09:02
0,0,93,316,0,0,0,0,0,2,0,4,2022-04-30,23:09:03
1,0,92,295,0,0,0,0,1,7,1,10,2022-04-30,23:09:04
2,1,108,330,0,0,28,3,0,7,1,11,2022-04-30,23:09:05
1,1,107,320,0,0,0,0,0,7,1,11,2022-04-30,23:09:06
1,0,107,331,0,0,12,3,1,8,1,11,2022-04-30,23:09:07
2,1,108,329,0,0,0,0,0,7,1,11,2022-04-30,23:09:08
1,0,103,323,0,0,0,0,0,7,1,11,2022-04-30,23:09:09
1,0,108,337,0,0,12,2,1,8,1,11,2022-04-30,23:09:10
1,0,103,313,0,0,0,0,0,7,1,11,2022-04-30,23:09:11
1,0,106,332,0,0,0,0,0,7,1,11,2022-04-30,23:09:12
1,0,109,334,0,0,0,0,1,8,1,11,2022-04-30,23:09:13
1,0,105,327,0,0,0,0,0,7,1,11,2022-04-30,23:09:14
1,0,119,335,0,0,12,2,0,7,1,11,2022-04-30,23:09:15
1,0,107,321,0,0,0,0,1,8,1,11,2022-04-30,23:09:16
1,1,107,322,0,0,0,0,0,7,1,11,2022-04-30,23:09:17
4,1,166,448,0,0,0,0,0,7,1,11,2022-04-30,23:09:18
1,0,110,334,0,0,0,0,1,8,1,11,2022-04-30,23:09:19
2,2,113,350,0,0,12,2,1,8,1,11,2022-04-30,23:09:20
1,0,101,322,0,0,0,0,0,7,2,11,2022-04-30,23:09:21
2,0,111,342,0,0,0,0,1,8,1,11,2022-04-30,23:09:22
0,0,115,339,0,0,0,0,0,7,1,11,2022-04-30,23:09:23
1,0,106,326,0,0,0,0,0,7,1,11,2022-04-30,23:09:24
1,1,117,329,0,0,37,2,1,8,1,11,2022-04-30,23:09:25
0,0,112,337,0,0,0,0,0,7,1,11,2022-04-30,23:09:26
0,0,107,319,0,0,0,0,0,7,1,11,2022-04-30,23:09:27
1,0,111,339,0,0,0,0,1,8,1,11,2022-04-30,23:09:28
1,0,105,322,0,0,0,0,0,7,1,10,2022-04-30,23:09:29
1,0,93,320,0,0,12,2,0,2,0,4,2022-04-30,23:09:30
0,0,88,286,0,0,0,0,1,7,1,10,2022-04-30,23:09:31
1,1,97,324,0,0,28,1,0,7,1,11,2022-04-30,23:09:32
1,1,97,323,0,0,0,0,0,7,1,11,2022-04-30,23:09:33
1,0,93,302,0,0,0,0,1,8,1,11,2022-04-30,23:09:34
1,0,108,328,0,0,0,0,0,7,1,11,2022-04-30,23:09:35
1,0,106,311,0,0,24,2,0,7,1,11,2022-04-30,23:09:36
1,0,112,313,0,0,4,1,1,8,1,11,2022-04-30,23:09:37
0,0,111,344,0,0,0,0,0,7,1,11,2022-04-30,23:09:38
1,0,108,326,0,0,0,0,0,7,1,11,2022-04-30,23:09:39
1,0,106,325,0,0,0,0,1,8,1,11,2022-04-30,23:09:40
2,1,99,315,0,0,0,0,0,7,1,11,2022-04-30,23:09:41
1,0,105,335,0,0,12,2,0,7,1,11,2022-04-30,23:09:42
0,0,112,347,0,0,0,0,1,8,2,11,2022-04-30,23:09:43
1,0,104,309,0,0,0,0,0,7,1,11,2022-04-30,23:09:44
1,0,115,337,0,0,0,0,0,7,1,11,2022-04-30,23:09:45
1,0,100,317,0,0,0,0,1,8,1,11,2022-04-30,23:09:46
1,0,111,333,0,0,12,2,0,7,1,11,2022-04-30,23:09:47
0,0,105,320,0,0,0,0,0,7,1,11,2022-04-30,23:09:48
1,0,108,332,0,0,0,0,1,8,1,11,2022-04-30,23:09:49
1,0,106,326,0,0,0,0,0,7,1,11,2022-04-30,23:09:50
2,1,111,320,0,0,0,0,0,7,1,11,2022-04-30,23:09:51
1,0,112,340,0,0,12,2,1,8,1,11,2022-04-30,23:09:52
1,1,106,331,0,0,0,0,0,7,1,11,2022-04-30,23:09:53
2,0,95,311,0,0,0,0,0,7,1,11,2022-04-30,23:09:54
0,0,112,330,0,0,0,0,1,8,1,11,2022-04-30,23:09:55
2,0,105,335,0,0,0,0,0,7,1,11,2022-04-30,23:09:56
0,0,106,330,0,0,44,9,0,4,1,5,2022-04-30,23:09:57
1,0,88,289,0,0,0,0,0,5,1,8,2022-04-30,23:09:58
2,1,107,327,0,0,0,0,0,7,1,11,2022-04-30,23:09:59
1,0,111,329,0,0,0,0,0,7,1,11,2022-04-30,23:10:00
13,1,127,409,0,0,0,0,1,8,1,10,2022-04-30,23:10:01
1,0,111,338,0,0,16,2,0,7,1,11,2022-04-30,23:10:02
1,1,108,337,0,0,0,0,1,8,1,11,2022-04-30,23:10:03
1,0,105,321,0,0,0,0,1,8,1,11,2022-04-30,23:10:04
1,1,108,320,0,0,0,0,0,7,2,11,2022-04-30,23:10:05
1,0,104,326,0,0,0,0,0,7,1,11,2022-04-30,23:10:06
0,0,112,337,0,0,12,2,1,8,1,11,2022-04-30,23:10:07
1,0,108,326,0,0,0,0,0,7,1,11,2022-04-30,23:10:08
1,0,106,326,0,0,0,0,0,7,1,11,2022-04-30,23:10:09
1,0,104,327,0,0,0,0,1,8,1,11,2022-04-30,23:10:10
2,1,114,346,0,0,0,0,0,7,1,10,2022-04-30,23:10:11
0,0,107,325,0,0,44,3,0,7,1,11,2022-04-30,23:10:12
1,0,112,334,0,0,0,0,1,8,1,11,2022-04-30,23:10:13
2,1,106,331,0,0,0,0,0,7,1,11,2022-04-30,23:10:14
1,0,111,327,0,0,0,0,0,7,1,11,2022-04-30,23:10:15
1,0,115,323,0,0,0,0,1,8,1,11,2022-04-30,23:10:16
0,0,114,332,0,0,24,3,0,7,1,11,2022-04-30,23:10:17
1,1,107,336,0,0,0,0,0,7,1,11,2022-04-30,23:10:18
1,0,95,303,0,0,0,0,0,4,1,5,2022-04-30,23:10:19
1,1,98,312,0,0,0,0,0,5,1,8,2022-04-30,23:10:20
1,0,110,332,0,0,0,0,0,7,1,11,2022-04-30,23:10:21
1,0,105,327,0,0,12,2,1,8,1,11,2022-04-30,23:10:22
1,0,111,332,0,0,0,0,0,7,1,11,2022-04-30,23:10:23
2,1,103,322,0,0,0,0,0,7,1,11,2022-04-30,23:10:24
1,0,109,314,0,0,0,0,1,8,1,11,2022-04-30,23:10:25
0,0,109,336,0,0,0,0,0,7,1,11,2022-04-30,23:10:26
2,0,107,343,0,0,12,2,0,7,2,11,2022-04-30,23:10:27
1,0,110,335,0,0,0,0,1,8,1,11,2022-04-30,23:10:28
1,0,99,310,0,0,0,0,0,7,1,11,2022-04-30,23:10:29
1,0,105,328,0,0,0,0,0,7,1,11,2022-04-30,23:10:30
1,0,109,332,0,0,0,0,1,8,1,11,2022-04-30,23:10:31
1,0,111,324,0,0,56,8,0,7,1,11,2022-04-30,23:10:32
0,0,106,336,0,0,0,0,0,7,1,11,2022-04-30,23:10:33
1,0,102,321,0,0,0,0,1,8,1,11,2022-04-30,23:10:34
1,0,108,329,0,0,0,0,0,7,1,11,2022-04-30,23:10:35
0,0,106,315,0,0,0,0,1,8,1,12,2022-04-30,23:10:36
1,0,98,332,0,0,24,2,0,5,1,5,2022-04-30,23:10:37
0,0,95,316,0,0,0,0,0,4,1,8,2022-04-30,23:10:38
1,0,102,299,0,0,0,0,0,7,1,11,2022-04-30,23:10:39
1,1,111,336,0,0,0,0,1,8,1,11,2022-04-30,23:10:40
2,0,104,327,0,0,0,0,0,7,1,11,2022-04-30,23:10:41
2,1,108,335,0,0,12,2,0,7,1,11,2022-04-30,23:10:42
0,0,108,329,0,0,0,0,1,8,1,11,2022-04-30,23:10:43
1,0,104,327,0,0,0,0,0,7,1,11,2022-04-30,23:10:44
1,0,110,337,0,0,0,0,0,7,1,11,2022-04-30,23:10:45
1,1,102,309,0,0,0,0,1,8,1,11,2022-04-30,23:10:46
1,0,109,337,0,0,20,3,0,7,1,11,2022-04-30,23:10:47
1,0,113,334,0,0,0,0,0,7,1,11,2022-04-30,23:10:48
1,0,105,331,0,0,0,0,1,8,2,11,2022-04-30,23:10:49
1,0,105,314,0,0,0,0,0,7,1,11,2022-04-30,23:10:50
1,1,108,334,0,0,0,0,0,7,1,11,2022-04-30,23:10:51
2,1,117,344,0,0,24,3,1,8,1,11,2022-04-30,23:10:52
1,0,111,327,0,0,0,0,0,7,1,11,2022-04-30,23:10:53
1,0,112,325,0,0,0,0,0,7,2,13,2022-04-30,23:10:54
1,0,110,332,0,0,0,0,1,8,1,11,2022-04-30,23:10:55
1,0,106,336,0,0,0,0,0,7,1,11,2022-04-30,23:10:56
1,0,104,323,0,0,12,2,0,7,1,11,2022-04-30,23:10:57
1,0,111,343,0,0,0,0,1,8,1,11,2022-04-30,23:10:58
1,0,106,327,0,0,0,0,0,7,1,11,2022-04-30,23:10:59
2,0,105,321,0,0,0,0,0,7,1,11,2022-04-30,23:11:00
7,0,117,383,0,0,0,0,1,8,1,11,2022-04-30,23:11:01
1,0,111,341,0,0,16,2,0,7,1,11,2022-04-30,23:11:02
1,0,106,320,0,0,0,0,0,7,1,11,2022-04-30,23:11:03
1,0,93,307,0,0,0,0,0,4,1,5,2022-04-30,23:11:04
1,1,90,302,0,0,0,0,0,5,1,8,2022-04-30,23:11:05
2,1,103,315,0,0,0,0,0,7,1,11,2022-04-30,23:11:06
1,0,112,333,0,0,24,5,1,8,1,11,2022-04-30,23:11:07
0,0,110,332,0,0,0,0,0,7,1,11,2022-04-30,23:11:08
1,0,107,324,0,0,0,0,0,7,1,11,2022-04-30,23:11:09
1,0,105,320,0,0,0,0,1,8,1,11,2022-04-30,23:11:10
0,0,109,342,0,0,0,0,0,7,2,11,2022-04-30,23:11:11
1,0,110,340,0,0,12,2,0,7,1,11,2022-04-30,23:11:12
1,0,109,324,0,0,0,0,1,8,1,11,2022-04-30,23:11:13
2,1,114,332,0,0,0,0,1,9,2,13,2022-04-30,23:11:14
1,1,116,347,0,0,0,0,0,7,1,11,2022-04-30,23:11:15
1,0,110,329,0,0,0,0,1,8,1,11,2022-04-30,23:11:16
2,1,116,327,0,0,12,2,0,7,1,11,2022-04-30,23:11:17
1,0,105,338,0,0,0,0,0,7,1,11,2022-04-30,23:11:18
0,0,112,327,0,0,0,0,1,9,1,12,2022-04-30,23:11:19
1,0,110,319,0,0,0,0,0,7,1,11,2022-04-30,23:11:20
2,0,110,331,0,0,0,0,0,7,1,11,2022-04-30,23:11:21
1,0,112,337,0,0,20,3,1,8,1,11,2022-04-30,23:11:22
0,0,110,331,0,0,0,0,0,7,1,11,2022-04-30,23:11:23
1,0,101,321,0,0,0,0,0,7,1,11,2022-04-30,23:11:24
1,0,108,327,0,0,0,0,1,8,1,11,2022-04-30,23:11:25
0,0,111,332,0,0,0,0,1,8,1,12,2022-04-30,23:11:26
1,0,112,325,0,0,24,3,0,7,1,11,2022-04-30,23:11:27
2,1,140,399,0,0,0,0,1,8,1,11,2022-04-30,23:11:28
0,0,112,330,0,0,0,0,1,8,1,11,2022-04-30,23:11:29
2,0,96,308,0,0,0,0,0,5,1,10,2022-04-30,23:11:30
1,0,94,316,0,0,0,0,0,4,0,3,2022-04-30,23:11:31
1,0,104,320,0,0,40,3,0,7,1,11,2022-04-30,23:11:32
0,0,104,332,0,0,0,0,0,7,2,11,2022-04-30,23:11:33
1,0,100,315,0,0,0,0,1,8,1,11,2022-04-30,23:11:34
1,0,114,337,0,0,0,0,0,7,1,11,2022-04-30,23:11:35
1,0,101,302,0,0,0,0,0,7,1,11,2022-04-30,23:11:36
2,2,109,334,0,0,24,2,1,8,1,11,2022-04-30,23:11:37
1,0,101,305,0,0,0,0,0,7,1,11,2022-04-30,23:11:38
2,1,103,329,0,0,0,0,0,7,1,11,2022-04-30,23:11:39
1,0,103,333,0,0,0,0,1,8,1,11,2022-04-30,23:11:40
1,0,105,328,0,0,0,0,0,7,1,11,2022-04-30,23:11:41
1,0,99,326,0,0,40,2,0,7,1,11,2022-04-30,23:11:42
1,0,111,322,0,0,0,0,1,8,1,11,2022-04-30,23:11:43
1,0,108,320,0,0,0,0,0,7,1,11,2022-04-30,23:11:44
1,0,112,332,0,0,0,0,0,7,1,11,2022-04-30,23:11:45
0,0,93,316,0,0,0,0,1,8,1,11,2022-04-30,23:11:46
2,1,116,328,0,0,48,10,0,7,1,11,2022-04-30,23:11:47
1,0,108,332,0,0,0,0,0,7,1,11,2022-04-30,23:11:48
1,0,101,320,0,0,0,0,1,8,1,11,2022-04-30,23:11:49
1,0,102,312,0,0,0,0,0,7,1,11,2022-04-30,23:11:50
1,0,98,321,0,0,0,0,0,7,1,11,2022-04-30,23:11:51
1,0,106,336,0,0,12,2,1,8,1,11,2022-04-30,23:11:52
1,0,104,325,0,0,0,0,0,7,1,11,2022-04-30,23:11:53
1,0,100,314,0,0,0,0,0,7,1,11,2022-04-30,23:11:54
1,0,111,341,0,0,0,0,1,8,2,11,2022-04-30,23:11:55
0,0,109,332,0,0,0,0,0,7,1,11,2022-04-30,23:11:56
1,1,104,323,0,0,20,3,0,7,1,11,2022-04-30,23:11:57
1,0,90,319,0,0,0,0,0,3,0,3,2022-04-30,23:11:58
1,0,98,311,0,0,0,0,0,6,1,10,2022-04-30,23:11:59
1,0,106,324,0,0,0,0,0,7,1,11,2022-04-30,23:12:00
12,5,122,392,0,0,0,0,1,8,1,10,2022-04-30,23:12:01
1,0,111,340,0,0,28,3,0,7,1,11,2022-04-30,23:12:02
1,0,107,323,0,0,0,0,0,7,1,11,2022-04-30,23:12:03
1,1,102,322,0,0,0,0,1,8,1,11,2022-04-30,23:12:04
2,1,107,325,0,0,0,0,0,7,1,11,2022-04-30,23:12:05
1,0,106,318,0,0,0,0,0,7,1,11,2022-04-30,23:12:06
1,0,109,321,0,0,12,2,1,8,1,11,2022-04-30,23:12:07
1,0,112,343,0,0,0,0,0,7,1,11,2022-04-30,23:12:08
1,0,107,329,0,0,0,0,0,7,1,11,2022-04-30,23:12:09
1,0,104,313,0,0,0,0,1,8,1,11,2022-04-30,23:12:10
2,1,108,345,0,0,0,0,0,7,1,11,2022-04-30,23:12:11
0,0,110,342,0,0,16,3,0,7,1,11,2022-04-30,23:12:12
1,0,102,320,0,0,0,0,1,8,1,11,2022-04-30,23:12:13
1,0,105,323,0,0,0,0,1,8,1,11,2022-04-30,23:12:14
1,1,119,340,0,0,0,0,1,8,1,12,2022-04-30,23:12:15
0,0,107,323,0,0,0,0,1,8,1,11,2022-04-30,23:12:16
1,0,109,328,0,0,12,2,0,7,2,11,2022-04-30,23:12:17
2,1,106,340,0,0,0,0,0,7,1,11,2022-04-30,23:12:18
0,0,103,327,0,0,0,0,1,8,1,11,2022-04-30,23:12:19
1,0,107,318,0,0,0,0,0,7,1,11,2022-04-30,23:12:20
2,1,101,326,0,0,0,0,0,7,1,11,2022-04-30,23:12:21
2,1,113,341,0,0,24,5,1,8,1,11,2022-04-30,23:12:22
2,1,112,331,0,0,0,0,0,7,1,11,2022-04-30,23:12:23
1,0,102,323,0,0,0,0,0,7,1,11,2022-04-30,23:12:24
0,0,92,308,0,0,0,0,0,3,0,3,2022-04-30,23:12:25
1,1,112,324,0,0,0,0,0,6,1,10,2022-04-30,23:12:26
1,0,121,335,0,0,12,2,0,7,1,11,2022-04-30,23:12:27
2,1,120,347,0,0,0,0,1,8,1,11,2022-04-30,23:12:28
1,0,112,333,0,0,0,0,0,7,1,11,2022-04-30,23:12:29
1,0,113,329,0,0,0,0,0,7,1,11,2022-04-30,23:12:30
1,0,108,336,0,0,0,0,1,8,1,11,2022-04-30,23:12:31
1,0,111,336,0,0,40,4,0,7,1,11,2022-04-30,23:12:32
1,1,109,319,0,0,0,0,0,7,1,11,2022-04-30,23:12:33
0,0,102,318,0,0,0,0,1,8,1,11,2022-04-30,23:12:34
1,0,115,335,0,0,0,0,0,7,1,11,2022-04-30,23:12:35
1,0,113,332,0,0,0,0,0,7,1,11,2022-04-30,23:12:36
2,0,119,335,0,0,24,2,1,8,1,11,2022-04-30,23:12:37
1,1,115,348,0,0,0,0,0,7,1,11,2022-04-30,23:12:38
1,0,120,349,0,0,0,0,0,7,2,11,2022-04-30,23:12:39
1,0,118,328,0,0,0,0,1,8,1,11,2022-04-30,23:12:40
0,0,119,344,0,0,0,0,1,8,1,11,2022-04-30,23:12:41
1,0,112,343,0,0,12,2,0,7,1,11,2022-04-30,23:12:42
2,1,121,350,0,0,0,0,1,8,1,11,2022-04-30,23:12:43
0,0,109,314,0,0,0,0,0,7,1,11,2022-04-30,23:12:44
2,0,126,346,0,0,0,0,0,7,1,11,2022-04-30,23:12:45
0,0,111,330,0,0,0,0,1,8,1,11,2022-04-30,23:12:46
1,0,125,335,0,0,12,2,0,7,1,11,2022-04-30,23:12:47
1,0,113,340,0,0,0,0,1,8,1,11,2022-04-30,23:12:48
1,1,118,344,0,0,0,0,1,8,1,11,2022-04-30,23:12:49
2,0,112,318,0,0,0,0,0,7,1,11,2022-04-30,23:12:50
0,0,113,337,0,0,0,0,0,7,1,11,2022-04-30,23:12:51
1,0,116,348,0,0,12,2,1,8,1,10,2022-04-30,23:12:52
2,1,103,329,0,0,0,0,0,2,0,4,2022-04-30,23:12:53
0,0,110,310,0,0,0,0,1,8,1,10,2022-04-30,23:12:54
1,1,128,353,0,0,0,0,1,8,1,11,2022-04-30,23:12:55
2,0,118,343,0,0,0,0,0,7,1,11,2022-04-30,23:12:56
1,0,121,333,0,0,24,5,0,7,1,11,2022-04-30,23:12:57
2,1,119,344,0,0,0,0,1,8,1,11,2022-04-30,23:12:58
0,0,118,339,0,0,0,0,0,7,1,11,2022-04-30,23:12:59
1,0,118,336,0,0,0,0,0,7,1,11,2022-04-30,23:13:00
7,2,129,404,0,0,0,0,1,8,2,11,2022-04-30,23:13:01
1,0,115,349,0,0,16,2,0,7,1,11,2022-04-30,23:13:02
1,0,126,336,0,0,0,0,1,8,1,11,2022-04-30,23:13:03
1,1,111,327,0,0,0,0,1,8,1,11,2022-04-30,23:13:04
0,0,117,341,0,0,0,0,0,7,1,11,2022-04-30,23:13:05
1,0,113,328,0,0,0,0,0,7,1,11,2022-04-30,23:13:06
2,2,120,338,0,0,20,3,1,8,1,11,2022-04-30,23:13:07
1,0,115,344,0,0,0,0,0,7,1,11,2022-04-30,23:13:08
1,0,110,326,0,0,0,0,0,7,1,11,2022-04-30,23:13:09
1,0,113,321,0,0,0,0,1,8,1,11,2022-04-30,23:13:10
1,0,112,338,0,0,0,0,0,7,1,11,2022-04-30,23:13:11
1,0,118,352,0,0,24,3,0,7,1,11,2022-04-30,23:13:12
2,1,120,350,0,0,0,0,1,8,1,11,2022-04-30,23:13:13
1,0,110,317,0,0,0,0,0,7,1,11,2022-04-30,23:13:14
1,0,124,348,0,0,0,0,0,7,1,11,2022-04-30,23:13:15
1,0,110,334,0,0,0,0,1,8,1,11,2022-04-30,23:13:16
0,0,118,327,0,0,12,2,0,7,1,11,2022-04-30,23:13:17
2,1,119,346,0,0,0,0,0,7,1,11,2022-04-30,23:13:18
1,0,114,339,0,0,0,0,1,8,1,11,2022-04-30,23:13:19
1,0,120,342,0,0,0,0,0,7,1,11,2022-04-30,23:13:20
2,1,99,322,0,0,0,0,0,4,1,5,2022-04-30,23:13:21
0,0,92,317,0,0,12,2,0,5,1,8,2022-04-30,23:13:22
1,0,106,335,0,0,0,0,0,7,2,11,2022-04-30,23:13:23
1,0,120,326,0,0,0,0,0,7,1,11,2022-04-30,23:13:24
0,0,116,344,0,0,0,0,1,8,1,11,2022-04-30,23:13:25
1,0,119,342,0,0,0,0,0,7,1,11,2022-04-30,23:13:26
0,0,120,334,0,0,12,2,0,7,1,11,2022-04-30,23:13:27
1,0,115,347,0,0,0,0,1,8,1,11,2022-04-30,23:13:28
1,1,118,329,0,0,0,0,0,7,1,11,2022-04-30,23:13:29
2,0,113,333,0,0,0,0,0,7,1,11,2022-04-30,23:13:30
0,0,117,327,0,0,0,0,1,8,1,11,2022-04-30,23:13:31
1,0,121,358,0,0,40,3,0,7,1,11,2022-04-30,23:13:32
1,0,120,338,0,0,0,0,0,7,1,11,2022-04-30,23:13:33
1,0,111,326,0,0,0,0,1,8,1,11,2022-04-30,23:13:34
1,0,121,337,0,0,0,0,0,7,1,11,2022-04-30,23:13:35
1,1,114,317,0,0,0,0,0,7,1,11,2022-04-30,23:13:36
1,0,119,327,0,0,24,2,1,8,1,11,2022-04-30,23:13:37
2,1,150,409,0,0,0,0,0,7,1,11,2022-04-30,23:13:38
2,0,119,335,0,0,0,0,0,7,1,11,2022-04-30,23:13:39
1,0,119,345,0,0,0,0,1,8,1,11,2022-04-30,23:13:40
0,0,109,321,0,0,0,0,0,7,1,11,2022-04-30,23:13:41
1,0,119,347,0,0,20,3,0,7,1,11,2022-04-30,23:13:42
1,0,115,343,0,0,0,0,1,8,1,11,2022-04-30,23:13:43
0,0,111,320,0,0,0,0,0,7,1,11,2022-04-30,23:13:44
1,1,117,350,0,0,0,0,0,7,2,11,2022-04-30,23:13:45
1,0,113,333,0,0,0,0,1,8,1,11,2022-04-30,23:13:46
0,0,119,345,0,0,24,3,0,7,1,11,2022-04-30,23:13:47
1,0,120,333,0,0,0,0,0,7,1,11,2022-04-30,23:13:48
1,0,102,329,0,0,0,0,0,5,1,8,2022-04-30,23:13:49
1,0,105,315,0,0,0,0,0,4,1,5,2022-04-30,23:13:50
1,0,102,308,0,0,0,0,0,7,1,11,2022-04-30,23:13:51
2,1,120,346,0,0,12,2,1,8,1,11,2022-04-30,23:13:52
1,0,113,342,0,0,0,0,0,7,1,11,2022-04-30,23:13:53
0,0,118,335,0,0,0,0,0,7,1,11,2022-04-30,23:13:54
1,0,115,325,0,0,0,0,1,8,1,11,2022-04-30,23:13:55
2,1,126,354,0,0,0,0,1,9,1,11,2022-04-30,23:13:56
0,0,116,345,0,0,12,2,0,7,1,11,2022-04-30,23:13:57
0,0,110,335,0,0,0,0,1,8,1,11,2022-04-30,23:13:58
1,0,114,329,0,0,0,0,0,7,1,11,2022-04-30,23:13:59
1,0,126,346,0,0,0,0,0,7,1,11,2022-04-30,23:14:00
11,1,137,419,0,0,0,0,1,8,1,11,2022-04-30,23:14:01
0,0,125,342,0,0,16,2,0,7,1,11,2022-04-30,23:14:02
1,0,116,344,0,0,0,0,0,7,1,11,2022-04-30,23:14:03
2,1,113,336,0,0,0,0,1,8,1,11,2022-04-30,23:14:04
0,0,117,321,0,0,0,0,0,7,1,11,2022-04-30,23:14:05
1,0,118,340,0,0,0,0,0,7,1,11,2022-04-30,23:14:06
1,0,118,357,0,0,24,5,1,8,2,11,2022-04-30,23:14:07
0,0,119,349,0,0,0,0,0,7,1,11,2022-04-30,23:14:08
2,0,110,319,0,0,0,0,0,7,1,11,2022-04-30,23:14:09
2,0,119,343,0,0,0,0,1,8,1,11,2022-04-30,23:14:10
1,1,116,340,0,0,0,0,0,7,1,11,2022-04-30,23:14:11
2,1,120,344,0,0,12,2,0,7,1,11,2022-04-30,23:14:12
1,0,113,342,0,0,0,0,1,8,1,11,2022-04-30,23:14:13
1,0,114,333,0,0,0,0,0,7,1,11,2022-04-30,23:14:14
1,0,121,340,0,0,0,0,0,7,1,11,2022-04-30,23:14:15
1,0,120,338,0,0,0,0,1,8,1,11,2022-04-30,23:14:16
2,1,113,342,0,0,20,3,0,6,1,10,2022-04-30,23:14:17
0,0,102,329,0,0,0,0,0,2,0,3,2022-04-30,23:14:18
0,0,108,307,0,0,0,0,1,8,1,11,2022-04-30,23:14:19
2,0,120,350,0,0,0,0,0,7,1,11,2022-04-30,23:14:20
2,0,117,341,0,0,0,0,0,7,1,11,2022-04-30,23:14:21
2,1,119,339,0,0,24,3,1,8,1,11,2022-04-30,23:14:22
1,0,117,343,0,0,0,0,0,7,1,11,2022-04-30,23:14:23
1,1,116,334,0,0,0,0,0,7,1,11,2022-04-30,23:14:24
1,0,115,334,0,0,0,0,1,8,1,11,2022-04-30,23:14:25
1,0,126,346,0,0,0,0,0,7,1,11,2022-04-30,23:14:26
3,1,118,354,0,0,12,2,0,7,1,11,2022-04-30,23:14:27
2,1,120,351,0,0,0,0,1,8,1,11,2022-04-30,23:14:28
12,5,164,719,0,0,132,10,1,8,2,12,2022-04-30,23:14:29
1,0,115,331,0,0,0,0,0,7,1,11,2022-04-30,23:14:30
1,0,113,347,0,0,0,0,1,8,1,11,2022-04-30,23:14:31
2,1,125,345,0,0,24,1,0,7,1,11,2022-04-30,23:14:32
1,0,114,330,0,0,0,0,0,7,1,11,2022-04-30,23:14:33
0,0,118,336,0,0,0,0,1,9,1,12,2022-04-30,23:14:34
1,0,119,346,0,0,28,2,0,7,1,11,2022-04-30,23:14:35
1,0,112,319,0,0,0,0,0,7,1,11,2022-04-30,23:14:36
0,0,116,341,0,0,0,0,1,8,1,11,2022-04-30,23:14:37
1,0,121,346,0,0,0,0,0,7,1,11,2022-04-30,23:14:38
1,0,110,337,0,0,0,0,0,7,1,11,2022-04-30,23:14:39
1,1,115,335,0,0,12,2,1,8,1,11,2022-04-30,23:14:40
1,0,99,326,0,0,0,0,0,7,1,11,2022-04-30,23:14:41
1,0,114,338,0,0,60,14,0,7,1,11,2022-04-30,23:14:42
1,1,107,320,0,0,0,0,1,8,1,11,2022-04-30,23:14:43
1,0,106,329,0,0,0,0,0,7,1,11,2022-04-30,23:14:44
0,0,102,330,0,0,12,2,0,3,1,5,2022-04-30,23:14:45
1,0,101,303,0,0,0,0,0,6,1,8,2022-04-30,23:14:46
1,1,108,335,0,0,0,0,0,7,1,11,2022-04-30,23:14:47
1,0,121,349,0,0,0,0,0,7,1,11,2022-04-30,23:14:48
1,0,108,329,0,0,0,0,1,8,1,11,2022-04-30,23:14:49
2,0,117,331,0,0,12,2,0,7,1,11,2022-04-30,23:14:50
0,0,110,340,0,0,0,0,0,7,2,11,2022-04-30,23:14:51
1,0,121,345,0,0,8,1,1,8,1,11,2022-04-30,23:14:52
1,1,107,327,0,0,0,0,0,7,1,11,2022-04-30,23:14:53
1,0,116,341,0,0,0,0,0,7,1,11,2022-04-30,23:14:54
2,1,126,352,0,0,24,3,1,8,1,11,2022-04-30,23:14:55
1,0,124,349,0,0,0,0,0,7,1,11,2022-04-30,23:14:56
0,0,111,323,0,0,0,0,0,7,1,11,2022-04-30,23:14:57
1,0,121,354,0,0,0,0,1,8,1,11,2022-04-30,23:14:58
1,0,117,335,0,0,0,0,0,7,1,11,2022-04-30,23:14:59
1,1,126,344,0,0,12,2,0,7,1,11,2022-04-30,23:15:00
8,1,130,393,0,0,0,0,1,8,1,11,2022-04-30,23:15:01
1,0,122,347,0,0,8,1,0,7,1,11,2022-04-30,23:15:02
0,0,112,326,0,0,0,0,0,7,1,11,2022-04-30,23:15:03
1,0,118,339,0,0,0,0,1,8,1,11,2022-04-30,23:15:04
1,0,111,332,0,0,0,0,0,7,1,11,2022-04-30,23:15:05
1,1,120,344,0,0,32,2,0,7,1,11,2022-04-30,23:15:06
1,0,111,323,0,0,0,0,1,8,1,11,2022-04-30,23:15:07
0,0,123,349,0,0,0,0,0,7,1,11,2022-04-30,23:15:08
2,1,114,336,0,0,0,0,0,7,1,11,2022-04-30,23:15:09
1,0,119,333,0,0,0,0,1,8,1,11,2022-04-30,23:15:10
1,0,116,338,0,0,0,0,0,7,1,11,2022-04-30,23:15:11
1,1,123,361,0,0,12,2,0,6,1,10,2022-04-30,23:15:12
1,0,99,326,0,0,0,0,0,5,1,6,2022-04-30,23:15:13
0,0,106,299,0,0,0,0,0,5,1,8,2022-04-30,23:15:14
1,0,115,346,0,0,0,0,0,7,1,11,2022-04-30,23:15:15
0,0,121,338,0,0,0,0,1,8,1,11,2022-04-30,23:15:16
1,0,109,323,0,0,12,2,0,7,1,11,2022-04-30,23:15:17
1,0,114,345,0,0,0,0,0,7,1,11,2022-04-30,23:15:18
0,0,116,334,0,0,0,0,1,8,1,11,2022-04-30,23:15:19
2,0,124,329,0,0,0,0,0,7,1,11,2022-04-30,23:15:20
0,0,110,327,0,0,0,0,0,7,1,11,2022-04-30,23:15:21
1,0,124,356,0,0,12,2,1,8,1,11,2022-04-30,23:15:22
1,1,115,338,0,0,0,0,0,7,1,11,2022-04-30,23:15:23
1,0,117,324,0,0,0,0,0,7,1,11,2022-04-30,23:15:24
1,1,110,331,0,0,0,0,1,9,1,11,2022-04-30,23:15:25
1,0,114,343,0,0,0,0,0,7,1,11,2022-04-30,23:15:26
1,0,123,341,0,0,32,6,1,8,1,11,2022-04-30,23:15:27
1,1,121,353,0,0,0,0,1,8,1,11,2022-04-30,23:15:28
1,0,115,331,0,0,0,0,0,7,1,11,2022-04-30,23:15:29
1,0,121,327,0,0,0,0,0,7,1,11,2022-04-30,23:15:30
1,1,116,341,0,0,0,0,1,8,1,11,2022-04-30,23:15:31
1,0,124,346,0,0,52,4,0,7,1,11,2022-04-30,23:15:32
2,1,121,350,0,0,0,0,0,7,1,11,2022-04-30,23:15:33
0,0,114,321,0,0,0,0,1,8,1,11,2022-04-30,23:15:34
2,0,119,348,0,0,0,0,0,7,2,11,2022-04-30,23:15:35
1,0,112,315,0,0,0,0,0,7,1,11,2022-04-30,23:15:36
1,0,117,327,0,0,24,2,1,8,1,11,2022-04-30,23:15:37
1,0,111,337,0,0,0,0,0,7,1,11,2022-04-30,23:15:38
1,0,117,340,0,0,0,0,0,7,1,11,2022-04-30,23:15:39
1,0,122,333,0,0,0,0,1,8,1,11,2022-04-30,23:15:40
0,0,95,320,0,0,0,0,0,2,1,5,2022-04-30,23:15:41
1,0,107,326,0,0,12,2,0,6,1,8,2022-04-30,23:15:42
1,0,115,343,0,0,0,0,1,8,1,11,2022-04-30,23:15:43
0,0,113,320,0,0,0,0,0,7,1,11,2022-04-30,23:15:44
2,1,118,342,0,0,0,0,0,7,1,11,2022-04-30,23:15:45
0,0,118,334,0,0,0,0,1,8,1,11,2022-04-30,23:15:46
2,1,117,333,0,0,12,2,0,7,1,11,2022-04-30,23:15:47
1,0,145,404,0,0,0,0,0,7,1,11,2022-04-30,23:15:48
1,0,105,321,0,0,0,0,1,8,1,11,2022-04-30,23:15:49
2,1,111,322,0,0,0,0,0,7,1,11,2022-04-30,23:15:50
0,0,112,335,0,0,0,0,0,7,1,11,2022-04-30,23:15:51
1,0,124,350,0,0,12,2,1,8,1,11,2022-04-30,23:15:52
1,0,117,342,0,0,0,0,0,7,1,11,2022-04-30,23:15:53
1,0,113,324,0,0,0,0,0,7,1,11,2022-04-30,23:15:54
1,0,118,347,0,0,0,0,1,8,1,11,2022-04-30,23:15:55
2,1,117,345,0,0,0,0,0,7,1,11,2022-04-30,23:15:56
1,0,114,341,0,0,12,2,0,7,2,11,2022-04-30,23:15:57
1,0,117,347,0,0,0,0,1,8,1,11,2022-04-30,23:15:58
1,0,115,335,0,0,0,0,0,7,1,11,2022-04-30,23:15:59
2,1,121,329,0,0,0,0,0,7,1,11,2022-04-30,23:16:00
8,2,131,401,0,0,0,0,1,8,1,11,2022-04-30,23:16:01
2,1,122,356,0,0,32,6,0,7,1,11,2022-04-30,23:16:02
0,0,114,339,0,0,0,0,0,7,1,11,2022-04-30,23:16:03
2,0,115,327,0,0,0,0,1,8,1,11,2022-04-30,23:16:04
0,0,116,335,0,0,0,0,0,7,1,11,2022-04-30,23:16:05
1,0,119,335,0,0,0,0,0,7,1,11,2022-04-30,23:16:06
2,1,119,337,0,0,12,2,1,8,1,11,2022-04-30,23:16:07
1,0,116,338,0,0,0,0,0,7,1,11,2022-04-30,23:16:08
1,0,111,333,0,0,0,0,0,7,1,11,2022-04-30,23:16:09
1,0,104,308,0,0,0,0,0,4,0,5,2022-04-30,23:16:10
0,0,97,315,0,0,0,0,0,5,1,8,2022-04-30,23:16:11
1,0,122,354,0,0,12,2,0,7,1,11,2022-04-30,23:16:12
1,1,111,325,0,0,0,0,1,8,1,11,2022-04-30,23:16:13
1,0,116,335,0,0,0,0,0,7,1,11,2022-04-30,23:16:14
0,0,120,347,0,0,0,0,0,7,1,11,2022-04-30,23:16:15
1,0,121,335,0,0,0,0,1,8,1,11,2022-04-30,23:16:16
1,1,120,334,0,0,12,2,1,9,2,13,2022-04-30,23:16:17
1,0,123,349,0,0,0,0,1,8,1,12,2022-04-30,23:16:18
0,0,115,345,0,0,0,0,1,8,2,11,2022-04-30,23:16:19
3,1,124,339,0,0,0,0,0,7,1,11,2022-04-30,23:16:20
1,0,115,340,0,0,0,0,0,7,1,11,2022-04-30,23:16:21
1,0,124,353,0,0,12,2,1,9,1,12,2022-04-30,23:16:22
0,0,114,328,0,0,0,0,0,7,1,11,2022-04-30,23:16:23
1,0,118,344,0,0,0,0,0,7,1,11,2022-04-30,23:16:24
2,1,115,331,0,0,0,0,1,8,1,11,2022-04-30,23:16:25
1,0,116,340,0,0,0,0,0,7,1,11,2022-04-30,23:16:26
0,0,112,326,0,0,12,2,0,7,1,11,2022-04-30,23:16:27
1,0,121,355,0,0,0,0,1,8,1,11,2022-04-30,23:16:28
2,1,115,330,0,0,0,0,0,7,1,11,2022-04-30,23:16:29
0,0,114,329,0,0,0,0,0,7,1,11,2022-04-30,23:16:30
2,1,114,342,0,0,0,0,1,9,1,11,2022-04-30,23:16:31
1,0,122,354,0,0,40,3,0,7,1,11,2022-04-30,23:16:32
0,0,108,324,0,0,0,0,0,7,1,11,2022-04-30,23:16:33
1,0,124,348,0,0,0,0,1,8,1,11,2022-04-30,23:16:34
1,1,116,339,0,0,0,0,0,7,1,11,2022-04-30,23:16:35
1,0,116,345,0,0,0,0,0,7,1,10,2022-04-30,23:16:36
0,0,99,314,0,0,32,4,0,3,0,4,2022-04-30,23:16:37
1,1,109,322,0,0,0,0,0,6,1,10,2022-04-30,23:16:38
2,1,116,340,0,0,0,0,0,7,1,11,2022-04-30,23:16:39
0,0,125,340,0,0,0,0,1,8,1,11,2022-04-30,23:16:40
2,1,111,342,0,0,0,0,0,7,2,11,2022-04-30,23:16:41
1,0,125,350,0,0,28,3,0,7,1,11,2022-04-30,23:16:42
0,0,111,336,0,0,0,0,1,8,1,11,2022-04-30,23:16:43
1,1,114,336,0,0,0,0,0,7,1,11,2022-04-30,23:16:44
1,0,117,338,0,0,0,0,0,7,1,11,2022-04-30,23:16:45
1,1,112,337,0,0,0,0,1,8,1,11,2022-04-30,23:16:46
1,0,121,333,0,0,28,6,0,7,1,11,2022-04-30,23:16:47
0,0,123,346,0,0,0,0,0,7,1,11,2022-04-30,23:16:48
1,0,114,333,0,0,0,0,1,8,1,11,2022-04-30,23:16:49
1,0,117,325,0,0,0,0,0,7,1,11,2022-04-30,23:16:50
1,0,116,336,0,0,0,0,0,7,1,11,2022-04-30,23:16:51
0,0,124,351,0,0,12,2,1,8,1,11,2022-04-30,23:16:52
1,0,113,339,0,0,0,0,0,7,1,11,2022-04-30,23:16:53
1,0,115,323,0,0,0,0,0,7,1,11,2022-04-30,23:16:54
1,0,122,346,0,0,0,0,1,8,1,11,2022-04-30,23:16:55
1,1,119,344,0,0,0,0,0,7,1,11,2022-04-30,23:16:56
1,0,117,329,0,0,12,2,0,7,1,11,2022-04-30,23:16:57
1,0,124,358,0,0,0,0,1,8,1,11,2022-04-30,23:16:58
2,1,117,339,0,0,0,0,0,7,1,11,2022-04-30,23:16:59
1,0,121,346,0,0,0,0,0,7,1,11,2022-04-30,23:17:00
7,0,132,391,0,0,0,0,1,8,1,11,2022-04-30,23:17:01
1,0,130,404,0,0,16,2,0,7,1,11,2022-04-30,23:17:02
1,0,119,351,0,0,0,0,0,7,2,11,2022-04-30,23:17:03
1,1,110,321,0,0,0,0,1,8,1,11,2022-04-30,23:17:04
1,0,96,313,0,0,0,0,0,3,1,5,2022-04-30,23:17:05
0,0,101,306,0,0,0,0,0,5,1,8,2022-04-30,23:17:06
0,0,116,335,0,0,40,2,1,8,1,11,2022-04-30,23:17:07
1,0,118,342,0,0,0,0,0,7,1,11,2022-04-30,23:17:08
1,0,115,334,0,0,0,0,0,7,1,11,2022-04-30,23:17:09
0,0,123,343,0,0,0,0,1,8,1,11,2022-04-30,23:17:10
2,0,109,330,0,0,0,0,0,7,1,11,2022-04-30,23:17:11
2,1,118,348,0,0,24,4,0,7,1,11,2022-04-30,23:17:12
1,0,111,344,0,0,0,0,1,8,1,11,2022-04-30,23:17:13
0,0,114,321,0,0,0,0,0,7,1,11,2022-04-30,23:17:14
1,0,123,352,0,0,0,0,0,7,1,11,2022-04-30,23:17:15
1,0,116,328,0,0,0,0,1,8,1,11,2022-04-30,23:17:16
1,1,114,331,0,0,24,3,0,7,1,11,2022-04-30,23:17:17
1,0,119,351,0,0,0,0,0,7,1,11,2022-04-30,23:17:18
1,0,117,337,0,0,0,0,1,8,1,11,2022-04-30,23:17:19
1,0,123,346,0,0,0,0,0,7,1,11,2022-04-30,23:17:20
1,0,114,325,0,0,0,0,0,7,1,11,2022-04-30,23:17:21
1,0,123,353,0,0,48,10,1,8,1,11,2022-04-30,23:17:22
1,0,116,338,0,0,0,0,0,7,1,11,2022-04-30,23:17:23
1,1,118,332,0,0,0,0,0,7,1,11,2022-04-30,23:17:24
1,0,121,351,0,0,0,0,1,9,2,11,2022-04-30,23:17:25
1,0,119,344,0,0,0,0,0,7,1,11,2022-04-30,23:17:26
0,0,114,345,0,0,12,2,0,7,1,11,2022-04-30,23:17:27
2,1,122,346,0,0,0,0,1,8,1,11,2022-04-30,23:17:28
0,0,114,333,0,0,0,0,0,7,1,11,2022-04-30,23:17:29
2,1,123,341,0,0,0,0,0,7,1,11,2022-04-30,23:17:30
1,0,112,328,0,0,0,0,1,8,1,11,2022-04-30,23:17:31
1,0,119,351,0,0,44,5,0,7,1,10,2022-04-30,23:17:32
1,0,96,317,0,0,0,0,0,2,0,4,2022-04-30,23:17:33
1,0,105,305,0,0,0,0,1,7,1,10,2022-04-30,23:17:34
1,1,113,331,0,0,0,0,0,7,1,11,2022-04-30,23:17:35
0,0,117,317,0,0,0,0,0,7,1,11,2022-04-30,23:17:36
1,0,113,334,0,0,24,2,1,8,1,11,2022-04-30,23:17:37
1,0,119,339,0,0,0,0,0,7,1,11,2022-04-30,23:17:38
1,0,113,340,0,0,0,0,0,7,1,11,2022-04-30,23:17:39
1,1,122,348,0,0,0,0,1,8,1,11,2022-04-30,23:17:40
2,0,107,316,0,0,0,0,0,7,1,11,2022-04-30,23:17:41
1,0,123,348,0,0,12,2,0,7,1,11,2022-04-30,23:17:42
2,1,117,347,0,0,0,0,1,8,1,11,2022-04-30,23:17:43
2,0,116,335,0,0,0,0,0,7,1,11,2022-04-30,23:17:44
1,1,117,328,0,0,0,0,0,7,1,11,2022-04-30,23:17:45
1,0,114,341,0,0,0,0,1,8,1,11,2022-04-30,23:17:46
0,0,119,349,0,0,20,3,0,7,2,11,2022-04-30,23:17:47
2,1,119,335,0,0,0,0,0,7,1,11,2022-04-30,23:17:48
0,0,109,330,0,0,0,0,1,8,1,11,2022-04-30,23:17:49
2,0,120,342,0,0,0,0,0,7,1,11,2022-04-30,23:17:50
1,1,113,335,0,0,0,0,0,7,1,10,2022-04-30,23:17:51
1,0,117,333,0,0,0,0,1,8,1,11,2022-04-30,23:17:52
1,0,116,342,0,0,24,3,0,7,1,11,2022-04-30,23:17:53
2,1,121,339,0,0,0,0,0,7,1,11,2022-04-30,23:17:54
1,0,118,334,0,0,0,0,1,8,1,11,2022-04-30,23:17:55
0,0,125,347,0,0,0,0,0,7,1,11,2022-04-30,23:17:56
1,0,119,344,0,0,0,0,1,9,1,11,2022-04-30,23:17:57
3,1,150,406,0,0,12,2,1,8,1,11,2022-04-30,23:17:58
1,0,113,334,0,0,0,0,0,7,1,11,2022-04-30,23:17:59
2,0,114,342,0,0,0,0,0,6,1,10,2022-04-30,23:18:00
11,1,114,394,0,0,0,0,0,3,0,3,2022-04-30,23:18:01
1,1,116,321,0,0,0,0,0,7,1,11,2022-04-30,23:18:02
0,0,116,347,0,0,16,2,0,7,1,11,2022-04-30,23:18:03
2,0,115,337,0,0,0,0,1,8,1,11,2022-04-30,23:18:04
0,0,109,316,0,0,0,0,0,7,1,11,2022-04-30,23:18:05
1,0,107,324,0,0,0,0,0,7,1,11,2022-04-30,23:18:06
2,1,109,331,0,0,12,3,1,8,1,11,2022-04-30,23:18:07
1,0,113,339,0,0,12,2,0,7,1,11,2022-04-30,23:18:08
1,0,104,337,0,0,0,0,0,7,2,11,2022-04-30,23:18:09
1,0,108,329,0,0,0,0,1,8,1,11,2022-04-30,23:18:10
1,0,98,325,0,0,0,0,0,7,1,11,2022-04-30,23:18:11
1,0,109,325,0,0,0,0,0,7,1,11,2022-04-30,23:18:12
1,0,107,343,0,0,12,2,1,8,1,11,2022-04-30,23:18:13
0,0,108,326,0,0,0,0,0,7,1,11,2022-04-30,23:18:14
1,0,111,323,0,0,0,0,0,7,1,11,2022-04-30,23:18:15
0,0,104,324,0,0,0,0,1,8,1,11,2022-04-30,23:18:16
1,0,107,322,0,0,28,3,0,7,1,11,2022-04-30,23:18:17
0,0,112,349,0,0,0,0,0,7,1,11,2022-04-30,23:18:18
1,0,102,313,0,0,0,0,1,8,1,11,2022-04-30,23:18:19
1,0,112,340,0,0,0,0,0,7,1,11,2022-04-30,23:18:20
1,0,103,323,0,0,0,0,0,7,1,11,2022-04-30,23:18:21
1,0,107,320,0,0,0,0,1,9,1,11,2022-04-30,23:18:22
1,0,109,347,0,0,12,2,0,7,1,11,2022-04-30,23:18:23
1,0,105,328,0,0,0,0,0,7,1,11,2022-04-30,23:18:24
1,0,104,315,0,0,0,0,1,8,1,11,2022-04-30,23:18:25
2,1,110,334,0,0,0,0,0,7,1,11,2022-04-30,23:18:26
1,0,117,336,0,0,0,0,0,7,1,11,2022-04-30,23:18:27
1,1,117,353,0,0,12,2,1,8,1,11,2022-04-30,23:18:28
1,1,96,316,0,0,0,0,1,6,1,5,2022-04-30,23:18:29
1,0,89,300,0,0,0,0,0,4,1,8,2022-04-30,23:18:30
0,0,98,324,0,0,0,0,1,8,2,11,2022-04-30,23:18:31
1,0,102,321,0,0,0,0,0,7,1,11,2022-04-30,23:18:32
1,0,111,342,0,0,40,3,0,7,1,11,2022-04-30,23:18:33
1,1,104,329,0,0,0,0,1,8,1,11,2022-04-30,23:18:34
1,0,102,326,0,0,0,0,0,7,1,11,2022-04-30,23:18:35
1,0,103,311,0,0,0,0,0,7,1,11,2022-04-30,23:18:36
0,0,102,319,0,0,0,0,1,8,1,11,2022-04-30,23:18:37
1,1,113,344,0,0,24,2,0,7,1,11,2022-04-30,23:18:38
1,0,104,323,0,0,0,0,0,7,1,11,2022-04-30,23:18:39
1,0,115,340,0,0,0,0,1,8,1,11,2022-04-30,23:18:40
0,0,104,321,0,0,0,0,0,7,1,11,2022-04-30,23:18:41
1,0,109,331,0,0,0,0,0,7,1,11,2022-04-30,23:18:42
0,0,110,334,0,0,12,2,0,7,1,11,2022-04-30,23:18:43
1,0,108,322,0,0,0,0,0,7,1,11,2022-04-30,23:18:44
1,0,107,335,0,0,0,0,0,7,1,11,2022-04-30,23:18:45
1,0,102,316,0,0,0,0,1,8,1,11,2022-04-30,23:18:46
1,0,108,324,0,0,0,0,0,7,1,11,2022-04-30,23:18:47
1,0,117,340,0,0,28,6,0,7,1,11,2022-04-30,23:18:48
2,1,109,326,0,0,0,0,1,8,1,11,2022-04-30,23:18:49
2,1,106,313,0,0,0,0,0,7,1,11,2022-04-30,23:18:50
2,1,97,319,0,0,0,0,0,7,1,11,2022-04-30,23:18:51
0,0,98,322,0,0,0,0,1,8,1,11,2022-04-30,23:18:52
1,0,97,325,0,0,12,2,0,7,2,11,2022-04-30,23:18:53
0,0,95,324,0,0,0,0,0,7,1,11,2022-04-30,23:18:54
2,1,108,335,0,0,0,0,1,8,1,11,2022-04-30,23:18:55
0,0,113,331,0,0,0,0,0,7,1,11,2022-04-30,23:18:56
1,1,90,310,0,0,0,0,0,4,1,10,2022-04-30,23:18:57
1,0,98,322,0,0,12,2,0,5,0,3,2022-04-30,23:18:58
0,0,98,312,0,0,0,0,0,7,1,11,2022-04-30,23:18:59
1,0,109,325,0,0,0,0,0,7,1,11,2022-04-30,23:19:00
11,2,111,389,0,0,0,0,0,7,1,10,2022-04-30,23:19:01
1,0,114,336,0,0,0,0,1,8,1,11,2022-04-30,23:19:02
2,1,108,331,0,0,16,2,0,7,1,11,2022-04-30,23:19:03
2,1,108,332,0,0,0,0,1,8,1,11,2022-04-30,23:19:04
1,0,100,315,0,0,0,0,0,7,1,11,2022-04-30,23:19:05
1,0,109,331,0,0,0,0,0,7,1,11,2022-04-30,23:19:06
1,1,106,311,0,0,0,0,1,7,1,11,2022-04-30,23:19:07
1,0,99,327,0,0,12,2,0,3,1,5,2022-04-30,23:19:08
1,0,82,296,0,0,0,0,0,1,0,2,2022-04-30,23:19:09
0,0,101,301,0,0,0,0,1,7,1,9,2022-04-30,23:19:10
2,1,104,330,0,0,0,0,0,7,1,11,2022-04-30,23:19:11
0,0,95,325,0,0,0,0,0,4,1,5,2022-04-30,23:19:12
1,1,89,298,0,0,12,2,0,5,1,8,2022-04-30,23:19:13
1,0,101,315,0,0,0,0,0,7,1,11,2022-04-30,23:19:14
1,1,108,342,0,0,0,0,0,7,2,11,2022-04-30,23:19:15
1,1,108,333,0,0,0,0,1,8,1,11,2022-04-30,23:19:16
1,0,100,311,0,0,0,0,0,7,1,11,2022-04-30,23:19:17
2,1,113,333,0,0,0,0,0,7,1,11,2022-04-30,23:19:18
1,1,107,336,0,0,20,3,1,8,1,11,2022-04-30,23:19:19
1,0,116,331,0,0,0,0,0,7,1,11,2022-04-30,23:19:20
1,0,96,324,0,0,0,0,0,7,1,11,2022-04-30,23:19:21
1,0,112,338,0,0,0,0,1,8,1,11,2022-04-30,23:19:22
1,0,102,331,0,0,0,0,0,7,1,11,2022-04-30,23:19:23
1,1,116,330,0,0,24,3,0,7,1,11,2022-04-30,23:19:24
2,0,105,326,0,0,0,0,1,8,1,11,2022-04-30,23:19:25
1,1,120,339,0,0,0,0,0,7,1,11,2022-04-30,23:19:26
1,1,100,312,0,0,0,0,0,7,1,11,2022-04-30,23:19:27
1,0,113,346,0,0,0,0,1,8,1,11,2022-04-30,23:19:28
1,0,108,333,0,0,24,5,0,7,1,11,2022-04-30,23:19:29
1,0,117,329,0,0,0,0,0,7,1,11,2022-04-30,23:19:30
0,0,102,328,0,0,0,0,1,8,1,11,2022-04-30,23:19:31
0,0,115,336,0,0,0,0,0,7,1,11,2022-04-30,23:19:32
1,0,97,319,0,0,0,0,0,7,1,11,2022-04-30,23:19:33
2,1,107,324,0,0,36,3,1,8,1,11,2022-04-30,23:19:34
1,0,111,331,0,0,0,0,0,7,1,11,2022-04-30,23:19:35
1,1,113,320,0,0,0,0,0,7,1,11,2022-04-30,23:19:36
1,0,94,314,0,0,0,0,0,6,2,10,2022-04-30,23:19:37
1,1,90,312,0,0,0,0,0,3,0,3,2022-04-30,23:19:38
1,0,103,323,0,0,24,2,0,7,1,11,2022-04-30,23:19:39
1,0,113,325,0,0,0,0,1,8,1,11,2022-04-30,23:19:40
2,1,102,326,0,0,0,0,0,7,1,11,2022-04-30,23:19:41
1,0,107,330,0,0,0,0,0,7,1,11,2022-04-30,23:19:42
2,1,110,323,0,0,0,0,1,8,1,11,2022-04-30,23:19:43
2,1,109,335,0,0,12,2,0,7,1,11,2022-04-30,23:19:44
1,0,112,333,0,0,0,0,0,7,1,11,2022-04-30,23:19:45
1,0,109,330,0,0,0,0,1,8,1,11,2022-04-30,23:19:46
1,1,102,315,0,0,0,0,0,7,1,11,2022-04-30,23:19:47
1,0,106,338,0,0,0,0,0,7,1,11,2022-04-30,23:19:48
1,0,108,331,0,0,12,2,1,8,1,11,2022-04-30,23:19:49
2,0,108,321,0,0,0,0,0,7,1,11,2022-04-30,23:19:50
0,0,99,327,0,0,0,0,0,7,1,11,2022-04-30,23:19:51
2,1,108,332,0,0,0,0,1,8,1,11,2022-04-30,23:19:52
1,0,103,330,0,0,0,0,0,7,1,11,2022-04-30,23:19:53
1,1,107,318,0,0,8,1,0,7,1,11,2022-04-30,23:19:54
1,0,117,348,0,0,20,2,1,8,1,11,2022-04-30,23:19:55
1,0,112,334,0,0,0,0,0,7,1,11,2022-04-30,23:19:56
1,0,99,308,0,0,0,0,0,7,1,11,2022-04-30,23:19:57
1,0,111,329,0,0,0,0,1,8,1,11,2022-04-30,23:19:58
1,0,108,339,0,0,0,0,0,7,2,11,2022-04-30,23:19:59
2,1,113,324,0,0,12,2,0,7,1,11,2022-04-30,23:20:00
9,1,117,400,0,0,0,0,1,8,1,11,2022-04-30,23:20:01
1,0,106,337,0,0,0,0,0,7,1,11,2022-04-30,23:20:02
1,0,107,321,0,0,0,0,0,7,1,11,2022-04-30,23:20:03
1,0,96,320,0,0,8,2,0,5,1,5,2022-04-30,23:20:04
0,0,87,300,0,0,16,2,0,4,1,8,2022-04-30,23:20:05
1,0,99,303,0,0,0,0,0,7,1,11,2022-04-30,23:20:06
1,0,105,327,0,0,0,0,1,8,1,11,2022-04-30,23:20:07
1,0,144,408,0,0,0,0,0,7,1,11,2022-04-30,23:20:08
2,1,102,327,0,0,0,0,0,7,1,11,2022-04-30,23:20:09
2,1,112,331,0,0,12,2,1,9,1,11,2022-04-30,23:20:10
1,0,103,329,0,0,0,0,0,7,1,11,2022-04-30,23:20:11
1,0,110,331,0,0,0,0,0,7,1,11,2022-04-30,23:20:12
1,0,106,324,0,0,0,0,1,8,1,11,2022-04-30,23:20:13
1,0,106,330,0,0,0,0,0,7,1,11,2022-04-30,23:20:14
1,1,119,346,0,0,12,2,0,7,1,11,2022-04-30,23:20:15
1,0,107,325,0,0,0,0,1,8,1,11,2022-04-30,23:20:16
1,0,97,308,0,0,0,0,1,8,1,11,2022-04-30,23:20:17
0,0,114,340,0,0,0,0,0,7,1,11,2022-04-30,23:20:18
1,0,108,328,0,0,0,0,1,8,1,11,2022-04-30,23:20:19
1,0,115,333,0,0,12,2,0,7,1,11,2022-04-30,23:20:20
0,0,99,327,0,0,0,0,0,7,2,11,2022-04-30,23:20:21
1,0,112,336,0,0,0,0,1,8,1,11,2022-04-30,23:20:22
1,0,103,332,0,0,0,0,0,7,1,11,2022-04-30,23:20:23
1,1,108,317,0,0,0,0,0,7,1,11,2022-04-30,23:20:24
1,0,108,336,0,0,12,2,1,8,1,11,2022-04-30,23:20:25
2,1,115,335,0,0,0,0,0,7,1,11,2022-04-30,23:20:26
1,0,99,317,0,0,0,0,0,7,1,11,2022-04-30,23:20:27
1,0,113,340,0,0,0,0,1,8,1,11,2022-04-30,23:20:28
0,0,107,326,0,0,8,1,0,7,1,11,2022-04-30,23:20:29
1,0,107,330,0,0,20,2,0,7,1,11,2022-04-30,23:20:30
2,1,104,329,0,0,0,0,1,8,1,11,2022-04-30,23:20:31
1,1,93,316,0,0,0,0,0,3,1,5,2022-04-30,23:20:32
1,1,88,305,0,0,0,0,0,5,1,8,2022-04-30,23:20:33
1,0,111,316,0,0,28,1,1,8,1,12,2022-04-30,23:20:34
1,0,104,334,0,0,24,2,0,7,1,11,2022-04-30,23:20:35
1,0,107,326,0,0,0,0,0,7,1,11,2022-04-30,23:20:36
1,0,100,314,0,0,0,0,1,8,1,11,2022-04-30,23:20:37
1,0,110,337,0,0,0,0,0,7,1,11,2022-04-30,23:20:38
1,0,107,326,0,0,12,3,0,7,1,11,2022-04-30,23:20:39
1,0,117,340,0,0,12,2,1,8,1,11,2022-04-30,23:20:40
2,1,100,321,0,0,0,0,0,7,1,11,2022-04-30,23:20:41
1,0,111,337,0,0,0,0,0,7,1,11,2022-04-30,23:20:42
1,0,104,335,0,0,0,0,1,9,2,11,2022-04-30,23:20:43
0,0,105,316,0,0,0,0,0,7,1,11,2022-04-30,23:20:44
1,1,113,339,0,0,12,2,0,7,1,11,2022-04-30,23:20:45
1,0,111,326,0,0,0,0,1,8,1,11,2022-04-30,23:20:46
1,0,101,310,0,0,0,0,0,7,1,11,2022-04-30,23:20:47
1,1,108,340,0,0,0,0,0,7,1,11,2022-04-30,23:20:48
1,1,105,325,0,0,0,0,0,7,1,11,2022-04-30,23:20:49
2,0,112,333,0,0,12,2,1,8,1,11,2022-04-30,23:20:50
1,0,104,327,0,0,0,0,0,7,1,11,2022-04-30,23:20:51
1,0,114,333,0,0,0,0,1,8,1,11,2022-04-30,23:20:52
1,0,108,329,0,0,0,0,0,7,1,11,2022-04-30,23:20:53
1,0,106,319,0,0,0,0,0,7,1,11,2022-04-30,23:20:54
0,0,115,352,0,0,12,2,1,10,1,11,2022-04-30,23:20:55
1,1,114,342,0,0,0,0,0,7,1,11,2022-04-30,23:20:56
1,0,96,304,0,0,0,0,0,7,1,11,2022-04-30,23:20:57
1,0,110,327,0,0,0,0,0,7,1,11,2022-04-30,23:20:58
2,1,97,327,0,0,0,0,0,5,1,10,2022-04-30,23:20:59
1,0,100,306,0,0,12,2,0,4,0,3,2022-04-30,23:21:00
12,1,111,383,0,0,0,0,1,8,1,10,2022-04-30,23:21:01
2,1,113,333,0,0,0,0,0,7,1,11,2022-04-30,23:21:02
0,0,105,337,0,0,0,0,0,7,1,11,2022-04-30,23:21:03
1,1,105,314,0,0,8,1,1,8,1,11,2022-04-30,23:21:04
1,0,108,345,0,0,24,2,0,7,2,11,2022-04-30,23:21:05
1,0,107,329,0,0,0,0,0,7,1,11,2022-04-30,23:21:06
1,1,96,306,0,0,0,0,0,7,1,11,2022-04-30,23:21:07
0,0,106,332,0,0,0,0,1,8,1,11,2022-04-30,23:21:08
1,0,104,320,0,0,0,0,0,7,1,11,2022-04-30,23:21:09
2,1,119,335,0,0,12,2,1,8,1,11,2022-04-30,23:21:10
2,0,108,330,0,0,0,0,0,7,1,11,2022-04-30,23:21:11
1,1,106,334,0,0,0,0,0,7,1,11,2022-04-30,23:21:12
2,1,103,329,0,0,0,0,1,8,1,11,2022-04-30,23:21:13
1,0,108,321,0,0,0,0,0,7,1,11,2022-04-30,23:21:14
1,1,118,354,0,0,12,2,0,7,1,11,2022-04-30,23:21:15
1,0,108,322,0,0,0,0,0,7,1,11,2022-04-30,23:21:16
1,0,99,316,0,0,0,0,1,8,1,11,2022-04-30,23:21:17
1,1,109,337,0,0,0,0,0,7,1,11,2022-04-30,23:21:18
1,0,109,330,0,0,12,3,0,7,1,11,2022-04-30,23:21:19
2,0,117,333,0,0,12,2,1,8,1,11,2022-04-30,23:21:20
2,1,98,325,0,0,0,0,0,7,1,11,2022-04-30,23:21:21
0,0,106,332,0,0,0,0,1,8,1,11,2022-04-30,23:21:22
1,0,105,326,0,0,0,0,0,7,1,11,2022-04-30,23:21:23
1,0,110,326,0,0,0,0,0,7,1,11,2022-04-30,23:21:24
1,0,117,344,0,0,12,2,0,5,1,7,2022-04-30,23:21:25
1,0,98,316,0,0,0,0,0,6,1,8,2022-04-30,23:21:26
0,0,110,325,0,0,0,0,0,7,2,11,2022-04-30,23:21:27
2,0,110,340,0,0,0,0,0,7,1,11,2022-04-30,23:21:28
1,1,107,330,0,0,0,0,1,8,1,11,2022-04-30,23:21:29
2,0,116,321,0,0,12,2,1,8,1,12,2022-04-30,23:21:30
0,0,105,330,0,0,0,0,1,8,1,11,2022-04-30,23:21:31
2,1,103,333,0,0,0,0,1,8,1,11,2022-04-30,23:21:32
1,0,103,312,0,0,0,0,0,7,1,11,2022-04-30,23:21:33
2,1,107,324,0,0,24,1,0,7,1,11,2022-04-30,23:21:34
1,0,109,331,0,0,0,0,1,8,1,11,2022-04-30,23:21:35
1,1,113,311,0,0,24,2,0,7,1,11,2022-04-30,23:21:36
1,0,98,289,0,0,0,0,0,7,1,11,2022-04-30,23:21:37
1,0,106,334,0,0,0,0,1,8,1,11,2022-04-30,23:21:38
0,0,107,328,0,0,4,1,0,7,1,11,2022-04-30,23:21:39
2,0,124,336,0,0,0,0,1,8,1,11,2022-04-30,23:21:40
1,1,104,331,0,0,0,0,0,7,1,11,2022-04-30,23:21:41
1,0,115,346,0,0,12,2,0,7,1,11,2022-04-30,23:21:42
1,0,105,335,0,0,0,0,0,7,1,11,2022-04-30,23:21:43
1,0,110,321,0,0,0,0,1,8,1,11,2022-04-30,23:21:44
1,0,114,339,0,0,0,0,0,7,1,11,2022-04-30,23:21:45
1,0,109,331,0,0,0,0,0,7,1,11,2022-04-30,23:21:46
1,0,106,318,0,0,12,2,1,8,1,11,2022-04-30,23:21:47
0,0,110,336,0,0,0,0,0,7,1,11,2022-04-30,23:21:48
2,1,104,333,0,0,0,0,0,7,2,11,2022-04-30,23:21:49
2,1,108,318,0,0,0,0,1,8,1,11,2022-04-30,23:21:50
0,0,86,307,0,0,0,0,0,2,0,3,2022-04-30,23:21:51
1,0,101,322,0,0,16,2,0,6,1,10,2022-04-30,23:21:52
1,0,102,332,0,0,0,0,1,8,1,11,2022-04-30,23:21:53
0,0,107,312,0,0,0,0,0,7,1,11,2022-04-30,23:21:54
1,1,109,341,0,0,0,0,0,7,1,11,2022-04-30,23:21:55
2,0,118,338,0,0,0,0,1,8,1,11,2022-04-30,23:21:56
0,0,106,318,0,0,12,2,0,7,1,11,2022-04-30,23:21:57
1,0,108,330,0,0,0,0,0,7,1,11,2022-04-30,23:21:58
1,0,106,330,0,0,0,0,1,8,1,11,2022-04-30,23:21:59
1,0,114,329,0,0,0,0,0,7,1,11,2022-04-30,23:22:00
6,1,112,369,0,0,0,0,0,7,1,11,2022-04-30,23:22:01
1,0,116,348,0,0,16,2,1,8,1,11,2022-04-30,23:22:02
1,0,103,322,0,0,0,0,0,7,1,11,2022-04-30,23:22:03
1,0,108,324,0,0,16,4,0,7,1,11,2022-04-30,23:22:04
1,0,101,321,0,0,0,0,1,8,1,11,2022-04-30,23:22:05
1,1,107,323,0,0,0,0,0,7,1,11,2022-04-30,23:22:06
1,0,105,319,0,0,12,2,0,7,1,11,2022-04-30,23:22:07
1,0,115,344,0,0,0,0,1,8,1,11,2022-04-30,23:22:08
1,1,102,323,0,0,0,0,0,7,1,11,2022-04-30,23:22:09
1,0,111,323,0,0,0,0,0,7,1,11,2022-04-30,23:22:10
2,1,108,337,0,0,0,0,1,8,2,11,2022-04-30,23:22:11
0,0,109,338,0,0,12,2,0,7,1,11,2022-04-30,23:22:12
0,0,100,329,0,0,0,0,0,7,1,11,2022-04-30,23:22:13
1,0,100,318,0,0,8,1,0,7,1,11,2022-04-30,23:22:14
0,0,118,338,0,0,0,0,0,7,1,11,2022-04-30,23:22:15
2,0,105,329,0,0,0,0,0,7,1,11,2022-04-30,23:22:16
1,0,109,325,0,0,24,3,1,8,1,11,2022-04-30,23:22:17
1,0,132,395,0,0,0,0,0,4,1,5,2022-04-30,23:22:18
1,0,91,304,0,0,8,1,0,4,1,8,2022-04-30,23:22:19
1,0,103,308,0,0,0,0,1,8,1,11,2022-04-30,23:22:20
2,0,106,322,0,0,0,0,0,7,1,11,2022-04-30,23:22:21
1,1,112,336,0,0,28,2,0,7,1,11,2022-04-30,23:22:22
1,0,105,325,0,0,0,0,1,8,1,11,2022-04-30,23:22:23
2,1,108,330,0,0,0,0,0,7,1,11,2022-04-30,23:22:24
0,0,107,329,0,0,0,0,0,7,1,11,2022-04-30,23:22:25
1,0,113,336,0,0,0,0,1,8,1,11,2022-04-30,23:22:26
1,0,110,322,0,0,12,2,0,7,1,11,2022-04-30,23:22:27
1,0,112,342,0,0,0,0,0,7,1,11,2022-04-30,23:22:28
1,0,106,334,0,0,0,0,1,8,1,11,2022-04-30,23:22:29
1,0,102,313,0,0,0,0,0,7,1,11,2022-04-30,23:22:30
1,0,110,333,0,0,0,0,0,7,1,11,2022-04-30,23:22:31
2,2,101,337,0,0,12,2,1,8,1,11,2022-04-30,23:22:32
2,1,111,342,0,0,0,0,0,7,2,11,2022-04-30,23:22:33
0,0,100,308,0,0,24,1,0,7,1,11,2022-04-30,23:22:34
1,0,109,337,0,0,0,0,1,8,1,11,2022-04-30,23:22:35
1,0,101,323,0,0,0,0,0,7,1,11,2022-04-30,23:22:36
1,1,108,320,0,0,24,2,0,7,1,11,2022-04-30,23:22:37
1,0,107,342,0,0,0,0,1,8,1,11,2022-04-30,23:22:38
1,0,107,328,0,0,24,6,0,7,1,11,2022-04-30,23:22:39
2,1,108,328,0,0,0,0,0,7,1,11,2022-04-30,23:22:40
0,0,108,329,0,0,0,0,1,7,1,11,2022-04-30,23:22:41
1,0,111,337,0,0,12,2,1,8,1,12,2022-04-30,23:22:42
1,0,108,321,0,0,0,0,0,7,1,11,2022-04-30,23:22:43
2,1,108,328,0,0,0,0,1,8,1,11,2022-04-30,23:22:44
1,1,104,336,0,0,0,0,0,4,1,5,2022-04-30,23:22:45
1,0,83,285,0,0,0,0,0,4,1,8,2022-04-30,23:22:46
0,0,109,322,0,0,12,2,1,8,1,11,2022-04-30,23:22:47
1,0,104,334,0,0,0,0,0,7,1,11,2022-04-30,23:22:48
1,1,108,327,0,0,8,1,0,7,1,11,2022-04-30,23:22:49
2,1,106,317,0,0,0,0,1,8,1,11,2022-04-30,23:22:50
1,0,112,334,0,0,0,0,0,7,1,11,2022-04-30,23:22:51
1,1,111,337,0,0,24,3,0,7,1,11,2022-04-30,23:22:52
0,0,108,328,0,0,0,0,1,8,1,11,2022-04-30,23:22:53
1,1,107,322,0,0,0,0,0,7,1,11,2022-04-30,23:22:54
1,0,117,352,0,0,0,0,0,7,2,11,2022-04-30,23:22:55
1,0,106,335,0,0,0,0,1,8,1,11,2022-04-30,23:22:56
1,1,109,320,0,0,12,2,0,7,1,11,2022-04-30,23:22:57
1,0,113,347,0,0,0,0,1,9,2,13,2022-04-30,23:22:58
0,0,106,328,0,0,0,0,1,8,1,11,2022-04-30,23:22:59
2,0,110,322,0,0,0,0,0,7,1,11,2022-04-30,23:23:00
11,1,123,407,0,0,0,0,0,7,1,11,2022-04-30,23:23:01
0,0,104,337,0,0,16,2,1,8,1,11,2022-04-30,23:23:02
2,0,112,337,0,0,0,0,0,7,1,11,2022-04-30,23:23:03
0,0,104,311,0,0,0,0,0,7,1,11,2022-04-30,23:23:04
1,0,109,329,0,0,0,0,1,8,1,11,2022-04-30,23:23:05
1,1,101,321,0,0,0,0,0,7,1,11,2022-04-30,23:23:06
1,0,113,325,0,0,12,2,0,7,1,11,2022-04-30,23:23:07
1,0,105,333,0,0,0,0,1,8,1,11,2022-04-30,23:23:08
2,1,114,330,0,0,0,0,0,7,1,11,2022-04-30,23:23:09
1,0,105,315,0,0,0,0,0,7,1,11,2022-04-30,23:23:10
1,0,114,335,0,0,0,0,1,8,1,11,2022-04-30,23:23:11
1,0,109,335,0,0,12,2,0,7,1,10,2022-04-30,23:23:12
1,0,94,312,0,0,0,0,0,3,1,6,2022-04-30,23:23:13
0,0,93,291,0,0,12,3,0,6,1,8,2022-04-30,23:23:14
1,0,115,346,0,0,0,0,0,7,1,11,2022-04-30,23:23:15
1,1,102,321,0,0,0,0,1,8,1,11,2022-04-30,23:23:16
1,0,106,323,0,0,12,2,1,8,2,11,2022-04-30,23:23:17
1,0,103,325,0,0,0,0,0,7,1,11,2022-04-30,23:23:18
1,0,111,334,0,0,0,0,0,7,1,11,2022-04-30,23:23:19
2,1,110,325,0,0,0,0,1,8,1,11,2022-04-30,23:23:20
1,0,101,329,0,0,0,0,0,7,1,11,2022-04-30,23:23:21
1,1,108,339,0,0,12,2,0,7,1,11,2022-04-30,23:23:22
2,0,107,324,0,0,0,0,1,8,1,11,2022-04-30,23:23:23
1,0,110,325,0,0,8,1,0,7,1,11,2022-04-30,23:23:24
1,0,101,320,0,0,0,0,0,7,1,11,2022-04-30,23:23:25
0,0,113,334,0,0,0,0,1,8,1,11,2022-04-30,23:23:26
1,0,107,323,0,0,24,3,0,7,1,11,2022-04-30,23:23:27
2,1,108,342,0,0,0,0,0,7,1,11,2022-04-30,23:23:28
1,0,108,326,0,0,0,0,1,8,1,11,2022-04-30,23:23:29
1,0,106,315,0,0,0,0,0,7,1,11,2022-04-30,23:23:30
1,0,103,331,0,0,0,0,0,7,1,11,2022-04-30,23:23:31
1,1,112,341,0,0,12,2,1,8,1,11,2022-04-30,23:23:32
2,0,108,328,0,0,0,0,0,7,1,11,2022-04-30,23:23:33
0,0,107,315,0,0,28,1,0,7,1,11,2022-04-30,23:23:34
2,0,115,339,0,0,0,0,1,8,1,11,2022-04-30,23:23:35
0,0,105,307,0,0,0,0,0,7,1,11,2022-04-30,23:23:36
1,0,111,308,0,0,24,2,0,7,1,11,2022-04-30,23:23:37
1,0,105,332,0,0,0,0,1,8,1,11,2022-04-30,23:23:38
1,0,107,336,0,0,0,0,0,7,2,11,2022-04-30,23:23:39
2,0,109,325,0,0,0,0,0,7,1,11,2022-04-30,23:23:40
0,0,93,325,0,0,0,0,0,5,1,5,2022-04-30,23:23:41
1,0,91,317,0,0,12,2,0,4,1,8,2022-04-30,23:23:42
0,0,100,316,0,0,0,0,0,7,1,11,2022-04-30,23:23:43
1,0,102,314,0,0,0,0,1,8,1,11,2022-04-30,23:23:44
1,0,109,333,0,0,0,0,0,7,1,11,2022-04-30,23:23:45
1,0,102,320,0,0,0,0,0,7,1,11,2022-04-30,23:23:46
1,0,109,328,0,0,12,2,1,8,1,11,2022-04-30,23:23:47
1,0,106,329,0,0,0,0,0,7,1,11,2022-04-30,23:23:48
0,0,110,322,0,0,0,0,0,7,1,11,2022-04-30,23:23:49
2,1,103,315,0,0,0,0,1,8,1,11,2022-04-30,23:23:50
0,0,103,324,0,0,0,0,0,7,1,11,2022-04-30,23:23:51
2,1,111,334,0,0,12,2,0,7,1,11,2022-04-30,23:23:52
0,0,114,336,0,0,0,0,1,8,1,11,2022-04-30,23:23:53
1,0,99,312,0,0,0,0,0,7,1,11,2022-04-30,23:23:54
1,0,121,346,0,0,0,0,1,8,1,12,2022-04-30,23:23:55
1,0,108,332,0,0,0,0,1,8,1,11,2022-04-30,23:23:56
1,0,112,327,0,0,12,2,0,7,1,11,2022-04-30,23:23:57
1,0,112,341,0,0,0,0,0,7,1,11,2022-04-30,23:23:58
1,0,114,336,0,0,12,2,1,8,1,11,2022-04-30,23:23:59
1,0,111,333,0,0,0,0,1,8,1,12,2022-04-30,23:24:00
7,0,119,389,0,0,0,0,0,7,2,11,2022-04-30,23:24:01
2,2,106,337,0,0,28,3,1,8,1,11,2022-04-30,23:24:02
1,0,111,336,0,0,0,0,0,7,1,11,2022-04-30,23:24:03
1,0,98,306,0,0,0,0,0,7,1,11,2022-04-30,23:24:04
0,0,110,332,0,0,0,0,1,8,1,11,2022-04-30,23:24:05
1,0,105,318,0,0,0,0,0,7,1,11,2022-04-30,23:24:06
2,0,113,335,0,0,12,2,0,7,1,11,2022-04-30,23:24:07
1,0,107,329,0,0,0,0,1,8,1,11,2022-04-30,23:24:08
1,1,89,309,0,0,0,0,0,2,0,3,2022-04-30,23:24:09
0,0,89,303,0,0,0,0,0,6,1,10,2022-04-30,23:24:10
1,0,108,326,0,0,0,0,1,8,1,11,2022-04-30,23:24:11
2,1,107,339,0,0,12,2,0,7,1,11,2022-04-30,23:24:12
0,0,107,334,0,0,0,0,0,7,1,11,2022-04-30,23:24:13
1,0,106,308,0,0,0,0,1,8,1,11,2022-04-30,23:24:14
1,0,120,345,0,0,0,0,0,7,1,11,2022-04-30,23:24:15
0,0,100,320,0,0,0,0,0,7,1,11,2022-04-30,23:24:16
2,1,117,333,0,0,12,2,1,8,1,11,2022-04-30,23:24:17
2,0,138,400,0,0,0,0,0,7,1,11,2022-04-30,23:24:18
1,0,104,326,0,0,0,0,0,7,1,11,2022-04-30,23:24:19
1,0,116,342,0,0,0,0,1,8,1,11,2022-04-30,23:24:20
1,0,106,313,0,0,0,0,0,7,1,11,2022-04-30,23:24:21
1,0,104,336,0,0,12,2,0,7,1,11,2022-04-30,23:24:22
1,1,110,354,0,0,0,0,1,9,2,11,2022-04-30,23:24:23
1,0,115,334,0,0,0,0,0,7,1,11,2022-04-30,23:24:24
1,0,107,322,0,0,0,0,0,7,1,11,2022-04-30,23:24:25
1,0,108,330,0,0,0,0,1,8,1,11,2022-04-30,23:24:26
1,0,107,334,0,0,36,2,0,7,1,11,2022-04-30,23:24:27
1,1,105,322,0,0,0,0,0,7,1,11,2022-04-30,23:24:28
1,0,111,327,0,0,0,0,1,8,1,11,2022-04-30,23:24:29
1,0,107,333,0,0,8,1,0,7,1,11,2022-04-30,23:24:30
1,0,103,328,0,0,0,0,0,7,1,11,2022-04-30,23:24:31
0,0,108,324,0,0,24,3,1,8,1,11,2022-04-30,23:24:32
2,1,106,331,0,0,0,0,0,7,1,11,2022-04-30,23:24:33
0,0,98,322,0,0,0,0,0,7,1,11,2022-04-30,23:24:34
1,0,111,326,0,0,48,6,1,8,1,11,2022-04-30,23:24:35
1,0,98,316,0,0,0,0,0,5,1,10,2022-04-30,23:24:36
1,1,99,329,0,0,24,2,0,5,0,5,2022-04-30,23:24:37
0,0,99,303,0,0,0,0,1,7,1,10,2022-04-30,23:24:38
2,1,108,329,0,0,0,0,1,8,1,12,2022-04-30,23:24:39
0,0,117,339,0,0,0,0,1,8,1,11,2022-04-30,23:24:40
2,0,103,325,0,0,0,0,0,7,1,11,2022-04-30,23:24:41
2,1,102,325,0,0,36,2,0,7,1,11,2022-04-30,23:24:42
1,0,106,337,0,0,0,0,0,7,1,11,2022-04-30,23:24:43
1,0,108,329,0,0,0,0,1,8,1,11,2022-04-30,23:24:44
1,0,106,330,0,0,0,0,0,7,2,11,2022-04-30,23:24:45
1,0,106,320,0,0,0,0,0,7,1,11,2022-04-30,23:24:46
0,0,112,333,0,0,12,2,1,8,1,11,2022-04-30,23:24:47
1,0,112,337,0,0,0,0,0,7,1,11,2022-04-30,23:24:48
1,0,105,310,0,0,0,0,0,7,1,11,2022-04-30,23:24:49
1,0,108,332,0,0,0,0,1,8,1,11,2022-04-30,23:24:50
2,1,107,329,0,0,0,0,0,7,1,11,2022-04-30,23:24:51
1,0,108,317,0,0,0,0,0,7,1,11,2022-04-30,23:24:52
0,0,110,341,0,0,12,2,1,8,1,11,2022-04-30,23:24:53
2,1,109,325,0,0,0,0,0,7,1,11,2022-04-30,23:24:54
1,0,114,338,0,0,0,0,0,7,1,11,2022-04-30,23:24:55
0,0,111,321,0,0,0,0,1,8,1,11,2022-04-30,23:24:56
2,0,106,323,0,0,0,0,0,7,1,11,2022-04-30,23:24:57
1,0,112,344,0,0,12,2,0,7,1,11,2022-04-30,23:24:58
1,0,101,318,0,0,0,0,1,8,1,11,2022-04-30,23:24:59
1,0,111,337,0,0,0,0,0,7,1,11,2022-04-30,23:25:00
10,1,123,400,0,0,0,0,0,7,1,11,2022-04-30,23:25:01
1,1,99,332,0,0,0,0,1,8,1,11,2022-04-30,23:25:02
1,1,107,338,0,0,16,2,0,7,1,11,2022-04-30,23:25:03
2,0,109,325,0,0,0,0,0,7,1,11,2022-04-30,23:25:04
0,0,91,311,0,0,4,1,0,3,0,3,2022-04-30,23:25:05
1,0,94,287,0,0,0,0,0,6,1,10,2022-04-30,23:25:06
1,1,108,336,0,0,0,0,0,7,2,11,2022-04-30,23:25:07
1,1,114,335,0,0,12,2,1,8,1,11,2022-04-30,23:25:08
1,0,103,313,0,0,0,0,0,7,1,11,2022-04-30,23:25:09
1,0,93,309,0,0,32,7,0,2,0,3,2022-04-30,23:25:10
0,0,89,310,0,0,0,0,0,2,0,2,2022-04-30,23:25:11
0,0,79,292,0,0,0,0,0,1,0,2,2022-04-30,23:25:12
1,0,79,289,0,0,36,2,0,1,0,2,2022-04-30,23:25:13
