2;11;2;11;2022-04-25;17:52:55
2;10;2;11;2022-04-25;17:52:56
2;15;1;12;2022-04-25;17:52:57
2;10;2;11;2022-04-25;17:52:58
2;11;2;10;2022-04-25;17:52:59
2;15;1;11;2022-04-25;17:53:00
2;11;2;11;2022-04-25;17:53:01
2;10;2;10;2022-04-25;17:53:02
2;15;1;11;2022-04-25;17:53:03
2;10;2;10;2022-04-25;17:53:04
2;11;2;10;2022-04-25;17:53:05
2;16;1;13;2022-04-25;17:53:06
2;10;2;11;2022-04-25;17:53:07
1;8;1;6;2022-04-25;17:53:08
3;19;3;17;2022-04-25;17:53:09
1;4;2;5;2022-04-25;17:53:10
2;15;1;11;2022-04-25;17:53:11
2;13;3;13;2022-04-25;17:53:12
2;7;2;9;2022-04-25;17:53:13
2;15;1;12;2022-04-25;17:53:14
2;10;2;12;2022-04-25;17:53:15
3;11;3;13;2022-04-25;17:53:16
2;15;1;12;2022-04-25;17:53:17
2;11;2;10;2022-04-25;17:53:18
2;11;2;11;2022-04-25;17:53:19
2;15;1;12;2022-04-25;17:53:20
2;10;2;11;2022-04-25;17:53:21
2;12;3;12;2022-04-25;17:53:22
2;16;1;12;2022-04-25;17:53:23
2;10;2;10;2022-04-25;17:53:24
1;8;1;6;2022-04-25;17:53:25
3;17;3;15;2022-04-25;17:53:26
0;2;0;2;2022-04-25;17:53:27
3;17;3;16;2022-04-25;17:53:28
3;16;3;14;2022-04-25;17:53:29
1;5;2;8;2022-04-25;17:53:30
2;15;1;11;2022-04-25;17:53:31
2;10;2;10;2022-04-25;17:53:32
2;10;2;10;2022-04-25;17:53:33
2;15;1;11;2022-04-25;17:53:34
2;10;2;10;2022-04-25;17:53:35
2;10;2;10;2022-04-25;17:53:36
2;16;1;11;2022-04-25;17:53:37
2;10;2;11;2022-04-25;17:53:38
2;11;2;10;2022-04-25;17:53:39
2;15;1;13;2022-04-25;17:53:40
3;15;3;15;2022-04-25;17:53:41
1;8;1;6;2022-04-25;17:53:42
3;17;3;15;2022-04-25;17:53:43
1;6;2;8;2022-04-25;17:53:44
2;12;1;8;2022-04-25;17:53:45
3;16;3;14;2022-04-25;17:53:46
1;4;2;8;2022-04-25;17:53:47
2;16;1;12;2022-04-25;17:53:48
2;10;2;10;2022-04-25;17:53:49
2;10;2;10;2022-04-25;17:53:50
2;16;1;12;2022-04-25;17:53:51
2;10;2;10;2022-04-25;17:53:52
2;10;2;10;2022-04-25;17:53:53
2;15;1;12;2022-04-25;17:53:54
2;10;2;10;2022-04-25;17:53:55
2;11;2;10;2022-04-25;17:53:56
2;15;1;12;2022-04-25;17:53:57
2;13;3;13;2022-04-25;17:53:58
1;8;1;7;2022-04-25;17:53:59
3;18;3;15;2022-04-25;17:54:00
1;6;2;7;2022-04-25;17:54:01
2;12;1;9;2022-04-25;17:54:02
3;17;3;15;2022-04-25;17:54:03
1;3;2;5;2022-04-25;17:54:04
2;16;1;13;2022-04-25;17:54:05
3;15;3;15;2022-04-25;17:54:06
2;10;2;10;2022-04-25;17:54:07
2;15;1;11;2022-04-25;17:54:08
2;10;2;10;2022-04-25;17:54:09
2;11;2;12;2022-04-25;17:54:10
2;15;1;12;2022-04-25;17:54:11
2;10;2;11;2022-04-25;17:54:12
2;10;2;10;2022-04-25;17:54:13
2;15;1;11;2022-04-25;17:54:14
2;10;2;10;2022-04-25;17:54:15
1;10;1;7;2022-04-25;17:54:16
3;18;3;15;2022-04-25;17:54:17
2;9;2;11;2022-04-25;17:54:18
1;10;1;6;2022-04-25;17:54:19
3;17;3;15;2022-04-25;17:54:20
1;3;2;5;2022-04-25;17:54:21
2;15;1;12;2022-04-25;17:54:22
2;13;3;14;2022-04-25;17:54:23
2;7;2;8;2022-04-25;17:54:24
2;15;1;11;2022-04-25;17:54:25
2;11;2;11;2022-04-25;17:54:26
2;11;2;10;2022-04-25;17:54:27
2;16;1;11;2022-04-25;17:54:28
2;10;2;10;2022-04-25;17:54:29
2;10;2;11;2022-04-25;17:54:30
3;18;2;16;2022-04-25;17:54:31
2;10;2;11;2022-04-25;17:54:32
1;8;1;8;2022-04-25;17:54:33
3;17;2;14;2022-04-25;17:54:34
2;9;2;10;2022-04-25;17:54:35
1;10;1;6;2022-04-25;17:54:36
3;17;3;15;2022-04-25;17:54:37
1;4;2;5;2022-04-25;17:54:38
2;15;1;11;2022-04-25;17:54:39
3;16;3;15;2022-04-25;17:54:40
1;5;2;8;2022-04-25;17:54:41
2;16;1;12;2022-04-25;17:54:42
2;10;2;11;2022-04-25;17:54:43
2;10;2;11;2022-04-25;17:54:44
2;15;1;12;2022-04-25;17:54:45
2;10;2;10;2022-04-25;17:54:46
2;10;2;10;2022-04-25;17:54:47
2;15;1;11;2022-04-25;17:54:48
2;10;2;10;2022-04-25;17:54:49
2;11;2;11;2022-04-25;17:54:50
2;16;1;14;2022-04-25;17:54:51
2;10;3;13;2022-04-25;17:54:52
1;8;1;7;2022-04-25;17:54:53
3;17;3;16;2022-04-25;17:54:54
1;6;2;8;2022-04-25;17:54:55
3;15;2;13;2022-04-25;17:54:56
4;19;3;15;2022-04-25;17:54:57
1;3;2;5;2022-04-25;17:54:58
2;15;1;11;2022-04-25;17:54:59
2;10;2;10;2022-04-25;17:55:00
2;10;2;10;2022-04-25;17:55:01
2;16;1;11;2022-04-25;17:55:02
2;10;3;11;2022-04-25;17:55:03
2;10;2;11;2022-04-25;17:55:04
2;15;1;13;2022-04-25;17:55:05
2;11;2;12;2022-04-25;17:55:06
2;10;2;11;2022-04-25;17:55:07
2;15;1;12;2022-04-25;17:55:08
3;13;2;10;2022-04-25;17:55:09
1;8;1;7;2022-04-25;17:55:10
3;17;2;16;2022-04-25;17:55:11
2;12;3;13;2022-04-25;17:55:12
1;8;1;7;2022-04-25;17:55:13
3;17;3;15;2022-04-25;17:55:14
1;3;2;5;2022-04-25;17:55:15
2;15;1;11;2022-04-25;17:55:16
3;14;2;12;2022-04-25;17:55:17
2;8;2;8;2022-04-25;17:55:18
2;15;1;11;2022-04-25;17:55:19
2;10;2;10;2022-04-25;17:55:20
3;15;3;16;2022-04-25;17:55:21
2;15;1;12;2022-04-25;17:55:22
2;10;2;12;2022-04-25;17:55:23
2;11;2;11;2022-04-25;17:55:24
2;15;1;12;2022-04-25;17:55:25
2;10;2;11;2022-04-25;17:55:26
1;9;2;10;2022-04-25;17:55:27
2;16;1;13;2022-04-25;17:55:28
2;10;2;12;2022-04-25;17:55:29
1;8;1;7;2022-04-25;17:55:30
3;19;3;17;2022-04-25;17:55:31
1;4;2;6;2022-04-25;17:55:32
2;15;1;12;2022-04-25;17:55:33
3;16;3;16;2022-04-25;17:55:34
1;4;2;6;2022-04-25;17:55:35
2;15;1;12;2022-04-25;17:55:36
2;10;2;11;2022-04-25;17:55:37
2;10;2;11;2022-04-25;17:55:38
2;15;1;11;2022-04-25;17:55:39
2;10;2;10;2022-04-25;17:55:40
2;11;2;11;2022-04-25;17:55:41
2;15;1;11;2022-04-25;17:55:42
2;10;2;11;2022-04-25;17:55:43
2;10;2;10;2022-04-25;17:55:44
2;15;1;13;2022-04-25;17:55:45
3;13;3;14;2022-04-25;17:55:46
1;8;1;6;2022-04-25;17:55:47
3;17;3;15;2022-04-25;17:55:48
1;4;2;6;2022-04-25;17:55:49
2;14;1;10;2022-04-25;17:55:50
3;17;3;16;2022-04-25;17:55:51
1;3;2;6;2022-04-25;17:55:52
2;16;1;13;2022-04-25;17:55:53
2;10;2;10;2022-04-25;17:55:54
2;10;2;10;2022-04-25;17:55:55
2;16;1;12;2022-04-25;17:55:56
2;10;2;10;2022-04-25;17:55:57
2;10;2;10;2022-04-25;17:55:58
2;15;1;11;2022-04-25;17:55:59
2;10;2;10;2022-04-25;17:56:00
2;10;2;11;2022-04-25;17:56:01
2;15;1;12;2022-04-25;17:56:02
2;10;2;11;2022-04-25;17:56:03
2;10;2;9;2022-04-25;17:56:04
2;16;1;12;2022-04-25;17:56:05
2;10;2;11;2022-04-25;17:56:06
1;9;1;6;2022-04-25;17:56:07
3;17;3;15;2022-04-25;17:56:08
1;3;2;5;2022-04-25;17:56:09
2;15;1;11;2022-04-25;17:56:10
3;13;3;16;2022-04-25;17:56:11
2;10;2;11;2022-04-25;17:56:12
2;15;1;12;2022-04-25;17:56:13
2;10;2;10;2022-04-25;17:56:14
2;10;2;10;2022-04-25;17:56:15
2;15;1;11;2022-04-25;17:56:16
2;10;2;10;2022-04-25;17:56:17
2;10;2;11;2022-04-25;17:56:18
2;15;1;12;2022-04-25;17:56:19
2;10;2;11;2022-04-25;17:56:20
2;12;2;11;2022-04-25;17:56:21
2;15;1;11;2022-04-25;17:56:22
2;10;2;10;2022-04-25;17:56:23
1;8;1;6;2022-04-25;17:56:24
3;19;3;18;2022-04-25;17:56:25
2;10;2;11;2022-04-25;17:56:26
1;8;1;7;2022-04-25;17:56:27
2;11;2;12;2022-04-25;17:56:28
2;9;2;9;2022-04-25;17:56:29
2;15;1;11;2022-04-25;17:56:30
2;10;3;11;2022-04-25;17:56:31
2;10;2;11;2022-04-25;17:56:32
2;15;1;11;2022-04-25;17:56:33
2;10;2;11;2022-04-25;17:56:34
2;10;2;11;2022-04-25;17:56:35
3;19;1;14;2022-04-25;17:56:36
2;12;3;13;2022-04-25;17:56:37
2;10;2;10;2022-04-25;17:56:38
2;15;1;11;2022-04-25;17:56:39
2;10;2;10;2022-04-25;17:56:40
2;10;2;9;2022-04-25;17:56:41
2;15;1;12;2022-04-25;17:56:42
2;10;2;10;2022-04-25;17:56:43
1;8;1;7;2022-04-25;17:56:44
3;17;3;15;2022-04-25;17:56:45
2;10;2;12;2022-04-25;17:56:46
1;10;1;8;2022-04-25;17:56:47
2;10;2;10;2022-04-25;17:56:48
2;10;2;11;2022-04-25;17:56:49
2;15;1;12;2022-04-25;17:56:50
2;10;2;11;2022-04-25;17:56:51
2;10;2;10;2022-04-25;17:56:52
2;15;1;11;2022-04-25;17:56:53
2;11;2;11;2022-04-25;17:56:54
2;10;2;11;2022-04-25;17:56:55
2;15;1;12;2022-04-25;17:56:56
2;11;3;12;2022-04-25;17:56:57
2;10;2;10;2022-04-25;17:56:58
2;15;1;11;2022-04-25;17:56:59
2;10;2;10;2022-04-25;17:57:00
1;9;2;9;2022-04-25;17:57:01
4;20;2;14;2022-04-25;17:57:02
2;10;2;10;2022-04-25;17:57:03
1;8;1;7;2022-04-25;17:57:04
2;10;2;11;2022-04-25;17:57:05
2;11;2;11;2022-04-25;17:57:06
2;16;1;12;2022-04-25;17:57:07
2;10;2;11;2022-04-25;17:57:08
2;10;2;11;2022-04-25;17:57:09
2;15;1;13;2022-04-25;17:57:10
2;10;2;10;2022-04-25;17:57:11
2;10;2;10;2022-04-25;17:57:12
2;15;1;12;2022-04-25;17:57:13
2;11;2;11;2022-04-25;17:57:14
2;10;3;10;2022-04-25;17:57:15
2;15;1;12;2022-04-25;17:57:16
2;11;2;12;2022-04-25;17:57:17
2;10;2;10;2022-04-25;17:57:18
2;15;1;12;2022-04-25;17:57:19
2;10;2;10;2022-04-25;17:57:20
1;8;1;6;2022-04-25;17:57:21
3;16;3;14;2022-04-25;17:57:22
1;4;2;6;2022-04-25;17:57:23
2;15;1;11;2022-04-25;17:57:24
2;10;2;10;2022-04-25;17:57:25
2;10;2;10;2022-04-25;17:57:26
3;19;2;16;2022-04-25;17:57:27
2;10;2;10;2022-04-25;17:57:28
2;10;2;11;2022-04-25;17:57:29
2;15;1;12;2022-04-25;17:57:30
2;10;2;11;2022-04-25;17:57:31
2;11;2;10;2022-04-25;17:57:32
2;15;1;11;2022-04-25;17:57:33
2;10;2;10;2022-04-25;17:57:34
2;12;2;11;2022-04-25;17:57:35
2;15;1;11;2022-04-25;17:57:36
2;10;3;10;2022-04-25;17:57:37
1;8;1;7;2022-04-25;17:57:38
3;17;2;14;2022-04-25;17:57:39
2;9;2;8;2022-04-25;17:57:40
1;9;1;8;2022-04-25;17:57:41
2;10;2;10;2022-04-25;17:57:42
2;10;2;10;2022-04-25;17:57:43
2;15;1;11;2022-04-25;17:57:44
2;10;2;10;2022-04-25;17:57:45
2;10;2;10;2022-04-25;17:57:46
2;16;1;11;2022-04-25;17:57:47
2;10;2;10;2022-04-25;17:57:48
2;10;2;10;2022-04-25;17:57:49
2;15;1;12;2022-04-25;17:57:50
2;10;2;11;2022-04-25;17:57:51
3;15;3;16;2022-04-25;17:57:52
2;15;1;11;2022-04-25;17:57:53
2;10;2;10;2022-04-25;17:57:54
1;8;1;6;2022-04-25;17:57:55
3;17;3;15;2022-04-25;17:57:56
2;9;2;9;2022-04-25;17:57:57
1;9;1;7;2022-04-25;17:57:58
2;11;3;12;2022-04-25;17:57:59
2;9;2;9;2022-04-25;17:58:00
2;15;1;11;2022-04-25;17:58:01
2;12;2;11;2022-04-25;17:58:02
2;10;2;10;2022-04-25;17:58:03
2;15;1;11;2022-04-25;17:58:04
2;10;2;10;2022-04-25;17:58:05
2;10;2;10;2022-04-25;17:58:06
2;15;1;11;2022-04-25;17:58:07
2;10;2;10;2022-04-25;17:58:08
2;10;2;10;2022-04-25;17:58:09
2;15;1;11;2022-04-25;17:58:10
2;10;2;11;2022-04-25;17:58:11
2;11;2;11;2022-04-25;17:58:12
2;15;1;13;2022-04-25;17:58:13
2;11;2;10;2022-04-25;17:58:14
1;8;1;6;2022-04-25;17:58:15
3;17;3;15;2022-04-25;17:58:16
2;8;2;10;2022-04-25;17:58:17
2;12;1;8;2022-04-25;17:58:18
2;10;2;10;2022-04-25;17:58:19
2;10;2;10;2022-04-25;17:58:20
2;15;1;11;2022-04-25;17:58:21
2;10;2;10;2022-04-25;17:58:22
2;10;2;10;2022-04-25;17:58:23
2;15;1;11;2022-04-25;17:58:24
2;13;3;13;2022-04-25;17:58:25
2;10;2;11;2022-04-25;17:58:26
2;16;1;13;2022-04-25;17:58:27
2;11;2;11;2022-04-25;17:58:28
2;10;2;10;2022-04-25;17:58:29
2;16;1;13;2022-04-25;17:58:30
2;10;2;11;2022-04-25;17:58:31
1;9;1;9;2022-04-25;17:58:32
2;16;2;13;2022-04-25;17:58:33
2;10;2;11;2022-04-25;17:58:34
1;8;1;7;2022-04-25;17:58:35
2;11;2;12;2022-04-25;17:58:36
2;10;2;10;2022-04-25;17:58:37
2;16;1;12;2022-04-25;17:58:38
2;10;2;11;2022-04-25;17:58:39
2;10;2;10;2022-04-25;17:58:40
2;15;1;11;2022-04-25;17:58:41
3;13;3;14;2022-04-25;17:58:42
2;10;3;11;2022-04-25;17:58:43
2;15;1;12;2022-04-25;17:58:44
2;10;2;11;2022-04-25;17:58:45
2;10;2;10;2022-04-25;17:58:46
2;15;1;11;2022-04-25;17:58:47
2;10;2;10;2022-04-25;17:58:48
2;12;2;12;2022-04-25;17:58:49
2;15;1;11;2022-04-25;17:58:50
2;10;2;10;2022-04-25;17:58:51
1;8;1;8;2022-04-25;17:58:52
2;13;2;13;2022-04-25;17:58:53
3;15;3;13;2022-04-25;17:58:54
1;8;1;6;2022-04-25;17:58:55
2;10;2;10;2022-04-25;17:58:56
2;10;2;11;2022-04-25;17:58:57
2;15;1;12;2022-04-25;17:58:58
2;10;2;11;2022-04-25;17:58:59
2;10;2;10;2022-04-25;17:59:00
2;15;1;11;2022-04-25;17:59:01
2;10;2;10;2022-04-25;17:59:02
2;10;2;10;2022-04-25;17:59:03
2;15;1;11;2022-04-25;17:59:04
2;10;3;10;2022-04-25;17:59:05
2;10;2;11;2022-04-25;17:59:06
3;20;2;17;2022-04-25;17:59:07
2;10;2;11;2022-04-25;17:59:08
2;10;2;9;2022-04-25;17:59:09
2;15;1;12;2022-04-25;17:59:10
2;11;2;10;2022-04-25;17:59:11
1;8;1;6;2022-04-25;17:59:12
2;10;2;11;2022-04-25;17:59:13
2;13;3;13;2022-04-25;17:59:14
2;12;1;10;2022-04-25;17:59:15
2;10;2;10;2022-04-25;17:59:16
2;11;2;11;2022-04-25;17:59:17
2;15;1;11;2022-04-25;17:59:18
2;10;2;10;2022-04-25;17:59:19
2;10;2;10;2022-04-25;17:59:20
2;15;1;11;2022-04-25;17:59:21
2;10;2;10;2022-04-25;17:59:22
2;10;2;11;2022-04-25;17:59:23
2;15;1;12;2022-04-25;17:59:24
2;10;2;11;2022-04-25;17:59:25
1;8;1;8;2022-04-25;17:59:26
3;18;2;16;2022-04-25;17:59:27
1;6;2;8;2022-04-25;17:59:28
1;5;0;3;2022-04-25;17:59:29
0;1;0;1;2022-04-25;17:59:30
0;1;0;1;2022-04-25;17:59:31
3;12;1;11;2022-04-25;17:59:32
1;3;2;6;2022-04-25;17:59:33
2;15;1;12;2022-04-25;17:59:34
3;17;3;16;2022-04-25;17:59:35
1;3;2;5;2022-04-25;17:59:36
2;15;1;11;2022-04-25;17:59:37
3;17;3;15;2022-04-25;17:59:38
1;3;2;6;2022-04-25;17:59:39
2;15;1;12;2022-04-25;17:59:40
3;17;3;16;2022-04-25;17:59:41
1;5;2;6;2022-04-25;17:59:42
2;16;1;11;2022-04-25;17:59:43
3;17;3;15;2022-04-25;17:59:44
1;4;2;4;2022-04-25;17:59:45
2;15;1;12;2022-04-25;17:59:46
3;17;3;15;2022-04-25;17:59:47
0;1;0;2;2022-04-25;17:59:48
3;17;3;16;2022-04-25;17:59:49
1;9;3;12;2022-04-25;17:59:50
2;10;1;7;2022-04-25;17:59:51
3;19;3;16;2022-04-25;17:59:52
1;3;2;5;2022-04-25;17:59:53
2;15;1;11;2022-04-25;17:59:54
3;17;3;16;2022-04-25;17:59:55
1;3;2;6;2022-04-25;17:59:56
3;18;2;16;2022-04-25;17:59:57
3;17;3;15;2022-04-25;17:59:58
1;3;2;5;2022-04-25;17:59:59
2;15;1;11;2022-04-25;18:00:00
3;17;3;15;2022-04-25;18:00:01
1;4;2;5;2022-04-25;18:00:02
2;16;1;13;2022-04-25;18:00:03
3;17;3;17;2022-04-25;18:00:04
0;1;0;3;2022-04-25;18:00:05
3;19;3;17;2022-04-25;18:00:06
3;16;3;14;2022-04-25;18:00:07
0;2;0;5;2022-04-25;18:00:08
3;17;3;16;2022-04-25;18:00:09
1;3;2;5;2022-04-25;18:00:10
2;15;1;11;2022-04-25;18:00:11
3;17;3;15;2022-04-25;18:00:12
1;3;2;5;2022-04-25;18:00:13
2;15;1;11;2022-04-25;18:00:14
3;17;3;15;2022-04-25;18:00:15
1;4;2;5;2022-04-25;18:00:16
2;16;1;12;2022-04-25;18:00:17
3;17;3;16;2022-04-25;18:00:18
1;3;2;6;2022-04-25;18:00:19
2;15;1;11;2022-04-25;18:00:20
3;17;3;15;2022-04-25;18:00:21
2;8;3;9;2022-04-25;18:00:22
2;15;1;12;2022-04-25;18:00:23
3;17;3;16;2022-04-25;18:00:24
0;1;1;4;2022-04-25;18:00:25
3;17;3;16;2022-04-25;18:00:26
1;6;2;7;2022-04-25;18:00:27
2;13;1;10;2022-04-25;18:00:28
3;17;3;16;2022-04-25;18:00:29
1;3;2;7;2022-04-25;18:00:30
2;15;1;11;2022-04-25;18:00:31
3;18;3;16;2022-04-25;18:00:32
1;3;2;5;2022-04-25;18:00:33
2;16;1;11;2022-04-25;18:00:34
3;17;3;15;2022-04-25;18:00:35
1;3;2;5;2022-04-25;18:00:36
2;15;1;11;2022-04-25;18:00:37
3;17;3;15;2022-04-25;18:00:38
1;3;2;6;2022-04-25;18:00:39
2;15;1;11;2022-04-25;18:00:40
3;17;3;16;2022-04-25;18:00:41
1;4;1;4;2022-04-25;18:00:42
3;17;2;15;2022-04-25;18:00:43
3;16;3;13;2022-04-25;18:00:44
0;2;0;4;2022-04-25;18:00:45
3;17;3;15;2022-04-25;18:00:46
2;6;3;8;2022-04-25;18:00:47
2;15;1;12;2022-04-25;18:00:48
3;17;3;15;2022-04-25;18:00:49
1;3;2;5;2022-04-25;18:00:50
2;15;1;11;2022-04-25;18:00:51
3;17;3;15;2022-04-25;18:00:52
1;3;2;5;2022-04-25;18:00:53
2;16;1;11;2022-04-25;18:00:54
3;18;3;15;2022-04-25;18:00:55
1;3;2;5;2022-04-25;18:00:56
2;16;1;12;2022-04-25;18:00:57
3;17;3;16;2022-04-25;18:00:58
1;3;2;5;2022-04-25;18:00:59
2;15;1;13;2022-04-25;18:01:00
3;17;3;16;2022-04-25;18:01:01
0;1;0;1;2022-04-25;18:01:02
3;18;3;15;2022-04-25;18:01:03
2;9;2;8;2022-04-25;18:01:04
1;9;1;8;2022-04-25;18:01:05
3;17;3;16;2022-04-25;18:01:06
1;4;2;7;2022-04-25;18:01:07
2;15;1;12;2022-04-25;18:01:08
3;17;3;15;2022-04-25;18:01:09
1;3;2;5;2022-04-25;18:01:10
2;15;1;12;2022-04-25;18:01:11
4;21;4;20;2022-04-25;18:01:12
1;3;2;7;2022-04-25;18:01:13
2;15;1;13;2022-04-25;18:01:14
3;17;3;15;2022-04-25;18:01:15
1;3;2;5;2022-04-25;18:01:16
2;15;1;11;2022-04-25;18:01:17
3;19;3;17;2022-04-25;18:01:18
1;4;2;4;2022-04-25;18:01:19
2;15;1;13;2022-04-25;18:01:20
3;17;3;16;2022-04-25;18:01:21
0;1;0;2;2022-04-25;18:01:22
3;17;3;15;2022-04-25;18:01:23
2;6;2;7;2022-04-25;18:01:24
2;14;1;11;2022-04-25;18:01:25
3;17;3;16;2022-04-25;18:01:26
1;4;2;5;2022-04-25;18:01:27
2;15;1;13;2022-04-25;18:01:28
3;17;3;15;2022-04-25;18:01:29
1;4;2;5;2022-04-25;18:01:30
2;15;1;11;2022-04-25;18:01:31
3;18;3;15;2022-04-25;18:01:32
1;3;2;6;2022-04-25;18:01:33
2;15;1;12;2022-04-25;18:01:34
3;18;3;16;2022-04-25;18:01:35
1;4;2;5;2022-04-25;18:01:36
3;20;2;16;2022-04-25;18:01:37
3;18;3;16;2022-04-25;18:01:38
1;2;2;5;2022-04-25;18:01:39
2;16;1;13;2022-04-25;18:01:40
2;11;2;11;2022-04-25;18:01:41
1;7;1;7;2022-04-25;18:01:42
3;17;3;15;2022-04-25;18:01:43
1;4;2;5;2022-04-25;18:01:44
2;15;1;11;2022-04-25;18:01:45
3;17;3;15;2022-04-25;18:01:46
1;4;2;6;2022-04-25;18:01:47
2;16;1;12;2022-04-25;18:01:48
3;17;3;16;2022-04-25;18:01:49
1;4;2;6;2022-04-25;18:01:50
2;15;1;11;2022-04-25;18:01:51
3;17;3;15;2022-04-25;18:01:52
1;3;2;6;2022-04-25;18:01:53
2;15;1;12;2022-04-25;18:01:54
3;18;3;16;2022-04-25;18:01:55
1;3;2;6;2022-04-25;18:01:56
2;16;1;14;2022-04-25;18:01:57
3;18;3;15;2022-04-25;18:01:58
0;1;0;2;2022-04-25;18:01:59
3;17;3;16;2022-04-25;18:02:00
1;4;2;7;2022-04-25;18:02:01
3;17;2;14;2022-04-25;18:02:02
3;17;3;16;2022-04-25;18:02:03
1;4;2;6;2022-04-25;18:02:04
2;15;1;12;2022-04-25;18:02:05
3;17;3;15;2022-04-25;18:02:06
1;3;2;5;2022-04-25;18:02:07
2;15;1;11;2022-04-25;18:02:08
3;18;3;15;2022-04-25;18:02:09
1;3;2;5;2022-04-25;18:02:10
2;16;1;12;2022-04-25;18:02:11
3;18;3;17;2022-04-25;18:02:12
1;3;2;6;2022-04-25;18:02:13
2;15;1;11;2022-04-25;18:02:14
3;17;3;16;2022-04-25;18:02:15
0;1;0;2;2022-04-25;18:02:16
3;17;3;16;2022-04-25;18:02:17
1;6;2;8;2022-04-25;18:02:18
2;12;1;11;2022-04-25;18:02:19
3;18;3;16;2022-04-25;18:02:20
1;3;2;6;2022-04-25;18:02:21
2;16;1;12;2022-04-25;18:02:22
3;17;3;17;2022-04-25;18:02:23
1;3;2;6;2022-04-25;18:02:24
3;17;1;13;2022-04-25;18:02:25
3;17;3;16;2022-04-25;18:02:26
2;6;3;11;2022-04-25;18:02:27
2;15;1;12;2022-04-25;18:02:28
3;17;3;17;2022-04-25;18:02:29
1;5;2;7;2022-04-25;18:02:30
2;15;1;13;2022-04-25;18:02:31
3;17;3;16;2022-04-25;18:02:32
0;1;1;4;2022-04-25;18:02:33
3;18;2;15;2022-04-25;18:02:34
3;14;3;14;2022-04-25;18:02:35
1;5;0;5;2022-04-25;18:02:36
3;17;3;17;2022-04-25;18:02:37
1;3;2;5;2022-04-25;18:02:38
2;16;1;13;2022-04-25;18:02:39
3;17;3;16;2022-04-25;18:02:40
1;3;2;7;2022-04-25;18:02:41
2;15;1;11;2022-04-25;18:02:42
3;17;3;17;2022-04-25;18:02:43
1;3;2;6;2022-04-25;18:02:44
2;15;1;13;2022-04-25;18:02:45
3;17;3;16;2022-04-25;18:02:46
2;5;2;7;2022-04-25;18:02:47
2;15;1;12;2022-04-25;18:02:48
3;17;3;16;2022-04-25;18:02:49
0;1;1;2;2022-04-25;18:02:50
3;17;2;16;2022-04-25;18:02:51
4;21;4;21;2022-04-25;18:02:52
0;2;0;3;2022-04-25;18:02:53
3;18;3;15;2022-04-25;18:02:54
1;4;2;7;2022-04-25;18:02:55
2;15;1;12;2022-04-25;18:02:56
3;17;3;17;2022-04-25;18:02:57
1;3;2;5;2022-04-25;18:02:58
2;15;1;13;2022-04-25;18:02:59
3;18;3;16;2022-04-25;18:03:00
1;4;2;7;2022-04-25;18:03:01
2;17;1;12;2022-04-25;18:03:02
3;17;3;17;2022-04-25;18:03:03
1;3;2;6;2022-04-25;18:03:04
2;15;1;13;2022-04-25;18:03:05
3;17;3;16;2022-04-25;18:03:06
1;3;2;7;2022-04-25;18:03:07
2;15;1;12;2022-04-25;18:03:08
3;18;3;16;2022-04-25;18:03:09
0;1;0;1;2022-04-25;18:03:10
3;17;3;17;2022-04-25;18:03:11
1;6;2;9;2022-04-25;18:03:12
2;14;1;11;2022-04-25;18:03:13
3;17;3;15;2022-04-25;18:03:14
1;4;2;7;2022-04-25;18:03:15
2;15;1;12;2022-04-25;18:03:16
4;20;4;21;2022-04-25;18:03:17
1;3;2;5;2022-04-25;18:03:18
2;15;1;13;2022-04-25;18:03:19
3;18;3;16;2022-04-25;18:03:20
1;3;2;7;2022-04-25;18:03:21
2;16;1;11;2022-04-25;18:03:22
3;17;3;17;2022-04-25;18:03:23
1;3;2;6;2022-04-25;18:03:24
2;16;1;14;2022-04-25;18:03:25
3;17;3;15;2022-04-25;18:03:26
0;2;1;5;2022-04-25;18:03:27
3;17;2;15;2022-04-25;18:03:28
3;16;3;17;2022-04-25;18:03:29
0;2;0;2;2022-04-25;18:03:30
3;18;3;17;2022-04-25;18:03:31
1;3;2;6;2022-04-25;18:03:32
2;15;1;12;2022-04-25;18:03:33
3;18;3;15;2022-04-25;18:03:34
2;6;2;9;2022-04-25;18:03:35
2;16;1;13;2022-04-25;18:03:36
3;18;3;18;2022-04-25;18:03:37
1;4;2;5;2022-04-25;18:03:38
2;15;1;13;2022-04-25;18:03:39
3;18;3;17;2022-04-25;18:03:40
1;3;2;7;2022-04-25;18:03:41
3;18;2;16;2022-04-25;18:03:42
3;19;3;19;2022-04-25;18:03:43
1;4;2;5;2022-04-25;18:03:44
2;15;1;13;2022-04-25;18:03:45
3;18;3;15;2022-04-25;18:03:46
0;1;0;3;2022-04-25;18:03:47
3;18;3;17;2022-04-25;18:03:48
2;9;3;13;2022-04-25;18:03:49
2;10;0;5;2022-04-25;18:03:50
3;17;3;17;2022-04-25;18:03:51
1;3;2;6;2022-04-25;18:03:52
2;16;1;13;2022-04-25;18:03:53
3;17;3;15;2022-04-25;18:03:54
1;3;2;7;2022-04-25;18:03:55
2;15;1;12;2022-04-25;18:03:56
3;17;3;17;2022-04-25;18:03:57
1;4;2;5;2022-04-25;18:03:58
2;15;1;13;2022-04-25;18:03:59
3;17;3;16;2022-04-25;18:04:00
1;4;2;7;2022-04-25;18:04:01
2;15;1;11;2022-04-25;18:04:02
3;18;3;17;2022-04-25;18:04:03
1;3;2;5;2022-04-25;18:04:04
2;15;1;14;2022-04-25;18:04:05
3;17;3;15;2022-04-25;18:04:06
1;6;1;8;2022-04-25;18:04:07
3;17;3;16;2022-04-25;18:04:08
1;3;2;7;2022-04-25;18:04:09
2;15;1;12;2022-04-25;18:04:10
3;19;3;17;2022-04-25;18:04:11
1;3;2;6;2022-04-25;18:04:12
2;16;1;13;2022-04-25;18:04:13
3;17;3;15;2022-04-25;18:04:14
1;3;2;7;2022-04-25;18:04:15
2;15;1;12;2022-04-25;18:04:16
3;18;3;18;2022-04-25;18:04:17
1;3;2;5;2022-04-25;18:04:18
2;16;1;11;2022-04-25;18:04:19
3;17;3;15;2022-04-25;18:04:20
1;4;2;5;2022-04-25;18:04:21
2;15;1;11;2022-04-25;18:04:22
3;17;3;15;2022-04-25;18:04:23
0;1;0;1;2022-04-25;18:04:24
3;17;3;15;2022-04-25;18:04:25
2;9;2;10;2022-04-25;18:04:26
1;11;1;7;2022-04-25;18:04:27
3;17;3;15;2022-04-25;18:04:28
1;4;2;6;2022-04-25;18:04:29
2;15;1;12;2022-04-25;18:04:30
3;17;3;16;2022-04-25;18:04:31
2;7;3;9;2022-04-25;18:04:32
2;15;1;12;2022-04-25;18:04:33
3;17;3;15;2022-04-25;18:04:34
1;3;2;5;2022-04-25;18:04:35
2;15;1;11;2022-04-25;18:04:36
3;18;3;15;2022-04-25;18:04:37
1;3;2;5;2022-04-25;18:04:38
2;15;1;11;2022-04-25;18:04:39
3;17;3;15;2022-04-25;18:04:40
1;2;2;4;2022-04-25;18:04:41
2;17;1;13;2022-04-25;18:04:42
3;16;3;17;2022-04-25;18:04:43
0;2;0;2;2022-04-25;18:04:44
3;17;3;16;2022-04-25;18:04:45
1;4;2;6;2022-04-25;18:04:46
2;14;1;10;2022-04-25;18:04:47
3;17;3;15;2022-04-25;18:04:48
1;3;2;5;2022-04-25;18:04:49
3;17;1;11;2022-04-25;18:04:50
3;17;3;16;2022-04-25;18:04:51
1;4;2;6;2022-04-25;18:04:52
2;15;1;12;2022-04-25;18:04:53
3;17;3;16;2022-04-25;18:04:54
1;3;2;6;2022-04-25;18:04:55
2;15;1;12;2022-04-25;18:04:56
4;23;4;24;2022-04-25;18:04:57
1;4;2;6;2022-04-25;18:04:58
2;15;1;11;2022-04-25;18:04:59
3;17;3;15;2022-04-25;18:05:00
1;2;1;3;2022-04-25;18:05:01
2;16;2;13;2022-04-25;18:05:02
2;13;3;13;2022-04-25;18:05:03
1;5;0;3;2022-04-25;18:05:04
3;17;3;15;2022-04-25;18:05:05
1;3;2;5;2022-04-25;18:05:06
2;17;1;13;2022-04-25;18:05:07
3;17;3;16;2022-04-25;18:05:08
1;4;2;6;2022-04-25;18:05:09
2;15;1;11;2022-04-25;18:05:10
3;17;3;15;2022-04-25;18:05:11
1;3;2;5;2022-04-25;18:05:12
2;15;1;11;2022-04-25;18:05:13
3;17;3;15;2022-04-25;18:05:14
1;3;2;5;2022-04-25;18:05:15
2;15;1;11;2022-04-25;18:05:16
3;19;3;16;2022-04-25;18:05:17
1;3;2;5;2022-04-25;18:05:18
2;15;1;12;2022-04-25;18:05:19
3;17;3;15;2022-04-25;18:05:20
0;1;0;1;2022-04-25;18:05:21
4;19;4;19;2022-04-25;18:05:22
2;11;2;11;2022-04-25;18:05:23
1;8;0;5;2022-04-25;18:05:24
3;17;3;15;2022-04-25;18:05:25
1;4;2;5;2022-04-25;18:05:26
2;15;1;11;2022-04-25;18:05:27
3;18;3;16;2022-04-25;18:05:28
1;3;2;7;2022-04-25;18:05:29
2;15;1;12;2022-04-25;18:05:30
3;17;3;15;2022-04-25;18:05:31
1;5;2;6;2022-04-25;18:05:32
2;15;1;11;2022-04-25;18:05:33
3;17;3;15;2022-04-25;18:05:34
1;3;2;5;2022-04-25;18:05:35
2;15;1;11;2022-04-25;18:05:36
3;17;3;15;2022-04-25;18:05:37
0;2;1;2;2022-04-25;18:05:38
3;17;2;14;2022-04-25;18:05:39
3;19;3;15;2022-04-25;18:05:40
0;1;0;1;2022-04-25;18:05:41
3;19;3;17;2022-04-25;18:05:42
2;10;2;10;2022-04-25;18:05:43
1;8;1;8;2022-04-25;18:05:44
3;17;3;15;2022-04-25;18:05:45
1;3;2;6;2022-04-25;18:05:46
3;18;2;17;2022-04-25;18:05:47
3;18;3;16;2022-04-25;18:05:48
1;3;2;6;2022-04-25;18:05:49
2;15;1;11;2022-04-25;18:05:50
3;17;3;15;2022-04-25;18:05:51
1;3;2;5;2022-04-25;18:05:52
2;15;1;11;2022-04-25;18:05:53
3;17;3;15;2022-04-25;18:05:54
1;3;2;5;2022-04-25;18:05:55
2;15;1;11;2022-04-25;18:05:56
3;18;3;17;2022-04-25;18:05:57
1;2;1;5;2022-04-25;18:05:58
3;17;2;15;2022-04-25;18:05:59
3;17;3;18;2022-04-25;18:06:00
0;1;0;1;2022-04-25;18:06:01
3;17;3;16;2022-04-25;18:06:02
1;4;2;7;2022-04-25;18:06:03
2;15;1;12;2022-04-25;18:06:04
3;18;3;17;2022-04-25;18:06:05
1;4;2;5;2022-04-25;18:06:06
2;16;1;12;2022-04-25;18:06:07
3;17;3;15;2022-04-25;18:06:08
1;5;2;8;2022-04-25;18:06:09
2;15;1;11;2022-04-25;18:06:10
3;18;3;15;2022-04-25;18:06:11
2;6;2;7;2022-04-25;18:06:12
2;17;2;14;2022-04-25;18:06:13
3;17;3;16;2022-04-25;18:06:14
1;4;2;5;2022-04-25;18:06:15
2;15;1;11;2022-04-25;18:06:16
3;18;3;15;2022-04-25;18:06:17
0;1;0;1;2022-04-25;18:06:18
3;17;3;16;2022-04-25;18:06:19
2;9;3;12;2022-04-25;18:06:20
1;9;1;7;2022-04-25;18:06:21
3;17;3;15;2022-04-25;18:06:22
1;4;2;7;2022-04-25;18:06:23
2;15;1;11;2022-04-25;18:06:24
3;17;3;15;2022-04-25;18:06:25
1;3;2;5;2022-04-25;18:06:26
2;15;1;11;2022-04-25;18:06:27
3;17;3;15;2022-04-25;18:06:28
1;3;2;5;2022-04-25;18:06:29
2;15;1;11;2022-04-25;18:06:30
3;17;3;15;2022-04-25;18:06:31
1;3;2;5;2022-04-25;18:06:32
2;17;1;14;2022-04-25;18:06:33
3;17;3;17;2022-04-25;18:06:34
1;2;2;5;2022-04-25;18:06:35
2;16;1;12;2022-04-25;18:06:36
3;16;3;16;2022-04-25;18:06:37
1;5;1;5;2022-04-25;18:06:38
3;17;3;15;2022-04-25;18:06:39
1;3;2;5;2022-04-25;18:06:40
2;15;1;11;2022-04-25;18:06:41
3;17;3;15;2022-04-25;18:06:42
1;3;2;6;2022-04-25;18:06:43
2;15;1;12;2022-04-25;18:06:44
3;17;3;16;2022-04-25;18:06:45
1;3;2;5;2022-04-25;18:06:46
2;15;1;11;2022-04-25;18:06:47
3;18;3;16;2022-04-25;18:06:48
1;3;2;5;2022-04-25;18:06:49
2;15;1;12;2022-04-25;18:06:50
3;17;3;16;2022-04-25;18:06:51
1;3;2;6;2022-04-25;18:06:52
2;15;1;11;2022-04-25;18:06:53
3;18;3;15;2022-04-25;18:06:54
1;3;2;4;2022-04-25;18:06:55
2;15;1;12;2022-04-25;18:06:56
2;13;3;13;2022-04-25;18:06:57
1;6;0;4;2022-04-25;18:06:58
3;17;3;15;2022-04-25;18:06:59
1;3;3;7;2022-04-25;18:07:00
2;15;1;11;2022-04-25;18:07:01
3;18;3;16;2022-04-25;18:07:02
2;6;3;10;2022-04-25;18:07:03
2;15;1;13;2022-04-25;18:07:04
3;17;3;15;2022-04-25;18:07:05
1;3;2;5;2022-04-25;18:07:06
2;15;1;12;2022-04-25;18:07:07
3;17;3;16;2022-04-25;18:07:08
1;3;2;6;2022-04-25;18:07:09
2;15;1;12;2022-04-25;18:07:10
3;17;3;15;2022-04-25;18:07:11
1;3;2;5;2022-04-25;18:07:12
2;16;1;12;2022-04-25;18:07:13
3;18;3;15;2022-04-25;18:07:14
1;2;2;4;2022-04-25;18:07:15
2;16;1;12;2022-04-25;18:07:16
2;13;3;14;2022-04-25;18:07:17
1;5;0;4;2022-04-25;18:07:18
3;17;3;16;2022-04-25;18:07:19
1;3;2;5;2022-04-25;18:07:20
2;15;1;12;2022-04-25;18:07:21
3;19;3;17;2022-04-25;18:07:22
1;3;2;6;2022-04-25;18:07:23
2;15;1;12;2022-04-25;18:07:24
3;17;3;15;2022-04-25;18:07:25
1;3;2;6;2022-04-25;18:07:26
2;15;1;12;2022-04-25;18:07:27
4;23;4;20;2022-04-25;18:07:28
1;3;2;5;2022-04-25;18:07:29
2;15;1;12;2022-04-25;18:07:30
3;17;3;15;2022-04-25;18:07:31
1;3;2;5;2022-04-25;18:07:32
2;15;1;11;2022-04-25;18:07:33
3;17;3;15;2022-04-25;18:07:34
0;1;0;2;2022-04-25;18:07:35
3;17;3;16;2022-04-25;18:07:36
2;9;2;11;2022-04-25;18:07:37
1;10;1;7;2022-04-25;18:07:38
3;17;3;15;2022-04-25;18:07:39
1;3;2;5;2022-04-25;18:07:40
2;15;1;11;2022-04-25;18:07:41
3;17;3;15;2022-04-25;18:07:42
1;3;2;5;2022-04-25;18:07:43
2;16;1;12;2022-04-25;18:07:44
3;17;3;15;2022-04-25;18:07:45
1;3;2;5;2022-04-25;18:07:46
2;16;1;11;2022-04-25;18:07:47
3;19;3;16;2022-04-25;18:07:48
1;3;2;5;2022-04-25;18:07:49
2;15;1;11;2022-04-25;18:07:50
3;17;3;16;2022-04-25;18:07:51
1;3;2;5;2022-04-25;18:07:52
3;18;2;17;2022-04-25;18:07:53
3;18;3;16;2022-04-25;18:07:54
0;1;0;1;2022-04-25;18:07:55
3;17;3;15;2022-04-25;18:07:56
1;4;2;6;2022-04-25;18:07:57
2;15;1;10;2022-04-25;18:07:58
3;17;3;15;2022-04-25;18:07:59
1;3;2;5;2022-04-25;18:08:00
2;15;1;11;2022-04-25;18:08:01
3;17;3;15;2022-04-25;18:08:02
1;4;2;6;2022-04-25;18:08:03
2;15;1;11;2022-04-25;18:08:04
3;17;3;15;2022-04-25;18:08:05
1;3;2;5;2022-04-25;18:08:06
2;16;1;12;2022-04-25;18:08:07
3;17;3;16;2022-04-25;18:08:08
1;3;2;6;2022-04-25;18:08:09
2;15;1;11;2022-04-25;18:08:10
3;17;3;15;2022-04-25;18:08:11
1;3;1;2;2022-04-25;18:08:12
3;18;3;17;2022-04-25;18:08:13
2;10;2;11;2022-04-25;18:08:14
1;8;1;7;2022-04-25;18:08:15
3;17;3;15;2022-04-25;18:08:16
1;4;2;6;2022-04-25;18:08:17
3;18;2;16;2022-04-25;18:08:18
3;17;3;16;2022-04-25;18:08:19
1;3;2;6;2022-04-25;18:08:20
2;15;1;11;2022-04-25;18:08:21
3;17;3;15;2022-04-25;18:08:22
1;3;2;5;2022-04-25;18:08:23
2;16;1;11;2022-04-25;18:08:24
3;18;3;16;2022-04-25;18:08:25
1;3;2;7;2022-04-25;18:08:26
2;15;1;12;2022-04-25;18:08:27
3;18;3;17;2022-04-25;18:08:28
1;3;2;4;2022-04-25;18:08:29
2;16;1;13;2022-04-25;18:08:30
3;16;3;13;2022-04-25;18:08:31
0;2;0;3;2022-04-25;18:08:32
3;17;3;16;2022-04-25;18:08:33
1;6;2;10;2022-04-25;18:08:34
2;15;1;11;2022-04-25;18:08:35
3;17;3;15;2022-04-25;18:08:36
1;3;2;6;2022-04-25;18:08:37
2;15;1;12;2022-04-25;18:08:38
3;17;3;16;2022-04-25;18:08:39
1;5;2;7;2022-04-25;18:08:40
2;15;1;11;2022-04-25;18:08:41
3;17;3;15;2022-04-25;18:08:42
2;8;3;10;2022-04-25;18:08:43
2;15;1;11;2022-04-25;18:08:44
3;19;3;16;2022-04-25;18:08:45
1;3;2;5;2022-04-25;18:08:46
2;16;1;12;2022-04-25;18:08:47
3;17;3;16;2022-04-25;18:08:48
0;1;1;2;2022-04-25;18:08:49
3;17;2;14;2022-04-25;18:08:50
2;11;2;11;2022-04-25;18:08:51
1;7;0;5;2022-04-25;18:08:52
3;18;3;17;2022-04-25;18:08:53
1;4;2;6;2022-04-25;18:08:54
2;15;1;12;2022-04-25;18:08:55
3;17;3;16;2022-04-25;18:08:56
1;4;2;5;2022-04-25;18:08:57
2;15;1;11;2022-04-25;18:08:58
3;17;3;15;2022-04-25;18:08:59
1;4;2;5;2022-04-25;18:09:00
2;15;1;11;2022-04-25;18:09:01
3;17;3;16;2022-04-25;18:09:02
2;6;2;7;2022-04-25;18:09:03
2;15;1;12;2022-04-25;18:09:04
3;17;3;15;2022-04-25;18:09:05
1;3;2;5;2022-04-25;18:09:06
2;15;1;11;2022-04-25;18:09:07
4;21;4;19;2022-04-25;18:09:08
0;1;0;1;2022-04-25;18:09:09
3;17;3;15;2022-04-25;18:09:10
2;13;3;15;2022-04-25;18:09:11
1;6;0;4;2022-04-25;18:09:12
3;17;3;16;2022-04-25;18:09:13
1;3;2;5;2022-04-25;18:09:14
2;15;1;11;2022-04-25;18:09:15
3;17;3;15;2022-04-25;18:09:16
1;3;2;5;2022-04-25;18:09:17
2;16;1;13;2022-04-25;18:09:18
3;18;3;16;2022-04-25;18:09:19
1;3;2;6;2022-04-25;18:09:20
2;15;1;11;2022-04-25;18:09:21
3;18;3;15;2022-04-25;18:09:22
1;3;2;5;2022-04-25;18:09:23
2;15;1;11;2022-04-25;18:09:24
3;17;3;15;2022-04-25;18:09:25
1;3;2;4;2022-04-25;18:09:26
2;15;1;12;2022-04-25;18:09:27
4;20;3;16;2022-04-25;18:09:28
0;1;0;3;2022-04-25;18:09:29
3;17;3;16;2022-04-25;18:09:30
1;4;2;7;2022-04-25;18:09:31
2;14;1;10;2022-04-25;18:09:32
4;20;3;18;2022-04-25;18:09:33
1;3;2;5;2022-04-25;18:09:34
2;15;1;11;2022-04-25;18:09:35
3;18;3;15;2022-04-25;18:09:36
1;3;2;6;2022-04-25;18:09:37
2;15;1;11;2022-04-25;18:09:38
3;17;3;15;2022-04-25;18:09:39
1;3;2;5;2022-04-25;18:09:40
2;15;1;11;2022-04-25;18:09:41
4;19;3;15;2022-04-25;18:09:42
1;4;2;6;2022-04-25;18:09:43
2;16;1;12;2022-04-25;18:09:44
3;17;3;15;2022-04-25;18:09:45
0;1;0;1;2022-04-25;18:09:46
3;19;3;17;2022-04-25;18:09:47
3;15;3;15;2022-04-25;18:09:48
0;3;0;3;2022-04-25;18:09:49
3;18;3;15;2022-04-25;18:09:50
1;4;2;5;2022-04-25;18:09:51
2;16;1;11;2022-04-25;18:09:52
3;17;3;16;2022-04-25;18:09:53
1;3;2;6;2022-04-25;18:09:54
2;15;1;11;2022-04-25;18:09:55
3;18;3;16;2022-04-25;18:09:56
1;3;2;5;2022-04-25;18:09:57
3;20;2;16;2022-04-25;18:09:58
3;18;3;15;2022-04-25;18:09:59
1;3;2;5;2022-04-25;18:10:00
2;15;1;11;2022-04-25;18:10:01
3;17;3;15;2022-04-25;18:10:02
1;3;2;4;2022-04-25;18:10:03
2;16;1;12;2022-04-25;18:10:04
3;16;3;15;2022-04-25;18:10:05
0;2;0;1;2022-04-25;18:10:06
3;17;3;16;2022-04-25;18:10:07
1;5;2;7;2022-04-25;18:10:08
2;15;1;13;2022-04-25;18:10:09
3;18;3;16;2022-04-25;18:10:10
1;3;2;5;2022-04-25;18:10:11
2;15;1;11;2022-04-25;18:10:12
3;17;3;16;2022-04-25;18:10:13
1;4;2;5;2022-04-25;18:10:14
2;15;1;11;2022-04-25;18:10:15
3;18;3;15;2022-04-25;18:10:16
1;3;2;6;2022-04-25;18:10:17
2;16;1;12;2022-04-25;18:10:18
3;17;3;15;2022-04-25;18:10:19
1;3;2;6;2022-04-25;18:10:20
2;15;1;12;2022-04-25;18:10:21
3;17;3;17;2022-04-25;18:10:22
1;4;1;5;2022-04-25;18:10:23
3;18;3;15;2022-04-25;18:10:24
3;16;2;11;2022-04-25;18:10:25
1;4;0;5;2022-04-25;18:10:26
3;17;3;16;2022-04-25;18:10:27
1;3;2;6;2022-04-25;18:10:28
2;15;1;12;2022-04-25;18:10:29
3;17;3;15;2022-04-25;18:10:30
1;3;2;6;2022-04-25;18:10:31
2;15;1;12;2022-04-25;18:10:32
3;18;3;17;2022-04-25;18:10:33
1;3;2;5;2022-04-25;18:10:34
2;15;1;11;2022-04-25;18:10:35
3;17;3;15;2022-04-25;18:10:36
1;3;2;5;2022-04-25;18:10:37
2;15;1;11;2022-04-25;18:10:38
3;17;3;15;2022-04-25;18:10:39
1;3;2;4;2022-04-25;18:10:40
2;15;1;12;2022-04-25;18:10:41
1;3;2;5;2022-04-25;18:10:42
2;16;1;13;2022-04-25;18:10:43
3;18;3;16;2022-04-25;18:10:44
1;4;2;6;2022-04-25;18:10:45
2;16;1;11;2022-04-25;18:10:46
3;17;3;15;2022-04-25;18:10:47
2;6;3;9;2022-04-25;18:10:48
2;15;1;12;2022-04-25;18:10:49
3;17;3;16;2022-04-25;18:10:50
1;3;2;6;2022-04-25;18:10:51
2;16;1;12;2022-04-25;18:10:52
3;18;3;16;2022-04-25;18:10:53
1;3;2;5;2022-04-25;18:10:54
2;15;1;11;2022-04-25;18:10:55
3;17;3;16;2022-04-25;18:10:56
0;2;0;2;2022-04-25;18:10:57
3;18;3;17;2022-04-25;18:10:58
3;18;3;16;2022-04-25;18:10:59
0;3;0;3;2022-04-25;18:11:00
3;18;3;15;2022-04-25;18:11:01
1;3;2;5;2022-04-25;18:11:02
2;15;1;11;2022-04-25;18:11:03
3;17;3;16;2022-04-25;18:11:04
1;3;2;6;2022-04-25;18:11:05
2;15;1;11;2022-04-25;18:11:06
3;17;3;16;2022-04-25;18:11:07
1;3;2;6;2022-04-25;18:11:08
2;15;1;12;2022-04-25;18:11:09
3;18;3;15;2022-04-25;18:11:10
1;3;2;5;2022-04-25;18:11:11
2;15;1;11;2022-04-25;18:11:12
4;23;4;20;2022-04-25;18:11:13
1;3;2;5;2022-04-25;18:11:14
2;16;1;11;2022-04-25;18:11:15
3;17;3;15;2022-04-25;18:11:16
0;1;0;1;2022-04-25;18:11:17
3;17;3;15;2022-04-25;18:11:18
1;7;2;9;2022-04-25;18:11:19
2;11;1;8;2022-04-25;18:11:20
3;17;3;16;2022-04-25;18:11:21
1;3;2;7;2022-04-25;18:11:22
2;16;1;12;2022-04-25;18:11:23
3;18;3;15;2022-04-25;18:11:24
1;3;2;5;2022-04-25;18:11:25
2;15;1;11;2022-04-25;18:11:26
3;17;3;15;2022-04-25;18:11:27
1;3;2;5;2022-04-25;18:11:28
2;15;1;11;2022-04-25;18:11:29
3;17;3;15;2022-04-25;18:11:30
1;4;2;5;2022-04-25;18:11:31
2;15;1;12;2022-04-25;18:11:32
4;20;3;17;2022-04-25;18:11:33
1;3;2;5;2022-04-25;18:11:34
2;15;1;12;2022-04-25;18:11:35
3;17;3;15;2022-04-25;18:11:36
0;1;0;1;2022-04-25;18:11:37
4;20;4;19;2022-04-25;18:11:38
1;4;2;7;2022-04-25;18:11:39
2;15;1;11;2022-04-25;18:11:40
3;18;3;16;2022-04-25;18:11:41
1;3;2;5;2022-04-25;18:11:42
2;15;1;11;2022-04-25;18:11:43
3;17;3;15;2022-04-25;18:11:44
1;3;2;5;2022-04-25;18:11:45
2;15;1;11;2022-04-25;18:11:46
3;17;3;17;2022-04-25;18:11:47
1;4;2;7;2022-04-25;18:11:48
2;16;1;12;2022-04-25;18:11:49
3;17;3;15;2022-04-25;18:11:50
1;3;2;4;2022-04-25;18:11:51
2;15;1;12;2022-04-25;18:11:52
3;18;3;15;2022-04-25;18:11:53
0;1;0;1;2022-04-25;18:11:54
3;17;3;15;2022-04-25;18:11:55
2;13;2;13;2022-04-25;18:11:56
1;6;0;3;2022-04-25;18:11:57
3;18;3;17;2022-04-25;18:11:58
1;3;2;6;2022-04-25;18:11:59
2;15;1;12;2022-04-25;18:12:00
3;18;3;15;2022-04-25;18:12:01
1;3;2;5;2022-04-25;18:12:02
3;18;2;15;2022-04-25;18:12:03
3;17;3;15;2022-04-25;18:12:04
1;3;2;5;2022-04-25;18:12:05
2;15;1;11;2022-04-25;18:12:06
3;17;3;15;2022-04-25;18:12:07
1;3;2;5;2022-04-25;18:12:08
2;15;1;11;2022-04-25;18:12:09
3;17;3;15;2022-04-25;18:12:10
1;6;2;7;2022-04-25;18:12:11
2;16;1;13;2022-04-25;18:12:12
3;17;3;16;2022-04-25;18:12:13
0;1;0;1;2022-04-25;18:12:14
3;17;3;15;2022-04-25;18:12:15
1;4;2;5;2022-04-25;18:12:16
2;15;1;11;2022-04-25;18:12:17
3;17;3;15;2022-04-25;18:12:18
1;3;2;5;2022-04-25;18:12:19
2;15;1;12;2022-04-25;18:12:20
3;17;3;16;2022-04-25;18:12:21
1;3;2;6;2022-04-25;18:12:22
2;15;1;11;2022-04-25;18:12:23
3;17;3;15;2022-04-25;18:12:24
1;3;2;5;2022-04-25;18:12:25
2;15;1;11;2022-04-25;18:12:26
3;17;3;15;2022-04-25;18:12:27
2;8;3;9;2022-04-25;18:12:28
2;16;1;13;2022-04-25;18:12:29
3;18;3;18;2022-04-25;18:12:30
0;2;0;2;2022-04-25;18:12:31
3;17;3;15;2022-04-25;18:12:32
1;3;2;5;2022-04-25;18:12:33
2;15;1;11;2022-04-25;18:12:34
3;17;3;15;2022-04-25;18:12:35
1;3;2;5;2022-04-25;18:12:36
2;15;1;11;2022-04-25;18:12:37
3;19;3;17;2022-04-25;18:12:38
1;3;2;6;2022-04-25;18:12:39
2;15;1;12;2022-04-25;18:12:40
3;17;3;15;2022-04-25;18:12:41
1;3;2;5;2022-04-25;18:12:42
2;15;1;11;2022-04-25;18:12:43
3;18;3;16;2022-04-25;18:12:44
1;3;2;4;2022-04-25;18:12:45
2;16;1;12;2022-04-25;18:12:46
3;17;3;15;2022-04-25;18:12:47
0;2;1;4;2022-04-25;18:12:48
3;18;2;15;2022-04-25;18:12:49
3;17;3;16;2022-04-25;18:12:50
0;1;0;1;2022-04-25;18:12:51
3;17;3;15;2022-04-25;18:12:52
2;6;3;9;2022-04-25;18:12:53
2;15;1;11;2022-04-25;18:12:54
3;17;3;16;2022-04-25;18:12:55
1;3;2;6;2022-04-25;18:12:56
2;15;1;12;2022-04-25;18:12:57
4;19;3;15;2022-04-25;18:12:58
1;3;2;5;2022-04-25;18:12:59
2;15;1;11;2022-04-25;18:13:00
3;17;3;15;2022-04-25;18:13:01
1;3;2;5;2022-04-25;18:13:02
3;18;1;12;2022-04-25;18:13:03
3;17;3;15;2022-04-25;18:13:04
1;3;2;4;2022-04-25;18:13:05
2;15;1;12;2022-04-25;18:13:06
3;17;3;15;2022-04-25;18:13:07
0;2;0;2;2022-04-25;18:13:08
3;17;3;16;2022-04-25;18:13:09
1;6;2;8;2022-04-25;18:13:10
2;12;1;9;2022-04-25;18:13:11
3;17;3;15;2022-04-25;18:13:12
1;5;2;6;2022-04-25;18:13:13
2;15;1;11;2022-04-25;18:13:14
3;17;3;15;2022-04-25;18:13:15
1;3;2;6;2022-04-25;18:13:16
2;15;1;12;2022-04-25;18:13:17
4;20;4;20;2022-04-25;18:13:18
1;3;2;5;2022-04-25;18:13:19
2;16;1;12;2022-04-25;18:13:20
3;17;3;15;2022-04-25;18:13:21
1;4;2;5;2022-04-25;18:13:22
2;15;1;11;2022-04-25;18:13:23
3;19;3;18;2022-04-25;18:13:24
0;1;1;3;2022-04-25;18:13:25
3;17;2;15;2022-04-25;18:13:26
2;10;2;11;2022-04-25;18:13:27
1;8;0;5;2022-04-25;18:13:28
3;18;3;15;2022-04-25;18:13:29
1;3;2;5;2022-04-25;18:13:30
2;15;1;11;2022-04-25;18:13:31
3;17;3;15;2022-04-25;18:13:32
1;3;2;5;2022-04-25;18:13:33
2;15;1;11;2022-04-25;18:13:34
3;17;3;16;2022-04-25;18:13:35
1;3;2;6;2022-04-25;18:13:36
2;16;1;12;2022-04-25;18:13:37
3;17;3;15;2022-04-25;18:13:38
1;3;2;5;2022-04-25;18:13:39
2;18;1;13;2022-04-25;18:13:40
3;17;3;15;2022-04-25;18:13:41
1;3;2;4;2022-04-25;18:13:42
3;21;2;18;2022-04-25;18:13:43
3;17;3;16;2022-04-25;18:13:44
0;3;0;3;2022-04-25;18:13:45
3;17;3;15;2022-04-25;18:13:46
2;9;2;8;2022-04-25;18:13:47
1;9;1;9;2022-04-25;18:13:48
3;17;3;16;2022-04-25;18:13:49
1;3;2;6;2022-04-25;18:13:50
2;16;1;12;2022-04-25;18:13:51
3;17;3;16;2022-04-25;18:13:52
1;4;2;7;2022-04-25;18:13:53
2;15;1;11;2022-04-25;18:13:54
3;18;3;15;2022-04-25;18:13:55
1;3;2;5;2022-04-25;18:13:56
2;15;1;13;2022-04-25;18:13:57
3;17;3;15;2022-04-25;18:13:58
1;3;2;5;2022-04-25;18:13:59
2;15;1;11;2022-04-25;18:14:00
3;17;3;15;2022-04-25;18:14:01
1;3;2;4;2022-04-25;18:14:02
2;16;1;14;2022-04-25;18:14:03
3;16;3;16;2022-04-25;18:14:04
0;2;0;2;2022-04-25;18:14:05
3;17;3;15;2022-04-25;18:14:06
1;4;2;6;2022-04-25;18:14:07
3;17;2;14;2022-04-25;18:14:08
3;17;3;16;2022-04-25;18:14:09
1;4;2;6;2022-04-25;18:14:10
2;15;1;12;2022-04-25;18:14:11
3;17;3;15;2022-04-25;18:14:12
1;3;2;5;2022-04-25;18:14:13
2;15;1;11;2022-04-25;18:14:14
3;17;3;15;2022-04-25;18:14:15
1;3;2;5;2022-04-25;18:14:16
2;15;1;11;2022-04-25;18:14:17
3;18;3;16;2022-04-25;18:14:18
1;4;2;4;2022-04-25;18:14:19
2;15;1;13;2022-04-25;18:14:20
3;17;3;16;2022-04-25;18:14:21
0;1;0;2;2022-04-25;18:14:22
3;17;3;15;2022-04-25;18:14:23
2;10;2;11;2022-04-25;18:14:24
1;8;0;5;2022-04-25;18:14:25
3;18;3;15;2022-04-25;18:14:26
1;3;2;5;2022-04-25;18:14:27
2;16;1;12;2022-04-25;18:14:28
3;17;3;15;2022-04-25;18:14:29
1;3;2;6;2022-04-25;18:14:30
2;15;1;12;2022-04-25;18:14:31
3;17;3;16;2022-04-25;18:14:32
2;6;3;9;2022-04-25;18:14:33
2;15;1;11;2022-04-25;18:14:34
3;18;3;16;2022-04-25;18:14:35
1;5;2;8;2022-04-25;18:14:36
2;15;1;12;2022-04-25;18:14:37
3;17;3;15;2022-04-25;18:14:38
1;3;2;4;2022-04-25;18:14:39
2;15;1;13;2022-04-25;18:14:40
3;16;3;14;2022-04-25;18:14:41
0;2;0;3;2022-04-25;18:14:42
3;17;3;16;2022-04-25;18:14:43
1;4;2;6;2022-04-25;18:14:44
2;14;1;10;2022-04-25;18:14:45
3;17;3;15;2022-04-25;18:14:46
1;3;2;5;2022-04-25;18:14:47
2;15;1;11;2022-04-25;18:14:48
3;17;3;15;2022-04-25;18:14:49
1;3;2;5;2022-04-25;18:14:50
2;15;1;11;2022-04-25;18:14:51
3;17;3;16;2022-04-25;18:14:52
1;3;2;6;2022-04-25;18:14:53
2;16;1;12;2022-04-25;18:14:54
3;17;3;15;2022-04-25;18:14:55
1;3;2;4;2022-04-25;18:14:56
2;15;1;12;2022-04-25;18:14:57
4;22;4;20;2022-04-25;18:14:58
0;1;0;1;2022-04-25;18:14:59
3;17;3;15;2022-04-25;18:15:00
1;6;2;9;2022-04-25;18:15:01
2;12;1;9;2022-04-25;18:15:02
3;18;3;16;2022-04-25;18:15:03
1;3;2;5;2022-04-25;18:15:04
2;15;1;11;2022-04-25;18:15:05
3;17;3;15;2022-04-25;18:15:06
1;3;2;5;2022-04-25;18:15:07
2;16;1;12;2022-04-25;18:15:08
3;17;3;15;2022-04-25;18:15:09
1;3;2;5;2022-04-25;18:15:10
2;16;1;11;2022-04-25;18:15:11
3;17;3;15;2022-04-25;18:15:12
1;3;2;4;2022-04-25;18:15:13
2;15;1;12;2022-04-25;18:15:14
3;17;3;15;2022-04-25;18:15:15
0;1;0;1;2022-04-25;18:15:16
3;18;3;16;2022-04-25;18:15:17
2;12;2;11;2022-04-25;18:15:18
1;10;1;8;2022-04-25;18:15:19
3;17;3;16;2022-04-25;18:15:20
1;3;2;5;2022-04-25;18:15:21
2;16;1;11;2022-04-25;18:15:22
4;21;4;19;2022-04-25;18:15:23
1;4;2;5;2022-04-25;18:15:24
2;15;1;11;2022-04-25;18:15:25
3;17;3;17;2022-04-25;18:15:26
1;3;2;6;2022-04-25;18:15:27
2;16;1;12;2022-04-25;18:15:28
3;17;3;15;2022-04-25;18:15:29
1;3;2;5;2022-04-25;18:15:30
2;16;1;12;2022-04-25;18:15:31
3;18;3;16;2022-04-25;18:15:32
1;5;2;6;2022-04-25;18:15:33
2;15;1;13;2022-04-25;18:15:34
3;16;3;16;2022-04-25;18:15:35
0;3;0;2;2022-04-25;18:15:36
3;18;3;15;2022-04-25;18:15:37
1;4;2;5;2022-04-25;18:15:38
2;15;1;11;2022-04-25;18:15:39
3;17;3;15;2022-04-25;18:15:40
1;3;2;5;2022-04-25;18:15:41
2;16;1;11;2022-04-25;18:15:42
3;18;3;16;2022-04-25;18:15:43
1;3;2;5;2022-04-25;18:15:44
2;16;1;11;2022-04-25;18:15:45
3;18;3;16;2022-04-25;18:15:46
1;4;2;6;2022-04-25;18:15:47
3;18;2;16;2022-04-25;18:15:48
3;19;3;17;2022-04-25;18:15:49
1;4;2;4;2022-04-25;18:15:50
2;16;1;12;2022-04-25;18:15:51
3;18;3;15;2022-04-25;18:15:52
0;1;0;1;2022-04-25;18:15:53
3;17;3;17;2022-04-25;18:15:54
2;12;3;13;2022-04-25;18:15:55
1;6;0;5;2022-04-25;18:15:56
3;17;3;15;2022-04-25;18:15:57
1;3;2;5;2022-04-25;18:15:58
2;17;1;11;2022-04-25;18:15:59
3;18;3;16;2022-04-25;18:16:00
1;4;2;6;2022-04-25;18:16:01
2;15;1;12;2022-04-25;18:16:02
3;18;3;15;2022-04-25;18:16:03
1;4;2;5;2022-04-25;18:16:04
2;16;1;11;2022-04-25;18:16:05
3;18;3;15;2022-04-25;18:16:06
1;3;2;5;2022-04-25;18:16:07
2;15;1;11;2022-04-25;18:16:08
3;17;3;15;2022-04-25;18:16:09
0;1;0;1;2022-04-25;18:16:10
3;17;3;16;2022-04-25;18:16:11
3;16;3;16;2022-04-25;18:16:12
1;7;1;7;2022-04-25;18:16:13
3;17;3;15;2022-04-25;18:16:14
1;3;2;5;2022-04-25;18:16:15
2;15;1;11;2022-04-25;18:16:16
3;17;3;15;2022-04-25;18:16:17
1;3;2;5;2022-04-25;18:16:18
2;16;1;11;2022-04-25;18:16:19
3;17;3;15;2022-04-25;18:16:20
1;3;2;6;2022-04-25;18:16:21
2;15;1;12;2022-04-25;18:16:22
3;18;3;17;2022-04-25;18:16:23
1;3;2;5;2022-04-25;18:16:24
2;15;1;11;2022-04-25;18:16:25
3;18;3;15;2022-04-25;18:16:26
1;3;2;4;2022-04-25;18:16:27
2;15;1;12;2022-04-25;18:16:28
3;17;3;15;2022-04-25;18:16:29
0;1;0;1;2022-04-25;18:16:30
3;17;3;15;2022-04-25;18:16:31
1;4;2;6;2022-04-25;18:16:32
2;15;1;12;2022-04-25;18:16:33
3;18;3;16;2022-04-25;18:16:34
1;3;2;6;2022-04-25;18:16:35
2;15;1;12;2022-04-25;18:16:36
3;17;3;16;2022-04-25;18:16:37
2;5;2;8;2022-04-25;18:16:38
2;16;2;14;2022-04-25;18:16:39
3;17;3;15;2022-04-25;18:16:40
1;3;2;5;2022-04-25;18:16:41
2;15;1;11;2022-04-25;18:16:42
3;17;3;15;2022-04-25;18:16:43
1;4;2;5;2022-04-25;18:16:44
2;15;1;14;2022-04-25;18:16:45
3;17;3;16;2022-04-25;18:16:46
0;1;0;1;2022-04-25;18:16:47
3;18;3;16;2022-04-25;18:16:48
1;9;2;10;2022-04-25;18:16:49
1;9;1;6;2022-04-25;18:16:50
3;18;3;17;2022-04-25;18:16:51
1;3;2;6;2022-04-25;18:16:52
2;15;1;13;2022-04-25;18:16:53
3;17;3;15;2022-04-25;18:16:54
1;3;2;5;2022-04-25;18:16:55
2;15;1;11;2022-04-25;18:16:56
3;18;3;15;2022-04-25;18:16:57
1;4;2;6;2022-04-25;18:16:58
2;15;1;11;2022-04-25;18:16:59
3;17;3;15;2022-04-25;18:17:00
1;3;2;5;2022-04-25;18:17:01
2;15;1;11;2022-04-25;18:17:02
4;21;4;22;2022-04-25;18:17:03
1;2;1;4;2022-04-25;18:17:04
2;16;2;15;2022-04-25;18:17:05
3;16;3;16;2022-04-25;18:17:06
0;2;0;2;2022-04-25;18:17:07
3;17;3;17;2022-04-25;18:17:08
1;4;2;6;2022-04-25;18:17:09
2;15;1;13;2022-04-25;18:17:10
3;17;3;15;2022-04-25;18:17:11
1;3;2;6;2022-04-25;18:17:12
2;15;1;12;2022-04-25;18:17:13
3;17;3;15;2022-04-25;18:17:14
1;3;2;5;2022-04-25;18:17:15
2;15;1;11;2022-04-25;18:17:16
3;17;3;16;2022-04-25;18:17:17
1;3;2;7;2022-04-25;18:17:18
2;15;1;12;2022-04-25;18:17:19
3;17;3;16;2022-04-25;18:17:20
1;2;1;3;2022-04-25;18:17:21
2;16;2;13;2022-04-25;18:17:22
3;16;3;15;2022-04-25;18:17:23
0;2;0;1;2022-04-25;18:17:24
3;17;3;15;2022-04-25;18:17:25
1;3;2;6;2022-04-25;18:17:26
2;15;1;12;2022-04-25;18:17:27
4;22;4;21;2022-04-25;18:17:28
1;3;2;6;2022-04-25;18:17:29
2;16;1;11;2022-04-25;18:17:30
3;17;3;16;2022-04-25;18:17:31
1;3;2;6;2022-04-25;18:17:32
2;15;1;12;2022-04-25;18:17:33
3;17;3;15;2022-04-25;18:17:34
1;3;2;5;2022-04-25;18:17:35
2;15;1;11;2022-04-25;18:17:36
3;17;3;15;2022-04-25;18:17:37
1;4;2;6;2022-04-25;18:17:38
2;15;1;13;2022-04-25;18:17:39
3;17;3;16;2022-04-25;18:17:40
0;1;0;1;2022-04-25;18:17:41
3;17;3;15;2022-04-25;18:17:42
1;3;2;5;2022-04-25;18:17:43
2;16;1;11;2022-04-25;18:17:44
3;17;3;15;2022-04-25;18:17:45
1;3;2;5;2022-04-25;18:17:46
2;15;1;11;2022-04-25;18:17:47
3;18;3;16;2022-04-25;18:17:48
1;3;2;5;2022-04-25;18:17:49
2;15;1;11;2022-04-25;18:17:50
3;17;3;15;2022-04-25;18:17:51
1;3;2;7;2022-04-25;18:17:52
3;18;2;17;2022-04-25;18:17:53
3;17;3;16;2022-04-25;18:17:54
1;3;2;4;2022-04-25;18:17:55
2;15;1;12;2022-04-25;18:17:56
3;17;3;16;2022-04-25;18:17:57
0;1;0;1;2022-04-25;18:17:58
3;17;3;15;2022-04-25;18:17:59
1;3;2;5;2022-04-25;18:18:00
2;15;1;12;2022-04-25;18:18:01
3;18;3;16;2022-04-25;18:18:02
1;4;2;7;2022-04-25;18:18:03
2;15;1;11;2022-04-25;18:18:04
3;17;3;15;2022-04-25;18:18:05
1;4;2;5;2022-04-25;18:18:06
2;15;1;12;2022-04-25;18:18:07
3;17;3;16;2022-04-25;18:18:08
1;4;2;6;2022-04-25;18:18:09
2;15;1;11;2022-04-25;18:18:10
3;17;3;15;2022-04-25;18:18:11
1;4;2;4;2022-04-25;18:18:12
2;16;1;13;2022-04-25;18:18:13
2;11;2;11;2022-04-25;18:18:14
1;8;1;7;2022-04-25;18:18:15
3;19;3;18;2022-04-25;18:18:16
1;3;2;6;2022-04-25;18:18:17
3;20;2;16;2022-04-25;18:18:18
3;17;3;15;2022-04-25;18:18:19
1;3;2;5;2022-04-25;18:18:20
2;15;1;12;2022-04-25;18:18:21
3;18;3;16;2022-04-25;18:18:22
1;3;2;6;2022-04-25;18:18:23
2;15;1;12;2022-04-25;18:18:24
3;17;3;16;2022-04-25;18:18:25
1;4;2;6;2022-04-25;18:18:26
2;15;1;11;2022-04-25;18:18:27
3;18;3;16;2022-04-25;18:18:28
1;3;2;4;2022-04-25;18:18:29
2;15;1;13;2022-04-25;18:18:30
3;17;3;16;2022-04-25;18:18:31
0;2;0;2;2022-04-25;18:18:32
3;20;3;18;2022-04-25;18:18:33
1;6;2;8;2022-04-25;18:18:34
2;12;1;9;2022-04-25;18:18:35
3;17;3;16;2022-04-25;18:18:36
1;3;2;6;2022-04-25;18:18:37
2;17;1;13;2022-04-25;18:18:38
3;17;3;15;2022-04-25;18:18:39
1;3;2;5;2022-04-25;18:18:40
2;15;1;12;2022-04-25;18:18:41
3;17;3;16;2022-04-25;18:18:42
2;6;3;10;2022-04-25;18:18:43
2;15;1;11;2022-04-25;18:18:44
3;17;3;15;2022-04-25;18:18:45
1;4;2;5;2022-04-25;18:18:46
2;16;1;12;2022-04-25;18:18:47
3;17;3;16;2022-04-25;18:18:48
1;2;1;4;2022-04-25;18:18:49
2;16;2;13;2022-04-25;18:18:50
2;13;2;12;2022-04-25;18:18:51
1;5;0;4;2022-04-25;18:18:52
3;18;3;16;2022-04-25;18:18:53
1;3;2;5;2022-04-25;18:18:54
2;15;1;11;2022-04-25;18:18:55
3;17;3;15;2022-04-25;18:18:56
1;3;2;5;2022-04-25;18:18:57
2;16;1;11;2022-04-25;18:18:58
3;17;3;15;2022-04-25;18:18:59
1;3;2;6;2022-04-25;18:19:00
2;15;1;12;2022-04-25;18:19:01
3;17;3;16;2022-04-25;18:19:02
1;4;3;8;2022-04-25;18:19:03
2;16;1;11;2022-04-25;18:19:04
3;17;3;15;2022-04-25;18:19:05
1;4;2;4;2022-04-25;18:19:06
2;15;1;12;2022-04-25;18:19:07
4;20;4;19;2022-04-25;18:19:08
0;2;0;2;2022-04-25;18:19:09
3;17;3;16;2022-04-25;18:19:10
1;5;2;5;2022-04-25;18:19:11
2;14;1;12;2022-04-25;18:19:12
3;17;3;15;2022-04-25;18:19:13
1;3;2;5;2022-04-25;18:19:14
2;16;1;11;2022-04-25;18:19:15
3;17;3;15;2022-04-25;18:19:16
1;3;2;5;2022-04-25;18:19:17
2;16;1;12;2022-04-25;18:19:18
3;17;3;15;2022-04-25;18:19:19
1;3;2;5;2022-04-25;18:19:20
3;17;1;11;2022-04-25;18:19:21
3;17;3;15;2022-04-25;18:19:22
1;3;2;5;2022-04-25;18:19:23
2;15;1;12;2022-04-25;18:19:24
3;18;3;16;2022-04-25;18:19:25
0;1;0;2;2022-04-25;18:19:26
3;17;3;15;2022-04-25;18:19:27
2;12;2;12;2022-04-25;18:19:28
1;9;1;7;2022-04-25;18:19:29
3;17;3;15;2022-04-25;18:19:30
1;3;2;5;2022-04-25;18:19:31
2;15;1;11;2022-04-25;18:19:32
4;22;4;20;2022-04-25;18:19:33
1;3;2;5;2022-04-25;18:19:34
2;15;1;12;2022-04-25;18:19:35
3;18;3;17;2022-04-25;18:19:36
1;3;2;7;2022-04-25;18:19:37
2;16;1;11;2022-04-25;18:19:38
3;17;3;15;2022-04-25;18:19:39
1;3;2;5;2022-04-25;18:19:40
2;15;1;12;2022-04-25;18:19:41
3;18;3;16;2022-04-25;18:19:42
1;4;2;6;2022-04-25;18:19:43
2;15;1;13;2022-04-25;18:19:44
3;16;3;13;2022-04-25;18:19:45
0;2;0;3;2022-04-25;18:19:46
3;17;3;16;2022-04-25;18:19:47
1;4;2;7;2022-04-25;18:19:48
2;14;1;11;2022-04-25;18:19:49
3;17;3;15;2022-04-25;18:19:50
1;3;2;5;2022-04-25;18:19:51
2;16;1;11;2022-04-25;18:19:52
3;18;3;16;2022-04-25;18:19:53
1;3;2;5;2022-04-25;18:19:54
2;15;1;12;2022-04-25;18:19:55
3;18;3;15;2022-04-25;18:19:56
1;3;2;6;2022-04-25;18:19:57
3;19;2;16;2022-04-25;18:19:58
3;17;3;16;2022-04-25;18:19:59
1;4;2;5;2022-04-25;18:20:00
2;15;1;11;2022-04-25;18:20:01
3;17;3;15;2022-04-25;18:20:02
0;1;1;2;2022-04-25;18:20:03
3;17;2;14;2022-04-25;18:20:04
2;10;2;10;2022-04-25;18:20:05
1;8;1;6;2022-04-25;18:20:06
3;17;3;15;2022-04-25;18:20:07
1;4;2;6;2022-04-25;18:20:08
2;15;1;12;2022-04-25;18:20:09
3;18;3;16;2022-04-25;18:20:10
1;3;2;6;2022-04-25;18:20:11
2;16;1;11;2022-04-25;18:20:12
3;17;3;16;2022-04-25;18:20:13
1;3;2;6;2022-04-25;18:20:14
2;15;1;12;2022-04-25;18:20:15
3;17;3;15;2022-04-25;18:20:16
1;3;2;5;2022-04-25;18:20:17
2;16;1;12;2022-04-25;18:20:18
3;17;3;15;2022-04-25;18:20:19
1;4;2;5;2022-04-25;18:20:20
2;15;1;13;2022-04-25;18:20:21
3;17;3;16;2022-04-25;18:20:22
1;4;1;5;2022-04-25;18:20:23
3;17;3;15;2022-04-25;18:20:24
1;6;2;8;2022-04-25;18:20:25
2;12;1;8;2022-04-25;18:20:26
4;19;3;15;2022-04-25;18:20:27
1;4;2;5;2022-04-25;18:20:28
2;15;1;12;2022-04-25;18:20:29
3;17;3;16;2022-04-25;18:20:30
1;3;2;6;2022-04-25;18:20:31
2;15;1;11;2022-04-25;18:20:32
3;18;3;16;2022-04-25;18:20:33
1;3;2;5;2022-04-25;18:20:34
2;15;1;11;2022-04-25;18:20:35
3;17;3;15;2022-04-25;18:20:36
1;3;2;5;2022-04-25;18:20:37
2;15;1;11;2022-04-25;18:20:38
3;17;3;15;2022-04-25;18:20:39
1;5;2;8;2022-04-25;18:20:40
2;16;1;12;2022-04-25;18:20:41
2;13;3;14;2022-04-25;18:20:42
1;5;0;3;2022-04-25;18:20:43
3;18;3;15;2022-04-25;18:20:44
1;5;2;6;2022-04-25;18:20:45
2;14;1;10;2022-04-25;18:20:46
3;17;3;16;2022-04-25;18:20:47
2;8;3;11;2022-04-25;18:20:48
2;15;1;12;2022-04-25;18:20:49
3;17;3;15;2022-04-25;18:20:50
1;3;2;5;2022-04-25;18:20:51
2;15;1;11;2022-04-25;18:20:52
3;17;3;15;2022-04-25;18:20:53
1;3;2;5;2022-04-25;18:20:54
3;17;1;12;2022-04-25;18:20:55
3;17;3;16;2022-04-25;18:20:56
1;4;2;5;2022-04-25;18:20:57
2;16;1;13;2022-04-25;18:20:58
3;17;3;15;2022-04-25;18:20:59
0;1;0;1;2022-04-25;18:21:00
3;17;3;15;2022-04-25;18:21:01
2;11;2;11;2022-04-25;18:21:02
1;9;1;7;2022-04-25;18:21:03
3;17;3;16;2022-04-25;18:21:04
1;3;2;6;2022-04-25;18:21:05
2;15;1;11;2022-04-25;18:21:06
3;17;3;15;2022-04-25;18:21:07
1;4;2;6;2022-04-25;18:21:08
2;16;1;12;2022-04-25;18:21:09
3;18;3;16;2022-04-25;18:21:10
1;3;2;6;2022-04-25;18:21:11
2;16;1;12;2022-04-25;18:21:12
4;20;4;19;2022-04-25;18:21:13
1;3;2;5;2022-04-25;18:21:14
2;15;1;11;2022-04-25;18:21:15
3;17;3;15;2022-04-25;18:21:16
1;3;2;4;2022-04-25;18:21:17
2;16;1;12;2022-04-25;18:21:18
3;17;3;15;2022-04-25;18:21:19
0;1;0;1;2022-04-25;18:21:20
3;17;3;16;2022-04-25;18:21:21
2;9;2;11;2022-04-25;18:21:22
1;10;1;8;2022-04-25;18:21:23
3;17;3;16;2022-04-25;18:21:24
1;3;2;5;2022-04-25;18:21:25
2;15;1;11;2022-04-25;18:21:26
3;17;3;15;2022-04-25;18:21:27
1;4;2;5;2022-04-25;18:21:28
2;15;1;11;2022-04-25;18:21:29
3;18;3;16;2022-04-25;18:21:30
1;3;2;6;2022-04-25;18:21:31
2;15;1;12;2022-04-25;18:21:32
3;18;3;16;2022-04-25;18:21:33
1;3;2;5;2022-04-25;18:21:34
2;16;1;11;2022-04-25;18:21:35
3;17;3;15;2022-04-25;18:21:36
1;3;2;4;2022-04-25;18:21:37
3;18;2;16;2022-04-25;18:21:38
3;17;3;15;2022-04-25;18:21:39
0;2;0;1;2022-04-25;18:21:40
3;17;3;16;2022-04-25;18:21:41
2;9;2;9;2022-04-25;18:21:42
1;9;1;9;2022-04-25;18:21:43
3;17;3;16;2022-04-25;18:21:44
1;3;2;5;2022-04-25;18:21:45
2;15;1;11;2022-04-25;18:21:46
3;17;3;15;2022-04-25;18:21:47
1;4;2;6;2022-04-25;18:21:48
2;15;1;11;2022-04-25;18:21:49
3;18;3;15;2022-04-25;18:21:50
1;3;2;5;2022-04-25;18:21:51
2;15;1;11;2022-04-25;18:21:52
3;19;3;17;2022-04-25;18:21:53
1;4;2;5;2022-04-25;18:21:54
2;15;1;12;2022-04-25;18:21:55
3;19;3;17;2022-04-25;18:21:56
1;3;2;5;2022-04-25;18:21:57
2;16;1;12;2022-04-25;18:21:58
3;17;3;15;2022-04-25;18:21:59
0;1;0;1;2022-04-25;18:22:00
3;17;3;16;2022-04-25;18:22:01
1;6;2;9;2022-04-25;18:22:02
3;17;2;14;2022-04-25;18:22:03
3;17;3;15;2022-04-25;18:22:04
1;3;2;5;2022-04-25;18:22:05
2;15;1;11;2022-04-25;18:22:06
3;17;3;15;2022-04-25;18:22:07
1;3;2;6;2022-04-25;18:22:08
2;16;1;12;2022-04-25;18:22:09
3;17;3;16;2022-04-25;18:22:10
1;3;2;5;2022-04-25;18:22:11
2;15;1;11;2022-04-25;18:22:12
3;18;3;16;2022-04-25;18:22:13
1;3;2;5;2022-04-25;18:22:14
2;15;1;11;2022-04-25;18:22:15
4;20;3;15;2022-04-25;18:22:16
1;3;2;4;2022-04-25;18:22:17
2;15;1;12;2022-04-25;18:22:18
3;16;3;16;2022-04-25;18:22:19
0;2;0;1;2022-04-25;18:22:20
3;17;3;15;2022-04-25;18:22:21
1;3;2;6;2022-04-25;18:22:22
2;16;1;13;2022-04-25;18:22:23
3;17;3;16;2022-04-25;18:22:24
1;3;2;5;2022-04-25;18:22:25
2;15;1;11;2022-04-25;18:22:26
3;17;3;15;2022-04-25;18:22:27
2;7;3;9;2022-04-25;18:22:28
2;15;1;12;2022-04-25;18:22:29
3;17;3;16;2022-04-25;18:22:30
1;3;2;6;2022-04-25;18:22:31
2;15;1;11;2022-04-25;18:22:32
3;18;3;15;2022-04-25;18:22:33
1;4;2;4;2022-04-25;18:22:34
2;15;1;12;2022-04-25;18:22:35
3;17;3;15;2022-04-25;18:22:36
0;1;1;2;2022-04-25;18:22:37
3;18;2;15;2022-04-25;18:22:38
2;10;2;11;2022-04-25;18:22:39
1;8;0;5;2022-04-25;18:22:40
3;18;3;16;2022-04-25;18:22:41
1;3;2;6;2022-04-25;18:22:42
2;16;1;13;2022-04-25;18:22:43
3;17;3;15;2022-04-25;18:22:44
1;3;2;5;2022-04-25;18:22:45
2;15;1;12;2022-04-25;18:22:46
3;19;3;17;2022-04-25;18:22:47
1;4;2;7;2022-04-25;18:22:48
2;15;1;11;2022-04-25;18:22:49
3;17;3;15;2022-04-25;18:22:50
1;3;2;5;2022-04-25;18:22:51
2;16;1;12;2022-04-25;18:22:52
4;20;4;19;2022-04-25;18:22:53
1;2;2;4;2022-04-25;18:22:54
2;16;1;13;2022-04-25;18:22:55
3;18;3;15;2022-04-25;18:22:56
0;2;0;1;2022-04-25;18:22:57
3;17;3;16;2022-04-25;18:22:58
1;3;2;6;2022-04-25;18:22:59
2;15;1;12;2022-04-25;18:23:00
3;17;3;15;2022-04-25;18:23:01
1;3;2;6;2022-04-25;18:23:02
2;16;1;12;2022-04-25;18:23:03
3;17;3;16;2022-04-25;18:23:04
1;6;2;7;2022-04-25;18:23:05
2;15;1;11;2022-04-25;18:23:06
3;17;3;15;2022-04-25;18:23:07
1;3;2;5;2022-04-25;18:23:08
2;17;1;11;2022-04-25;18:23:09
3;17;3;15;2022-04-25;18:23:10
1;3;2;6;2022-04-25;18:23:11
2;15;1;12;2022-04-25;18:23:12
3;17;3;16;2022-04-25;18:23:13
0;1;0;3;2022-04-25;18:23:14
3;17;3;16;2022-04-25;18:23:15
2;13;3;13;2022-04-25;18:23:16
1;7;1;4;2022-04-25;18:23:17
4;22;4;20;2022-04-25;18:23:18
1;3;2;6;2022-04-25;18:23:19
2;15;1;12;2022-04-25;18:23:20
3;17;3;16;2022-04-25;18:23:21
1;4;2;5;2022-04-25;18:23:22
2;15;1;11;2022-04-25;18:23:23
3;17;3;15;2022-04-25;18:23:24
1;4;2;5;2022-04-25;18:23:25
2;15;1;12;2022-04-25;18:23:26
3;17;3;16;2022-04-25;18:23:27
1;5;2;6;2022-04-25;18:23:28
2;15;1;12;2022-04-25;18:23:29
3;17;3;16;2022-04-25;18:23:30
1;3;2;5;2022-04-25;18:23:31
2;15;1;12;2022-04-25;18:23:32
3;17;3;15;2022-04-25;18:23:33
0;1;0;1;2022-04-25;18:23:34
3;17;3;15;2022-04-25;18:23:35
1;6;2;8;2022-04-25;18:23:36
2;12;1;10;2022-04-25;18:23:37
3;18;3;17;2022-04-25;18:23:38
1;3;2;6;2022-04-25;18:23:39
2;18;1;14;2022-04-25;18:23:40
3;17;3;15;2022-04-25;18:23:41
1;4;2;6;2022-04-25;18:23:42
3;18;2;15;2022-04-25;18:23:43
3;18;3;15;2022-04-25;18:23:44
1;4;2;6;2022-04-25;18:23:45
2;15;1;11;2022-04-25;18:23:46
3;17;3;16;2022-04-25;18:23:47
1;3;2;6;2022-04-25;18:23:48
2;16;1;12;2022-04-25;18:23:49
3;17;3;15;2022-04-25;18:23:50
1;2;2;5;2022-04-25;18:23:51
3;17;1;14;2022-04-25;18:23:52
3;17;3;15;2022-04-25;18:23:53
0;2;0;3;2022-04-25;18:23:54
3;17;3;15;2022-04-25;18:23:55
1;3;2;5;2022-04-25;18:23:56
2;16;1;11;2022-04-25;18:23:57
3;17;3;15;2022-04-25;18:23:58
1;3;2;6;2022-04-25;18:23:59
2;15;1;13;2022-04-25;18:24:00
3;18;3;16;2022-04-25;18:24:01
1;3;2;6;2022-04-25;18:24:02
2;16;1;12;2022-04-25;18:24:03
3;17;3;16;2022-04-25;18:24:04
1;3;2;6;2022-04-25;18:24:05
2;15;1;11;2022-04-25;18:24:06
3;17;3;16;2022-04-25;18:24:07
2;7;3;8;2022-04-25;18:24:08
2;15;1;12;2022-04-25;18:24:09
3;17;3;15;2022-04-25;18:24:10
0;1;0;2;2022-04-25;18:24:11
3;17;3;16;2022-04-25;18:24:12
1;7;2;9;2022-04-25;18:24:13
2;12;1;8;2022-04-25;18:24:14
3;17;3;15;2022-04-25;18:24:15
1;3;2;5;2022-04-25;18:24:16
2;15;1;11;2022-04-25;18:24:17
3;19;3;17;2022-04-25;18:24:18
1;3;2;5;2022-04-25;18:24:19
2;15;1;11;2022-04-25;18:24:20
3;19;3;15;2022-04-25;18:24:21
1;3;2;5;2022-04-25;18:24:22
2;15;1;11;2022-04-25;18:24:23
3;17;3;15;2022-04-25;18:24:24
1;3;2;6;2022-04-25;18:24:25
2;16;1;12;2022-04-25;18:24:26
3;17;3;17;2022-04-25;18:24:27
0;1;1;2;2022-04-25;18:24:28
3;18;2;14;2022-04-25;18:24:29
2;13;3;15;2022-04-25;18:24:30
1;5;0;3;2022-04-25;18:24:31
3;17;3;16;2022-04-25;18:24:32
2;8;3;10;2022-04-25;18:24:33
2;15;1;12;2022-04-25;18:24:34
3;17;3;15;2022-04-25;18:24:35
1;3;2;5;2022-04-25;18:24:36
2;16;1;11;2022-04-25;18:24:37
3;17;3;16;2022-04-25;18:24:38
1;4;2;6;2022-04-25;18:24:39
2;15;1;12;2022-04-25;18:24:40
3;17;3;15;2022-04-25;18:24:41
1;3;2;5;2022-04-25;18:24:42
2;16;1;13;2022-04-25;18:24:43
3;17;3;15;2022-04-25;18:24:44
1;4;2;5;2022-04-25;18:24:45
2;15;1;11;2022-04-25;18:24:46
3;17;3;15;2022-04-25;18:24:47
0;1;0;1;2022-04-25;18:24:48
3;17;3;15;2022-04-25;18:24:49
2;9;2;9;2022-04-25;18:24:50
0;5;0;6;2022-04-25;18:24:51
0;4;0;4;2022-04-25;18:24:52
0;2;0;2;2022-04-25;18:24:53
1;9;1;7;2022-04-25;18:24:54
3;17;3;15;2022-04-25;18:24:55
0;1;0;1;2022-04-25;18:24:56
3;17;3;15;2022-04-25;18:24:57
2;7;3;9;2022-04-25;18:24:58
2;15;1;12;2022-04-25;18:24:59
3;17;3;16;2022-04-25;18:25:00
1;5;2;6;2022-04-25;18:25:01
2;15;1;11;2022-04-25;18:25:02
3;17;2;15;2022-04-25;18:25:03
1;3;2;5;2022-04-25;18:25:04
2;15;1;11;2022-04-25;18:25:05
3;17;3;15;2022-04-25;18:25:06
1;3;2;5;2022-04-25;18:25:07
2;16;1;12;2022-04-25;18:25:08
3;18;3;15;2022-04-25;18:25:09
1;2;2;4;2022-04-25;18:25:10
2;16;1;13;2022-04-25;18:25:11
3;17;3;16;2022-04-25;18:25:12
0;1;0;2;2022-04-25;18:25:13
3;17;3;15;2022-04-25;18:25:14
1;3;2;5;2022-04-25;18:25:15
2;15;1;11;2022-04-25;18:25:16
3;18;3;15;2022-04-25;18:25:17
1;4;2;6;2022-04-25;18:25:18
2;16;1;11;2022-04-25;18:25:19
3;17;3;15;2022-04-25;18:25:20
1;3;2;5;2022-04-25;18:25:21
2;15;1;11;2022-04-25;18:25:22
4;20;3;20;2022-04-25;18:25:23
1;3;2;5;2022-04-25;18:25:24
2;17;1;11;2022-04-25;18:25:25
3;17;3;15;2022-04-25;18:25:26
1;3;2;5;2022-04-25;18:25:27
2;15;1;12;2022-04-25;18:25:28
3;17;3;16;2022-04-25;18:25:29
0;2;0;2;2022-04-25;18:25:30
3;17;3;16;2022-04-25;18:25:31
2;9;2;9;2022-04-25;18:25:32
1;10;1;8;2022-04-25;18:25:33
3;19;3;17;2022-04-25;18:25:34
1;3;2;5;2022-04-25;18:25:35
2;15;1;11;2022-04-25;18:25:36
3;17;3;15;2022-04-25;18:25:37
1;3;2;5;2022-04-25;18:25:38
2;15;1;12;2022-04-25;18:25:39
3;17;3;16;2022-04-25;18:25:40
1;3;2;6;2022-04-25;18:25:41
2;16;1;11;2022-04-25;18:25:42
3;18;3;15;2022-04-25;18:25:43
1;3;2;4;2022-04-25;18:25:44
2;15;1;14;2022-04-25;18:25:45
3;18;3;15;2022-04-25;18:25:46
0;4;0;1;2022-04-25;18:25:47
4;26;3;20;2022-04-25;18:25:48
1;6;2;8;2022-04-25;18:25:49
2;14;1;10;2022-04-25;18:25:50
3;17;3;16;2022-04-25;18:25:51
1;3;2;6;2022-04-25;18:25:52
2;16;1;13;2022-04-25;18:25:53
3;17;3;16;2022-04-25;18:25:54
1;3;2;5;2022-04-25;18:25:55
2;15;1;11;2022-04-25;18:25:56
3;18;3;15;2022-04-25;18:25:57
1;4;2;6;2022-04-25;18:25:58
2;15;1;11;2022-04-25;18:25:59
3;18;3;15;2022-04-25;18:26:00
1;3;2;4;2022-04-25;18:26:01
2;15;1;12;2022-04-25;18:26:02
3;17;3;15;2022-04-25;18:26:03
0;1;0;1;2022-04-25;18:26:04
3;19;3;16;2022-04-25;18:26:05
1;5;2;8;2022-04-25;18:26:06
2;13;1;10;2022-04-25;18:26:07
3;18;3;16;2022-04-25;18:26:08
1;3;2;5;2022-04-25;18:26:09
2;15;1;11;2022-04-25;18:26:10
3;18;3;16;2022-04-25;18:26:11
1;3;2;5;2022-04-25;18:26:12
3;18;2;15;2022-04-25;18:26:13
3;18;3;15;2022-04-25;18:26:14
1;3;2;6;2022-04-25;18:26:15
2;15;1;12;2022-04-25;18:26:16
3;17;3;16;2022-04-25;18:26:17
1;3;2;4;2022-04-25;18:26:18
2;15;1;12;2022-04-25;18:26:19
3;17;3;15;2022-04-25;18:26:20
0;1;0;1;2022-04-25;18:26:21
3;17;3;15;2022-04-25;18:26:22
3;17;2;13;2022-04-25;18:26:23
0;3;0;5;2022-04-25;18:26:24
3;17;3;16;2022-04-25;18:26:25
1;3;2;6;2022-04-25;18:26:26
2;15;1;11;2022-04-25;18:26:27
3;17;3;16;2022-04-25;18:26:28
1;5;2;6;2022-04-25;18:26:29
2;16;1;13;2022-04-25;18:26:30
3;17;3;15;2022-04-25;18:26:31
1;3;2;5;2022-04-25;18:26:32
2;16;1;12;2022-04-25;18:26:33
3;18;3;15;2022-04-25;18:26:34
1;4;2;5;2022-04-25;18:26:35
2;15;1;11;2022-04-25;18:26:36
3;20;3;16;2022-04-25;18:26:37
2;6;3;8;2022-04-25;18:26:38
2;15;1;12;2022-04-25;18:26:39
2;17;1;13;2022-04-25;18:26:40
1;3;2;6;2022-04-25;18:26:41
2;15;1;11;2022-04-25;18:26:42
2;10;2;12;2022-04-25;18:26:43
1;8;0;5;2022-04-25;18:26:44
3;18;3;15;2022-04-25;18:26:45
1;3;2;6;2022-04-25;18:26:46
2;15;1;12;2022-04-25;18:26:47
3;20;3;18;2022-04-25;18:26:48
1;3;2;5;2022-04-25;18:26:49
2;15;1;11;2022-04-25;18:26:50
3;17;3;16;2022-04-25;18:26:51
1;3;2;5;2022-04-25;18:26:52
2;15;1;13;2022-04-25;18:26:53
3;17;3;17;2022-04-25;18:26:54
1;4;2;7;2022-04-25;18:26:55
2;15;1;12;2022-04-25;18:26:56
3;17;3;16;2022-04-25;18:26:57
1;3;2;5;2022-04-25;18:26:58
2;15;1;13;2022-04-25;18:26:59
3;17;3;16;2022-04-25;18:27:00
0;1;0;1;2022-04-25;18:27:01
3;17;3;15;2022-04-25;18:27:02
2;8;3;10;2022-04-25;18:27:03
2;15;1;11;2022-04-25;18:27:04
3;18;3;15;2022-04-25;18:27:05
1;3;2;6;2022-04-25;18:27:06
2;15;1;11;2022-04-25;18:27:07
3;17;3;15;2022-04-25;18:27:08
1;5;2;5;2022-04-25;18:27:09
2;16;1;12;2022-04-25;18:27:10
3;17;3;16;2022-04-25;18:27:11
1;3;2;6;2022-04-25;18:27:12
2;17;1;12;2022-04-25;18:27:13
3;17;3;15;2022-04-25;18:27:14
1;4;2;4;2022-04-25;18:27:15
2;15;1;12;2022-04-25;18:27:16
3;19;3;16;2022-04-25;18:27:17
0;1;0;1;2022-04-25;18:27:18
3;17;3;15;2022-04-25;18:27:19
1;3;2;5;2022-04-25;18:27:20
2;15;1;11;2022-04-25;18:27:21
3;17;3;15;2022-04-25;18:27:22
1;4;2;6;2022-04-25;18:27:23
2;15;1;11;2022-04-25;18:27:24
3;19;3;15;2022-04-25;18:27:25
1;3;2;6;2022-04-25;18:27:26
2;15;1;12;2022-04-25;18:27:27
4;20;3;20;2022-04-25;18:27:28
1;3;2;6;2022-04-25;18:27:29
2;15;1;12;2022-04-25;18:27:30
3;17;3;16;2022-04-25;18:27:31
1;3;2;4;2022-04-25;18:27:32
2;17;1;13;2022-04-25;18:27:33
3;17;3;15;2022-04-25;18:27:34
0;2;0;1;2022-04-25;18:27:35
3;17;3;15;2022-04-25;18:27:36
1;5;2;8;2022-04-25;18:27:37
2;14;1;11;2022-04-25;18:27:38
3;17;3;16;2022-04-25;18:27:39
1;3;2;5;2022-04-25;18:27:40
2;15;1;12;2022-04-25;18:27:41
3;17;3;16;2022-04-25;18:27:42
1;3;2;6;2022-04-25;18:27:43
2;16;1;11;2022-04-25;18:27:44
3;17;3;15;2022-04-25;18:27:45
1;3;2;5;2022-04-25;18:27:46
2;15;1;11;2022-04-25;18:27:47
3;18;3;16;2022-04-25;18:27:48
1;4;2;5;2022-04-25;18:27:49
2;15;1;12;2022-04-25;18:27:50
3;17;3;17;2022-04-25;18:27:51
0;1;0;3;2022-04-25;18:27:52
4;21;3;19;2022-04-25;18:27:53
1;5;2;7;2022-04-25;18:27:54
2;13;1;10;2022-04-25;18:27:55
3;17;3;15;2022-04-25;18:27:56
1;4;2;5;2022-04-25;18:27:57
2;15;1;12;2022-04-25;18:27:58
3;17;3;16;2022-04-25;18:27:59
1;5;2;8;2022-04-25;18:28:00
2;15;1;11;2022-04-25;18:28:01
3;17;3;16;2022-04-25;18:28:02
1;3;2;6;2022-04-25;18:28:03
2;15;1;12;2022-04-25;18:28:04
3;17;3;16;2022-04-25;18:28:05
1;4;2;6;2022-04-25;18:28:06
2;15;1;12;2022-04-25;18:28:07
3;17;3;15;2022-04-25;18:28:08
0;2;0;1;2022-04-25;18:28:09
3;18;3;15;2022-04-25;18:28:10
2;12;2;13;2022-04-25;18:28:11
1;6;0;5;2022-04-25;18:28:12
3;19;3;16;2022-04-25;18:28:13
1;3;2;5;2022-04-25;18:28:14
2;15;1;12;2022-04-25;18:28:15
3;18;3;16;2022-04-25;18:28:16
1;3;2;6;2022-04-25;18:28:17
3;20;2;16;2022-04-25;18:28:18
3;17;3;15;2022-04-25;18:28:19
1;3;2;6;2022-04-25;18:28:20
2;15;1;12;2022-04-25;18:28:21
3;17;3;16;2022-04-25;18:28:22
1;3;2;5;2022-04-25;18:28:23
2;15;1;11;2022-04-25;18:28:24
3;17;3;16;2022-04-25;18:28:25
0;2;1;3;2022-04-25;18:28:26
3;17;2;15;2022-04-25;18:28:27
3;16;2;15;2022-04-25;18:28:28
0;5;0;2;2022-04-25;18:28:29
3;17;2;15;2022-04-25;18:28:30
1;3;2;5;2022-04-25;18:28:31
2;15;1;12;2022-04-25;18:28:32
3;17;3;16;2022-04-25;18:28:33
1;3;2;6;2022-04-25;18:28:34
2;15;1;11;2022-04-25;18:28:35
3;18;2;15;2022-04-25;18:28:36
1;5;2;5;2022-04-25;18:28:37
2;16;1;13;2022-04-25;18:28:38
3;17;2;15;2022-04-25;18:28:39
1;6;2;8;2022-04-25;18:28:40
2;15;1;12;2022-04-25;18:28:41
3;17;3;16;2022-04-25;18:28:42
2;6;3;9;2022-04-25;18:28:43
2;15;1;13;2022-04-25;18:28:44
3;19;3;16;2022-04-25;18:28:45
0;1;0;1;2022-04-25;18:28:46
3;17;3;15;2022-04-25;18:28:47
1;3;2;5;2022-04-25;18:28:48
2;15;1;11;2022-04-25;18:28:49
3;17;2;15;2022-04-25;18:28:50
1;3;2;5;2022-04-25;18:28:51
2;16;1;12;2022-04-25;18:28:52
3;18;3;17;2022-04-25;18:28:53
1;3;2;6;2022-04-25;18:28:54
2;15;1;11;2022-04-25;18:28:55
3;18;3;15;2022-04-25;18:28:56
1;3;2;5;2022-04-25;18:28:57
2;15;1;11;2022-04-25;18:28:58
3;17;3;16;2022-04-25;18:28:59
1;3;2;5;2022-04-25;18:29:00
2;15;1;13;2022-04-25;18:29:01
3;17;3;15;2022-04-25;18:29:02
0;3;0;2;2022-04-25;18:29:03
3;17;3;15;2022-04-25;18:29:04
1;5;2;7;2022-04-25;18:29:05
2;13;1;9;2022-04-25;18:29:06
3;17;3;15;2022-04-25;18:29:07
2;7;3;9;2022-04-25;18:29:08
2;16;1;11;2022-04-25;18:29:09
3;17;3;15;2022-04-25;18:29:10
1;3;2;6;2022-04-25;18:29:11
2;15;1;12;2022-04-25;18:29:12
3;19;3;18;2022-04-25;18:29:13
2;10;2;5;2022-04-25;18:29:14
2;15;1;11;2022-04-25;18:29:15
4;22;3;15;2022-04-25;18:29:16
1;6;2;5;2022-04-25;18:29:17
2;19;1;12;2022-04-25;18:29:18
3;17;3;16;2022-04-25;18:29:19
0;1;0;2;2022-04-25;18:29:20
3;17;3;15;2022-04-25;18:29:21
2;9;2;10;2022-04-25;18:29:22
1;9;0;6;2022-04-25;18:29:23
3;17;3;15;2022-04-25;18:29:24
1;4;2;5;2022-04-25;18:29:25
2;15;1;11;2022-04-25;18:29:26
3;18;3;15;2022-04-25;18:29:27
1;3;2;5;2022-04-25;18:29:28
2;16;1;12;2022-04-25;18:29:29
3;17;3;16;2022-04-25;18:29:30
1;3;2;6;2022-04-25;18:29:31
2;15;1;12;2022-04-25;18:29:32
4;22;4;21;2022-04-25;18:29:33
1;3;2;6;2022-04-25;18:29:34
2;15;1;11;2022-04-25;18:29:35
3;17;3;15;2022-04-25;18:29:36
0;1;0;1;2022-04-25;18:29:37
3;17;3;15;2022-04-25;18:29:38
1;5;2;7;2022-04-25;18:29:39
2;13;1;9;2022-04-25;18:29:40
3;18;3;15;2022-04-25;18:29:41
1;3;2;5;2022-04-25;18:29:42
2;16;1;12;2022-04-25;18:29:43
3;17;3;15;2022-04-25;18:29:44
1;3;2;6;2022-04-25;18:29:45
2;15;1;12;2022-04-25;18:29:46
3;18;3;16;2022-04-25;18:29:47
1;4;2;5;2022-04-25;18:29:48
2;16;1;11;2022-04-25;18:29:49
3;17;3;15;2022-04-25;18:29:50
1;3;2;5;2022-04-25;18:29:51
2;16;1;12;2022-04-25;18:29:52
3;19;3;17;2022-04-25;18:29:53
0;1;0;2;2022-04-25;18:29:54
3;17;3;15;2022-04-25;18:29:55
2;9;2;9;2022-04-25;18:29:56
2;14;1;7;2022-04-25;18:29:57
4;23;3;19;2022-04-25;18:29:58
1;4;2;5;2022-04-25;18:29:59
2;15;1;12;2022-04-25;18:30:00
3;17;3;16;2022-04-25;18:30:01
1;3;2;6;2022-04-25;18:30:02
2;16;1;11;2022-04-25;18:30:03
3;17;3;15;2022-04-25;18:30:04
1;4;2;6;2022-04-25;18:30:05
2;15;1;12;2022-04-25;18:30:06
3;18;3;16;2022-04-25;18:30:07
1;4;2;6;2022-04-25;18:30:08
2;15;1;11;2022-04-25;18:30:09
3;17;3;15;2022-04-25;18:30:10
0;1;0;2;2022-04-25;18:30:11
3;17;3;16;2022-04-25;18:30:12
2;11;2;12;2022-04-25;18:30:13
1;9;0;5;2022-04-25;18:30:14
3;17;3;15;2022-04-25;18:30:15
1;3;2;5;2022-04-25;18:30:16
2;15;1;11;2022-04-25;18:30:17
3;18;3;16;2022-04-25;18:30:18
1;3;2;6;2022-04-25;18:30:19
2;15;1;12;2022-04-25;18:30:20
3;18;3;16;2022-04-25;18:30:21
1;3;2;5;2022-04-25;18:30:22
3;18;2;16;2022-04-25;18:30:23
3;17;3;16;2022-04-25;18:30:24
1;5;2;8;2022-04-25;18:30:25
2;16;1;11;2022-04-25;18:30:26
3;17;3;15;2022-04-25;18:30:27
0;2;0;1;2022-04-25;18:30:28
3;19;3;15;2022-04-25;18:30:29
3;15;3;16;2022-04-25;18:30:30
0;3;0;1;2022-04-25;18:30:31
3;17;3;15;2022-04-25;18:30:32
1;3;2;5;2022-04-25;18:30:33
2;15;1;13;2022-04-25;18:30:34
3;17;3;16;2022-04-25;18:30:35
1;3;2;6;2022-04-25;18:30:36
2;17;1;11;2022-04-25;18:30:37
3;17;3;15;2022-04-25;18:30:38
1;3;2;5;2022-04-25;18:30:39
2;15;1;12;2022-04-25;18:30:40
3;17;3;16;2022-04-25;18:30:41
1;3;2;6;2022-04-25;18:30:42
2;15;1;11;2022-04-25;18:30:43
3;18;3;15;2022-04-25;18:30:44
1;4;2;4;2022-04-25;18:30:45
2;15;1;13;2022-04-25;18:30:46
3;17;3;17;2022-04-25;18:30:47
1;5;1;7;2022-04-25;18:30:48
3;18;3;15;2022-04-25;18:30:49
1;3;2;5;2022-04-25;18:30:50
2;16;1;11;2022-04-25;18:30:51
3;17;3;15;2022-04-25;18:30:52
1;3;2;7;2022-04-25;18:30:53
2;15;1;12;2022-04-25;18:30:54
3;17;3;16;2022-04-25;18:30:55
1;3;2;5;2022-04-25;18:30:56
2;15;1;11;2022-04-25;18:30:57
3;18;3;16;2022-04-25;18:30:58
1;3;2;6;2022-04-25;18:30:59
2;16;1;12;2022-04-25;18:31:00
3;17;3;15;2022-04-25;18:31:01
1;3;2;4;2022-04-25;18:31:02
2;15;1;12;2022-04-25;18:31:03
2;12;2;10;2022-04-25;18:31:04
2;8;1;6;2022-04-25;18:31:05
3;19;3;15;2022-04-25;18:31:06
1;4;2;6;2022-04-25;18:31:07
3;17;1;12;2022-04-25;18:31:08
3;19;3;17;2022-04-25;18:31:09
1;3;2;8;2022-04-25;18:31:10
2;16;1;11;2022-04-25;18:31:11
3;17;3;15;2022-04-25;18:31:12
2;5;3;9;2022-04-25;18:31:13
2;16;1;11;2022-04-25;18:31:14
3;18;3;16;2022-04-25;18:31:15
1;3;2;5;2022-04-25;18:31:16
2;16;1;12;2022-04-25;18:31:17
3;17;3;15;2022-04-25;18:31:18
1;4;2;5;2022-04-25;18:31:19
2;15;1;11;2022-04-25;18:31:20
3;17;3;16;2022-04-25;18:31:21
0;2;1;3;2022-04-25;18:31:22
3;18;2;16;2022-04-25;18:31:23
2;9;2;11;2022-04-25;18:31:24
1;9;0;5;2022-04-25;18:31:25
3;18;3;15;2022-04-25;18:31:26
1;3;2;5;2022-04-25;18:31:27
2;15;1;11;2022-04-25;18:31:28
3;17;3;16;2022-04-25;18:31:29
1;4;2;6;2022-04-25;18:31:30
2;15;1;12;2022-04-25;18:31:31
3;17;3;15;2022-04-25;18:31:32
1;5;2;6;2022-04-25;18:31:33
2;15;1;11;2022-04-25;18:31:34
3;17;3;15;2022-04-25;18:31:35
1;3;2;6;2022-04-25;18:31:36
2;16;1;12;2022-04-25;18:31:37
4;22;3;21;2022-04-25;18:31:38
0;2;0;2;2022-04-25;18:31:39
3;17;3;16;2022-04-25;18:31:40
3;17;3;15;2022-04-25;18:31:41
0;1;0;2;2022-04-25;18:31:42
3;17;3;15;2022-04-25;18:31:43
1;3;2;5;2022-04-25;18:31:44
2;15;1;11;2022-04-25;18:31:45
3;17;3;15;2022-04-25;18:31:46
1;3;2;5;2022-04-25;18:31:47
2;15;1;11;2022-04-25;18:31:48
3;17;3;15;2022-04-25;18:31:49
1;3;2;5;2022-04-25;18:31:50
2;15;1;12;2022-04-25;18:31:51
3;17;3;16;2022-04-25;18:31:52
1;3;2;6;2022-04-25;18:31:53
2;15;1;11;2022-04-25;18:31:54
3;17;3;15;2022-04-25;18:31:55
1;4;2;4;2022-04-25;18:31:56
2;16;1;12;2022-04-25;18:31:57
3;18;3;15;2022-04-25;18:31:58
0;1;0;1;2022-04-25;18:31:59
3;17;3;15;2022-04-25;18:32:00
1;4;2;5;2022-04-25;18:32:01
2;14;1;12;2022-04-25;18:32:02
3;18;3;17;2022-04-25;18:32:03
2;7;3;10;2022-04-25;18:32:04
2;16;1;12;2022-04-25;18:32:05
3;18;3;15;2022-04-25;18:32:06
1;4;2;5;2022-04-25;18:32:07
2;15;1;11;2022-04-25;18:32:08
3;17;3;15;2022-04-25;18:32:09
1;3;2;5;2022-04-25;18:32:10
2;15;1;11;2022-04-25;18:32:11
3;17;3;16;2022-04-25;18:32:12
1;4;2;6;2022-04-25;18:32:13
2;16;1;13;2022-04-25;18:32:14
3;17;3;15;2022-04-25;18:32:15
0;1;0;1;2022-04-25;18:32:16
3;17;3;15;2022-04-25;18:32:17
3;17;2;14;2022-04-25;18:32:18
0;3;0;2;2022-04-25;18:32:19
3;17;2;15;2022-04-25;18:32:20
1;3;2;5;2022-04-25;18:32:21
2;15;1;11;2022-04-25;18:32:22
3;17;2;15;2022-04-25;18:32:23
1;4;2;6;2022-04-25;18:32:24
2;15;1;12;2022-04-25;18:32:25
3;17;3;16;2022-04-25;18:32:26
1;3;2;6;2022-04-25;18:32:27
2;15;1;11;2022-04-25;18:32:28
4;22;3;19;2022-04-25;18:32:29
1;3;2;5;2022-04-25;18:32:30
2;17;1;12;2022-04-25;18:32:31
3;17;2;15;2022-04-25;18:32:32
1;3;2;4;2022-04-25;18:32:33
2;16;1;12;2022-04-25;18:32:34
3;17;2;15;2022-04-25;18:32:35
0;1;0;1;2022-04-25;18:32:36
3;18;2;15;2022-04-25;18:32:37
1;5;2;6;2022-04-25;18:32:38
2;15;1;12;2022-04-25;18:32:39
3;17;3;16;2022-04-25;18:32:40
1;3;2;6;2022-04-25;18:32:41
2;15;1;11;2022-04-25;18:32:42
3;17;3;15;2022-04-25;18:32:43
1;3;2;5;2022-04-25;18:32:44
2;15;1;13;2022-04-25;18:32:45
3;17;3;16;2022-04-25;18:32:46
1;3;2;6;2022-04-25;18:32:47
2;16;1;11;2022-04-25;18:32:48
3;19;3;17;2022-04-25;18:32:49
1;3;2;5;2022-04-25;18:32:50
2;15;1;11;2022-04-25;18:32:51
3;19;3;17;2022-04-25;18:32:52
0;1;1;3;2022-04-25;18:32:53
4;22;3;19;2022-04-25;18:32:54
2;13;2;14;2022-04-25;18:32:55
1;5;0;3;2022-04-25;18:32:56
3;17;3;15;2022-04-25;18:32:57
1;4;2;5;2022-04-25;18:32:58
2;15;1;11;2022-04-25;18:32:59
3;17;3;15;2022-04-25;18:33:00
1;3;2;5;2022-04-25;18:33:01
2;15;1;11;2022-04-25;18:33:02
3;17;3;15;2022-04-25;18:33:03
1;4;2;7;2022-04-25;18:33:04
2;16;1;12;2022-04-25;18:33:05
3;17;3;16;2022-04-25;18:33:06
1;3;2;5;2022-04-25;18:33:07
2;15;1;11;2022-04-25;18:33:08
3;17;3;15;2022-04-25;18:33:09
0;1;0;1;2022-04-25;18:33:10
3;17;3;15;2022-04-25;18:33:11
3;17;3;16;2022-04-25;18:33:12
0;1;0;1;2022-04-25;18:33:13
3;18;3;16;2022-04-25;18:33:14
1;6;2;8;2022-04-25;18:33:15
2;13;1;8;2022-04-25;18:33:16
3;17;3;16;2022-04-25;18:33:17
1;3;2;6;2022-04-25;18:33:18
3;18;2;16;2022-04-25;18:33:19
3;17;3;15;2022-04-25;18:33:20
1;3;2;5;2022-04-25;18:33:21
2;15;1;11;2022-04-25;18:33:22
3;18;3;16;2022-04-25;18:33:23
1;3;2;6;2022-04-25;18:33:24
2;15;1;12;2022-04-25;18:33:25
3;17;3;15;2022-04-25;18:33:26
1;3;2;5;2022-04-25;18:33:27
2;15;1;11;2022-04-25;18:33:28
3;19;3;16;2022-04-25;18:33:29
0;1;0;1;2022-04-25;18:33:30
3;17;3;15;2022-04-25;18:33:31
2;10;2;11;2022-04-25;18:33:32
1;8;1;6;2022-04-25;18:33:33
3;17;3;16;2022-04-25;18:33:34
1;3;2;7;2022-04-25;18:33:35
2;15;1;11;2022-04-25;18:33:36
3;17;3;15;2022-04-25;18:33:37
1;4;2;6;2022-04-25;18:33:38
2;16;1;14;2022-04-25;18:33:39
3;17;3;16;2022-04-25;18:33:40
1;3;2;6;2022-04-25;18:33:41
2;18;1;14;2022-04-25;18:33:42
3;17;3;17;2022-04-25;18:33:43
2;7;3;10;2022-04-25;18:33:44
2;15;1;12;2022-04-25;18:33:45
3;17;3;15;2022-04-25;18:33:46
1;3;2;6;2022-04-25;18:33:47
2;16;1;13;2022-04-25;18:33:48
2;15;2;14;2022-04-25;18:33:49
1;5;0;3;2022-04-25;18:33:50
3;18;3;16;2022-04-25;18:33:51
1;5;2;8;2022-04-25;18:33:52
2;18;1;17;2022-04-25;18:33:53
3;19;3;17;2022-04-25;18:33:54
1;3;2;5;2022-04-25;18:33:55
2;15;1;11;2022-04-25;18:33:56
3;18;3;15;2022-04-25;18:33:57
1;3;2;5;2022-04-25;18:33:58
2;15;1;11;2022-04-25;18:33:59
3;18;3;15;2022-04-25;18:34:00
1;3;2;6;2022-04-25;18:34:01
2;15;1;13;2022-04-25;18:34:02
3;17;3;16;2022-04-25;18:34:03
1;6;2;8;2022-04-25;18:34:04
2;15;1;11;2022-04-25;18:34:05
3;18;3;15;2022-04-25;18:34:06
0;1;0;1;2022-04-25;18:34:07
3;17;3;15;2022-04-25;18:34:08
2;8;3;11;2022-04-25;18:34:09
2;15;1;12;2022-04-25;18:34:10
3;17;3;16;2022-04-25;18:34:11
1;3;2;7;2022-04-25;18:34:12
2;16;1;13;2022-04-25;18:34:13
3;18;3;16;2022-04-25;18:34:14
1;4;2;5;2022-04-25;18:34:15
2;15;1;12;2022-04-25;18:34:16
3;17;3;15;2022-04-25;18:34:17
1;3;2;5;2022-04-25;18:34:18
2;16;1;12;2022-04-25;18:34:19
3;18;3;15;2022-04-25;18:34:20
1;3;2;5;2022-04-25;18:34:21
2;15;1;13;2022-04-25;18:34:22
3;17;3;16;2022-04-25;18:34:23
0;1;0;1;2022-04-25;18:34:24
3;17;3;15;2022-04-25;18:34:25
1;5;2;7;2022-04-25;18:34:26
2;13;1;9;2022-04-25;18:34:27
3;17;3;15;2022-04-25;18:34:28
1;5;2;7;2022-04-25;18:34:29
2;15;1;12;2022-04-25;18:34:30
3;17;3;16;2022-04-25;18:34:31
1;3;2;5;2022-04-25;18:34:32
2;15;1;11;2022-04-25;18:34:33
4;20;3;19;2022-04-25;18:34:34
1;4;2;5;2022-04-25;18:34:35
2;15;1;11;2022-04-25;18:34:36
3;18;3;15;2022-04-25;18:34:37
1;3;2;5;2022-04-25;18:34:38
2;16;1;11;2022-04-25;18:34:39
3;17;3;15;2022-04-25;18:34:40
0;1;1;2;2022-04-25;18:34:41
3;17;2;16;2022-04-25;18:34:42
2;10;2;13;2022-04-25;18:34:43
1;9;1;7;2022-04-25;18:34:44
3;18;3;15;2022-04-25;18:34:45
1;3;2;5;2022-04-25;18:34:46
2;15;1;11;2022-04-25;18:34:47
3;17;3;15;2022-04-25;18:34:48
1;3;2;5;2022-04-25;18:34:49
2;15;1;12;2022-04-25;18:34:50
3;17;3;16;2022-04-25;18:34:51
1;3;2;6;2022-04-25;18:34:52
2;15;1;12;2022-04-25;18:34:53
3;18;3;16;2022-04-25;18:34:54
1;3;2;5;2022-04-25;18:34:55
2;16;1;11;2022-04-25;18:34:56
3;17;3;15;2022-04-25;18:34:57
1;3;2;4;2022-04-25;18:34:58
3;18;2;16;2022-04-25;18:34:59
3;18;3;15;2022-04-25;18:35:00
0;1;0;1;2022-04-25;18:35:01
3;17;3;15;2022-04-25;18:35:02
1;4;2;6;2022-04-25;18:35:03
2;14;1;11;2022-04-25;18:35:04
3;17;3;15;2022-04-25;18:35:05
1;3;2;6;2022-04-25;18:35:06
2;15;1;12;2022-04-25;18:35:07
3;17;3;16;2022-04-25;18:35:08
1;5;2;6;2022-04-25;18:35:09
2;15;1;11;2022-04-25;18:35:10
3;17;3;16;2022-04-25;18:35:11
1;3;2;6;2022-04-25;18:35:12
2;15;1;12;2022-04-25;18:35:13
3;17;3;15;2022-04-25;18:35:14
1;3;2;4;2022-04-25;18:35:15
2;15;1;12;2022-04-25;18:35:16
3;22;3;17;2022-04-25;18:35:17
0;2;0;1;2022-04-25;18:35:18
3;17;3;16;2022-04-25;18:35:19
1;6;2;8;2022-04-25;18:35:20
2;12;1;8;2022-04-25;18:35:21
3;17;3;15;2022-04-25;18:35:22
1;3;2;6;2022-04-25;18:35:23
3;21;2;17;2022-04-25;18:35:24
3;20;3;16;2022-04-25;18:35:25
1;3;2;5;2022-04-25;18:35:26
2;15;1;11;2022-04-25;18:35:27
3;17;3;16;2022-04-25;18:35:28
1;3;2;6;2022-04-25;18:35:29
2;15;1;12;2022-04-25;18:35:30
3;17;3;15;2022-04-25;18:35:31
1;3;2;5;2022-04-25;18:35:32
2;16;1;12;2022-04-25;18:35:33
3;18;3;16;2022-04-25;18:35:34
0;1;0;1;2022-04-25;18:35:35
3;18;2;15;2022-04-25;18:35:36
3;16;2;14;2022-04-25;18:35:37
0;3;0;2;2022-04-25;18:35:38
3;17;3;15;2022-04-25;18:35:39
1;3;2;5;2022-04-25;18:35:40
2;15;1;11;2022-04-25;18:35:41
3;17;3;15;2022-04-25;18:35:42
1;3;2;6;2022-04-25;18:35:43
2;17;1;14;2022-04-25;18:35:44
3;17;3;16;2022-04-25;18:35:45
1;3;2;5;2022-04-25;18:35:46
2;15;1;11;2022-04-25;18:35:47
3;17;3;15;2022-04-25;18:35:48
3;9;3;10;2022-04-25;18:35:49
2;16;1;12;2022-04-25;18:35:50
3;17;3;16;2022-04-25;18:35:51
1;4;2;5;2022-04-25;18:35:52
2;15;1;13;2022-04-25;18:35:53
3;17;3;16;2022-04-25;18:35:54
0;1;0;1;2022-04-25;18:35:55
3;18;3;15;2022-04-25;18:35:56
1;5;2;5;2022-04-25;18:35:57
2;15;1;11;2022-04-25;18:35:58
3;18;3;16;2022-04-25;18:35:59
1;3;2;5;2022-04-25;18:36:00
2;15;1;11;2022-04-25;18:36:01
3;18;3;15;2022-04-25;18:36:02
1;3;2;6;2022-04-25;18:36:03
2;16;1;12;2022-04-25;18:36:04
3;17;3;16;2022-04-25;18:36:05
1;3;2;5;2022-04-25;18:36:06
2;15;1;11;2022-04-25;18:36:07
3;17;2;15;2022-04-25;18:36:08
1;4;2;6;2022-04-25;18:36:09
2;15;1;11;2022-04-25;18:36:10
3;17;3;17;2022-04-25;18:36:11
0;1;0;2;2022-04-25;18:36:12
3;19;3;16;2022-04-25;18:36:13
4;16;3;16;2022-04-25;18:36:14
1;6;0;5;2022-04-25;18:36:15
3;17;3;16;2022-04-25;18:36:16
1;4;2;6;2022-04-25;18:36:17
2;15;1;11;2022-04-25;18:36:18
3;17;3;17;2022-04-25;18:36:19
1;3;2;5;2022-04-25;18:36:20
2;15;1;11;2022-04-25;18:36:21
3;17;2;15;2022-04-25;18:36:22
1;3;2;5;2022-04-25;18:36:23
2;16;1;12;2022-04-25;18:36:24
3;17;3;16;2022-04-25;18:36:25
1;3;2;6;2022-04-25;18:36:26
2;15;1;12;2022-04-25;18:36:27
3;17;3;16;2022-04-25;18:36:28
1;6;2;8;2022-04-25;18:36:29
2;15;1;12;2022-04-25;18:36:30
3;16;3;15;2022-04-25;18:36:31
0;3;0;1;2022-04-25;18:36:32
3;17;3;19;2022-04-25;18:36:33
1;3;2;5;2022-04-25;18:36:34
2;15;1;12;2022-04-25;18:36:35
3;17;3;16;2022-04-25;18:36:36
1;5;2;6;2022-04-25;18:36:37
2;15;1;11;2022-04-25;18:36:38
4;22;3;20;2022-04-25;18:36:39
1;4;2;6;2022-04-25;18:36:40
2;15;1;12;2022-04-25;18:36:41
3;17;2;15;2022-04-25;18:36:42
1;3;2;5;2022-04-25;18:36:43
2;15;1;12;2022-04-25;18:36:44
3;17;3;16;2022-04-25;18:36:45
1;3;2;5;2022-04-25;18:36:46
2;15;1;15;2022-04-25;18:36:47
3;17;3;17;2022-04-25;18:36:48
0;2;0;3;2022-04-25;18:36:49
3;17;2;15;2022-04-25;18:36:50
3;16;3;14;2022-04-25;18:36:51
0;3;0;2;2022-04-25;18:36:52
3;19;3;16;2022-04-25;18:36:53
1;4;2;6;2022-04-25;18:36:54
2;15;1;12;2022-04-25;18:36:55
3;17;2;15;2022-04-25;18:36:56
1;3;2;5;2022-04-25;18:36:57
2;15;1;12;2022-04-25;18:36:58
3;18;3;17;2022-04-25;18:36:59
1;3;2;6;2022-04-25;18:37:00
2;15;1;13;2022-04-25;18:37:01
3;17;3;16;2022-04-25;18:37:02
1;3;2;6;2022-04-25;18:37:03
3;18;2;16;2022-04-25;18:37:04
3;17;2;15;2022-04-25;18:37:05
1;4;2;5;2022-04-25;18:37:06
2;15;1;13;2022-04-25;18:37:07
3;19;3;17;2022-04-25;18:37:08
0;2;0;1;2022-04-25;18:37:09
3;17;2;15;2022-04-25;18:37:10
1;5;2;7;2022-04-25;18:37:11
2;13;1;9;2022-04-25;18:37:12
3;17;3;15;2022-04-25;18:37:13
1;4;2;6;2022-04-25;18:37:14
2;15;1;11;2022-04-25;18:37:15
3;18;2;15;2022-04-25;18:37:16
1;4;2;6;2022-04-25;18:37:17
2;15;1;12;2022-04-25;18:37:18
3;17;3;16;2022-04-25;18:37:19
1;3;2;5;2022-04-25;18:37:20
2;15;1;12;2022-04-25;18:37:21
3;17;3;16;2022-04-25;18:37:22
1;3;2;6;2022-04-25;18:37:23
2;16;1;14;2022-04-25;18:37:24
3;17;3;17;2022-04-25;18:37:25
0;1;0;1;2022-04-25;18:37:26
3;18;3;16;2022-04-25;18:37:27
3;15;2;13;2022-04-25;18:37:28
1;6;1;9;2022-04-25;18:37:29
3;17;3;16;2022-04-25;18:37:30
1;3;2;5;2022-04-25;18:37:31
2;15;1;11;2022-04-25;18:37:32
3;18;2;15;2022-04-25;18:37:33
1;4;2;5;2022-04-25;18:37:34
2;15;1;11;2022-04-25;18:37:35
3;19;3;16;2022-04-25;18:37:36
1;3;2;5;2022-04-25;18:37:37
2;15;1;12;2022-04-25;18:37:38
3;18;3;17;2022-04-25;18:37:39
1;3;2;6;2022-04-25;18:37:40
2;15;1;11;2022-04-25;18:37:41
3;20;3;17;2022-04-25;18:37:42
1;2;2;4;2022-04-25;18:37:43
2;16;1;12;2022-04-25;18:37:44
3;15;2;12;2022-04-25;18:37:45
0;4;0;5;2022-04-25;18:37:46
3;17;2;15;2022-04-25;18:37:47
1;3;2;5;2022-04-25;18:37:48
2;16;1;11;2022-04-25;18:37:49
3;17;2;15;2022-04-25;18:37:50
1;4;2;5;2022-04-25;18:37:51
2;15;1;12;2022-04-25;18:37:52
3;18;3;16;2022-04-25;18:37:53
2;8;3;11;2022-04-25;18:37:54
2;16;1;13;2022-04-25;18:37:55
3;18;3;16;2022-04-25;18:37:56
1;5;2;6;2022-04-25;18:37:57
2;15;1;11;2022-04-25;18:37:58
3;17;3;16;2022-04-25;18:37:59
1;2;2;4;2022-04-25;18:38:00
2;17;1;12;2022-04-25;18:38:01
3;17;2;15;2022-04-25;18:38:02
0;1;0;1;2022-04-25;18:38:03
3;18;3;16;2022-04-25;18:38:04
1;5;2;7;2022-04-25;18:38:05
2;14;1;10;2022-04-25;18:38:06
3;18;3;17;2022-04-25;18:38:07
1;3;2;6;2022-04-25;18:38:08
2;15;1;11;2022-04-25;18:38:09
3;17;2;15;2022-04-25;18:38:10
1;3;2;5;2022-04-25;18:38:11
2;15;1;11;2022-04-25;18:38:12
3;18;2;15;2022-04-25;18:38:13
1;4;2;6;2022-04-25;18:38:14
2;15;1;11;2022-04-25;18:38:15
3;19;3;16;2022-04-25;18:38:16
1;3;2;5;2022-04-25;18:38:17
2;15;1;11;2022-04-25;18:38:18
4;20;4;19;2022-04-25;18:38:19
0;1;1;3;2022-04-25;18:38:20
3;17;2;15;2022-04-25;18:38:21
3;17;3;16;2022-04-25;18:38:22
0;1;0;1;2022-04-25;18:38:23
3;18;2;15;2022-04-25;18:38:24
1;3;2;5;2022-04-25;18:38:25
2;16;1;12;2022-04-25;18:38:26
3;17;2;15;2022-04-25;18:38:27
1;3;2;5;2022-04-25;18:38:28
2;17;1;12;2022-04-25;18:38:29
3;17;3;16;2022-04-25;18:38:30
1;3;2;5;2022-04-25;18:38:31
2;15;1;11;2022-04-25;18:38:32
3;17;2;15;2022-04-25;18:38:33
1;3;2;6;2022-04-25;18:38:34
2;15;1;13;2022-04-25;18:38:35
3;18;3;16;2022-04-25;18:38:36
1;4;2;4;2022-04-25;18:38:37
2;15;1;12;2022-04-25;18:38:38
3;18;3;16;2022-04-25;18:38:39
0;1;0;1;2022-04-25;18:38:40
3;17;3;15;2022-04-25;18:38:41
1;5;2;7;2022-04-25;18:38:42
2;14;1;11;2022-04-25;18:38:43
2;7;3;9;2022-04-25;18:38:44
2;17;1;13;2022-04-25;18:38:45
2;9;2;11;2022-04-25;18:38:46
1;9;0;5;2022-04-25;18:38:47
3;17;2;15;2022-04-25;18:38:48
1;3;2;5;2022-04-25;18:38:49
2;15;1;11;2022-04-25;18:38:50
3;17;2;15;2022-04-25;18:38:51
1;3;2;5;2022-04-25;18:38:52
2;18;1;14;2022-04-25;18:38:53
3;18;3;17;2022-04-25;18:38:54
1;5;2;8;2022-04-25;18:38:55
2;15;1;11;2022-04-25;18:38:56
3;17;2;15;2022-04-25;18:38:57
1;4;2;5;2022-04-25;18:38:58
2;15;1;12;2022-04-25;18:38:59
3;17;2;15;2022-04-25;18:39:00
0;1;1;2;2022-04-25;18:39:01
3;17;2;15;2022-04-25;18:39:02
2;11;2;12;2022-04-25;18:39:03
1;8;0;6;2022-04-25;18:39:04
3;18;2;15;2022-04-25;18:39:05
1;3;2;5;2022-04-25;18:39:06
2;15;1;11;2022-04-25;18:39:07
3;18;3;16;2022-04-25;18:39:08
2;9;3;11;2022-04-25;18:39:09
2;15;1;12;2022-04-25;18:39:10
3;18;2;15;2022-04-25;18:39:11
1;3;2;5;2022-04-25;18:39:12
2;15;1;11;2022-04-25;18:39:13
3;17;3;16;2022-04-25;18:39:14
1;3;2;7;2022-04-25;18:39:15
2;15;1;12;2022-04-25;18:39:16
1;4;2;6;2022-04-25;18:39:17
0;1;0;1;2022-04-25;18:39:18
0;2;0;2;2022-04-25;18:39:19
0;2;0;2;2022-04-25;18:39:20
0;1;0;2;2022-04-25;18:39:21
0;1;0;2;2022-04-25;18:39:22
0;1;0;1;2022-04-25;18:39:23
0;2;0;1;2022-04-25;18:39:24
0;1;0;2;2022-04-25;18:39:25
0;1;0;2;2022-04-25;18:39:26
0;2;0;3;2022-04-25;18:39:27
0;1;0;1;2022-04-25;18:39:28
0;3;0;2;2022-04-25;18:39:29
0;1;0;1;2022-04-25;18:39:30
0;1;0;1;2022-04-25;18:39:31
0;1;0;1;2022-04-25;18:39:32
0;2;0;2;2022-04-25;18:39:33
1;4;1;6;2022-04-25;18:39:34
0;1;0;2;2022-04-25;18:39:35
0;1;0;1;2022-04-25;18:39:36
0;2;0;1;2022-04-25;18:39:37
0;1;0;2;2022-04-25;18:39:38
0;1;0;2;2022-04-25;18:39:39
0;2;0;2;2022-04-25;18:39:40
0;2;0;1;2022-04-25;18:39:41
0;1;0;1;2022-04-25;18:39:42
0;1;0;1;2022-04-25;18:39:43
0;3;0;3;2022-04-25;18:39:44
0;1;0;1;2022-04-25;18:39:45
0;1;0;1;2022-04-25;18:39:46
0;1;0;1;2022-04-25;18:39:47
0;1;0;1;2022-04-25;18:39:48
0;2;0;1;2022-04-25;18:39:49
0;1;0;1;2022-04-25;18:39:50
0;1;0;1;2022-04-25;18:39:51
0;1;0;1;2022-04-25;18:39:52
0;1;0;2;2022-04-25;18:39:53
1;4;0;4;2022-04-25;18:39:54
0;1;0;2;2022-04-25;18:39:55
0;2;0;1;2022-04-25;18:39:56
0;1;0;1;2022-04-25;18:39:57
0;1;0;1;2022-04-25;18:39:58
1;4;1;5;2022-04-25;18:39:59
0;1;0;1;2022-04-25;18:40:00
0;1;0;1;2022-04-25;18:40:01
0;1;0;1;2022-04-25;18:40:02
0;1;0;1;2022-04-25;18:40:03
0;1;0;1;2022-04-25;18:40:04
0;1;0;1;2022-04-25;18:40:05
0;1;0;1;2022-04-25;18:40:06
0;1;0;2;2022-04-25;18:40:07
0;1;0;2;2022-04-25;18:40:08
0;3;1;4;2022-04-25;18:40:09
0;2;0;1;2022-04-25;18:40:10
0;1;0;1;2022-04-25;18:40:11
0;1;0;1;2022-04-25;18:40:12
0;2;0;1;2022-04-25;18:40:13
0;2;0;2;2022-04-25;18:40:14
0;2;0;2;2022-04-25;18:40:15
0;1;0;2;2022-04-25;18:40:16
0;1;0;1;2022-04-25;18:40:17
0;1;0;1;2022-04-25;18:40:18
0;3;0;3;2022-04-25;18:40:19
0;1;0;1;2022-04-25;18:40:20
0;2;0;1;2022-04-25;18:40:21
0;2;0;1;2022-04-25;18:40:22
0;1;0;1;2022-04-25;18:40:23
1;4;1;5;2022-04-25;18:40:24
0;1;0;1;2022-04-25;18:40:25
0;1;0;2;2022-04-25;18:40:26
0;1;0;2;2022-04-25;18:40:27
0;1;0;2;2022-04-25;18:40:28
0;1;0;1;2022-04-25;18:40:29
0;1;0;2;2022-04-25;18:40:30
0;1;0;2;2022-04-25;18:40:31
0;1;0;2;2022-04-25;18:40:32
0;1;0;1;2022-04-25;18:40:33
0;3;0;3;2022-04-25;18:40:34
0;1;0;1;2022-04-25;18:40:35
0;2;0;1;2022-04-25;18:40:36
0;2;0;1;2022-04-25;18:40:37
0;1;0;1;2022-04-25;18:40:38
0;1;0;1;2022-04-25;18:40:39
0;1;0;1;2022-04-25;18:40:40
0;1;0;1;2022-04-25;18:40:41
0;2;0;1;2022-04-25;18:40:42
0;1;0;1;2022-04-25;18:40:43
0;3;0;3;2022-04-25;18:40:44
0;2;0;1;2022-04-25;18:40:45
0;1;0;2;2022-04-25;18:40:46
0;1;0;2;2022-04-25;18:40:47
0;1;0;2;2022-04-25;18:40:48
1;4;1;6;2022-04-25;18:40:49
0;1;0;2;2022-04-25;18:40:50
0;1;0;2;2022-04-25;18:40:51
0;1;0;1;2022-04-25;18:40:52
0;1;0;1;2022-04-25;18:40:53
0;1;0;1;2022-04-25;18:40:54
0;1;0;1;2022-04-25;18:40:55
0;1;0;1;2022-04-25;18:40:56
0;1;0;1;2022-04-25;18:40:57
0;1;0;1;2022-04-25;18:40:58
0;3;0;4;2022-04-25;18:40:59
0;1;0;2;2022-04-25;18:41:00
0;2;0;2;2022-04-25;18:41:01
0;1;0;1;2022-04-25;18:41:02
0;1;0;1;2022-04-25;18:41:03
0;2;0;1;2022-04-25;18:41:04
0;1;0;1;2022-04-25;18:41:05
0;1;0;1;2022-04-25;18:41:06
0;1;0;1;2022-04-25;18:41:07
0;1;0;1;2022-04-25;18:41:08
0;4;0;3;2022-04-25;18:41:09
0;1;0;2;2022-04-25;18:41:10
0;1;0;2;2022-04-25;18:41:11
0;1;0;2;2022-04-25;18:41:12
0;1;0;1;2022-04-25;18:41:13
1;4;1;5;2022-04-25;18:41:14
0;1;0;1;2022-04-25;18:41:15
0;1;0;1;2022-04-25;18:41:16
0;2;0;1;2022-04-25;18:41:17
0;3;0;1;2022-04-25;18:41:18
0;1;0;2;2022-04-25;18:41:19
0;1;0;2;2022-04-25;18:41:20
0;1;0;2;2022-04-25;18:41:21
0;1;0;1;2022-04-25;18:41:22
0;1;0;1;2022-04-25;18:41:23
0;3;0;4;2022-04-25;18:41:24
0;2;0;2;2022-04-25;18:41:25
0;1;0;2;2022-04-25;18:41:26
0;1;0;1;2022-04-25;18:41:27
0;1;0;1;2022-04-25;18:41:28
0;1;0;1;2022-04-25;18:41:29
0;1;0;1;2022-04-25;18:41:30
0;1;0;1;2022-04-25;18:41:31
0;1;0;1;2022-04-25;18:41:32
0;1;0;1;2022-04-25;18:41:33
0;3;0;3;2022-04-25;18:41:34
0;1;0;1;2022-04-25;18:41:35
0;1;0;1;2022-04-25;18:41:36
0;1;0;1;2022-04-25;18:41:37
0;1;0;1;2022-04-25;18:41:38
2;5;1;6;2022-04-25;18:41:39
0;1;0;2;2022-04-25;18:41:40
0;3;0;2;2022-04-25;18:41:41
0;1;0;1;2022-04-25;18:41:42
0;1;0;1;2022-04-25;18:41:43
0;1;0;1;2022-04-25;18:41:44
0;1;0;1;2022-04-25;18:41:45
0;1;0;1;2022-04-25;18:41:46
0;1;0;2;2022-04-25;18:41:47
0;1;0;2;2022-04-25;18:41:48
0;4;0;4;2022-04-25;18:41:49
0;1;0;1;2022-04-25;18:41:50
0;1;0;1;2022-04-25;18:41:51
0;1;0;1;2022-04-25;18:41:52
0;1;0;1;2022-04-25;18:41:53
0;1;0;1;2022-04-25;18:41:54
0;1;0;1;2022-04-25;18:41:55
0;1;0;1;2022-04-25;18:41:56
0;2;0;1;2022-04-25;18:41:57
0;2;0;1;2022-04-25;18:41:58
0;3;1;4;2022-04-25;18:41:59
0;1;0;2;2022-04-25;18:42:00
0;1;0;2;2022-04-25;18:42:01
0;1;0;1;2022-04-25;18:42:02
0;1;0;2;2022-04-25;18:42:03
1;4;1;6;2022-04-25;18:42:04
0;2;0;2;2022-04-25;18:42:05
0;2;0;1;2022-04-25;18:42:06
0;1;0;2;2022-04-25;18:42:07
0;1;0;2;2022-04-25;18:42:08
0;1;0;2;2022-04-25;18:42:09
0;1;0;1;2022-04-25;18:42:10
0;1;0;1;2022-04-25;18:42:11
0;1;0;1;2022-04-25;18:42:12
0;3;0;1;2022-04-25;18:42:13
0;3;0;3;2022-04-25;18:42:14
0;1;0;2;2022-04-25;18:42:15
0;1;0;2;2022-04-25;18:42:16
0;1;0;2;2022-04-25;18:42:17
0;1;0;2;2022-04-25;18:42:18
0;1;0;2;2022-04-25;18:42:19
0;1;0;2;2022-04-25;18:42:20
0;3;0;1;2022-04-25;18:42:21
0;1;0;1;2022-04-25;18:42:22
0;1;0;1;2022-04-25;18:42:23
0;3;0;3;2022-04-25;18:42:24
0;1;0;2;2022-04-25;18:42:25
0;1;0;2;2022-04-25;18:42:26
0;1;0;2;2022-04-25;18:42:27
0;1;0;1;2022-04-25;18:42:28
1;5;1;6;2022-04-25;18:42:29
0;1;0;2;2022-04-25;18:42:30
0;1;0;3;2022-04-25;18:42:31
0;1;0;1;2022-04-25;18:42:32
0;1;0;1;2022-04-25;18:42:33
0;1;0;1;2022-04-25;18:42:34
0;1;0;1;2022-04-25;18:42:35
0;1;0;1;2022-04-25;18:42:36
0;2;0;1;2022-04-25;18:42:37
0;1;0;2;2022-04-25;18:42:38
1;4;0;4;2022-04-25;18:42:39
0;1;0;2;2022-04-25;18:42:40
0;1;0;1;2022-04-25;18:42:41
0;1;0;1;2022-04-25;18:42:42
0;1;0;1;2022-04-25;18:42:43
0;1;0;1;2022-04-25;18:42:44
0;2;0;1;2022-04-25;18:42:45
0;1;0;1;2022-04-25;18:42:46
0;1;0;1;2022-04-25;18:42:47
0;1;0;1;2022-04-25;18:42:48
0;3;0;4;2022-04-25;18:42:49
0;1;0;2;2022-04-25;18:42:50
0;1;0;2;2022-04-25;18:42:51
0;2;0;1;2022-04-25;18:42:52
0;3;0;1;2022-04-25;18:42:53
1;4;1;5;2022-04-25;18:42:54
0;1;0;1;2022-04-25;18:42:55
0;1;0;1;2022-04-25;18:42:56
0;1;0;2;2022-04-25;18:42:57
0;1;0;2;2022-04-25;18:42:58
0;1;0;2;2022-04-25;18:42:59
0;1;0;1;2022-04-25;18:43:00
0;2;0;1;2022-04-25;18:43:01
0;1;0;1;2022-04-25;18:43:02
0;1;0;1;2022-04-25;18:43:03
0;3;0;3;2022-04-25;18:43:04
0;2;0;1;2022-04-25;18:43:05
0;1;0;1;2022-04-25;18:43:06
0;2;0;1;2022-04-25;18:43:07
0;1;0;1;2022-04-25;18:43:08
0;2;0;2;2022-04-25;18:43:09
0;2;1;4;2022-04-25;18:43:10
0;1;0;2;2022-04-25;18:43:11
0;1;0;1;2022-04-25;18:43:12
0;1;0;1;2022-04-25;18:43:13
1;4;0;3;2022-04-25;18:43:14
0;1;0;1;2022-04-25;18:43:15
0;1;0;2;2022-04-25;18:43:16
0;2;0;2;2022-04-25;18:43:17
0;2;0;2;2022-04-25;18:43:18
1;4;1;5;2022-04-25;18:43:19
0;1;0;1;2022-04-25;18:43:20
0;1;0;1;2022-04-25;18:43:21
0;1;0;2;2022-04-25;18:43:22
0;1;0;2;2022-04-25;18:43:23
0;1;0;2;2022-04-25;18:43:24
0;2;0;1;2022-04-25;18:43:25
0;1;0;1;2022-04-25;18:43:26
0;2;0;1;2022-04-25;18:43:27
0;1;0;1;2022-04-25;18:43:28
1;4;0;3;2022-04-25;18:43:29
0;1;0;1;2022-04-25;18:43:30
0;1;0;1;2022-04-25;18:43:31
0;2;0;1;2022-04-25;18:43:32
0;1;0;2;2022-04-25;18:43:33
0;1;0;2;2022-04-25;18:43:34
1;4;0;2;2022-04-25;18:43:35
0;1;0;1;2022-04-25;18:43:36
0;1;0;1;2022-04-25;18:43:37
0;1;0;1;2022-04-25;18:43:38
0;3;0;3;2022-04-25;18:43:39
0;2;0;1;2022-04-25;18:43:40
0;1;0;1;2022-04-25;18:43:41
0;1;0;2;2022-04-25;18:43:42
0;2;0;2;2022-04-25;18:43:43
1;4;1;6;2022-04-25;18:43:44
0;1;0;1;2022-04-25;18:43:45
0;1;0;1;2022-04-25;18:43:46
0;1;0;1;2022-04-25;18:43:47
0;1;0;1;2022-04-25;18:43:48
0;2;0;1;2022-04-25;18:43:49
0;3;0;2;2022-04-25;18:43:50
0;2;0;2;2022-04-25;18:43:51
0;1;0;2;2022-04-25;18:43:52
0;1;0;2;2022-04-25;18:43:53
0;3;0;4;2022-04-25;18:43:54
0;3;0;2;2022-04-25;18:43:55
0;1;0;1;2022-04-25;18:43:56
0;2;0;1;2022-04-25;18:43:57
0;1;0;1;2022-04-25;18:43:58
0;1;0;1;2022-04-25;18:43:59
1;4;0;3;2022-04-25;18:44:00
0;2;0;1;2022-04-25;18:44:01
0;1;0;1;2022-04-25;18:44:02
0;1;0;2;2022-04-25;18:44:03
0;3;0;4;2022-04-25;18:44:04
0;3;0;4;2022-04-25;18:44:05
0;1;0;1;2022-04-25;18:44:06
0;1;0;1;2022-04-25;18:44:07
0;1;0;1;2022-04-25;18:44:08
1;4;1;5;2022-04-25;18:44:09
0;2;0;1;2022-04-25;18:44:10
0;1;0;1;2022-04-25;18:44:11
0;2;0;1;2022-04-25;18:44:12
0;2;0;1;2022-04-25;18:44:13
0;2;0;1;2022-04-25;18:44:14
0;1;1;3;2022-04-25;18:44:15
0;1;0;1;2022-04-25;18:44:16
0;1;0;1;2022-04-25;18:44:17
0;1;0;1;2022-04-25;18:44:18
0;3;0;3;2022-04-25;18:44:19
0;1;0;1;2022-04-25;18:44:20
0;2;0;1;2022-04-25;18:44:21
0;1;0;1;2022-04-25;18:44:22
0;1;0;2;2022-04-25;18:44:23
0;1;0;2;2022-04-25;18:44:24
0;2;0;2;2022-04-25;18:44:25
0;2;0;1;2022-04-25;18:44:26
0;1;1;2;2022-04-25;18:44:27
0;1;0;1;2022-04-25;18:44:28
0;3;0;3;2022-04-25;18:44:29
0;2;0;1;2022-04-25;18:44:30
0;1;0;2;2022-04-25;18:44:31
0;1;0;1;2022-04-25;18:44:32
0;1;0;1;2022-04-25;18:44:33
1;4;1;7;2022-04-25;18:44:34
0;1;0;1;2022-04-25;18:44:35
0;1;0;1;2022-04-25;18:44:36
1;4;0;1;2022-04-25;18:44:37
0;1;0;1;2022-04-25;18:44:38
0;2;0;1;2022-04-25;18:44:39
0;1;0;1;2022-04-25;18:44:40
0;1;0;2;2022-04-25;18:44:41
0;1;0;1;2022-04-25;18:44:42
0;1;0;1;2022-04-25;18:44:43
0;3;0;4;2022-04-25;18:44:44
0;2;0;2;2022-04-25;18:44:45
0;1;0;2;2022-04-25;18:44:46
0;2;1;2;2022-04-25;18:44:47
0;1;0;1;2022-04-25;18:44:48
0;1;0;1;2022-04-25;18:44:49
0;1;0;1;2022-04-25;18:44:50
0;2;0;1;2022-04-25;18:44:51
0;2;0;2;2022-04-25;18:44:52
0;1;0;2;2022-04-25;18:44:53
0;3;0;4;2022-04-25;18:44:54
0;2;0;1;2022-04-25;18:44:55
0;1;0;1;2022-04-25;18:44:56
0;1;0;1;2022-04-25;18:44:57
0;1;0;1;2022-04-25;18:44:58
1;4;1;5;2022-04-25;18:44:59
0;1;0;1;2022-04-25;18:45:00
0;2;0;2;2022-04-25;18:45:01
0;1;0;2;2022-04-25;18:45:02
0;1;0;2;2022-04-25;18:45:03
0;2;0;1;2022-04-25;18:45:04
0;1;0;1;2022-04-25;18:45:05
0;1;0;1;2022-04-25;18:45:06
0;2;1;2;2022-04-25;18:45:07
0;1;0;1;2022-04-25;18:45:08
0;3;0;3;2022-04-25;18:45:09
0;1;0;1;2022-04-25;18:45:10
0;2;0;1;2022-04-25;18:45:11
0;2;0;1;2022-04-25;18:45:12
0;1;0;1;2022-04-25;18:45:13
0;1;0;1;2022-04-25;18:45:14
0;1;0;1;2022-04-25;18:45:15
0;1;0;2;2022-04-25;18:45:16
0;1;0;2;2022-04-25;18:45:17
0;1;0;2;2022-04-25;18:45:18
0;3;0;3;2022-04-25;18:45:19
0;1;0;1;2022-04-25;18:45:20
0;2;0;1;2022-04-25;18:45:21
1;3;0;1;2022-04-25;18:45:22
0;1;0;1;2022-04-25;18:45:23
1;4;1;5;2022-04-25;18:45:24
0;2;0;1;2022-04-25;18:45:25
0;1;0;1;2022-04-25;18:45:26
0;1;1;2;2022-04-25;18:45:27
0;1;0;1;2022-04-25;18:45:28
0;1;0;1;2022-04-25;18:45:29
0;1;0;1;2022-04-25;18:45:30
0;1;0;2;2022-04-25;18:45:31
0;1;0;3;2022-04-25;18:45:32
0;1;0;2;2022-04-25;18:45:33
0;3;0;3;2022-04-25;18:45:34
0;1;0;1;2022-04-25;18:45:35
0;1;0;1;2022-04-25;18:45:36
0;2;0;1;2022-04-25;18:45:37
0;1;0;1;2022-04-25;18:45:38
0;2;0;1;2022-04-25;18:45:39
0;2;0;1;2022-04-25;18:45:40
0;2;0;1;2022-04-25;18:45:41
0;1;0;1;2022-04-25;18:45:42
0;1;0;1;2022-04-25;18:45:43
0;3;0;4;2022-04-25;18:45:44
0;1;1;3;2022-04-25;18:45:45
0;2;0;2;2022-04-25;18:45:46
0;1;0;1;2022-04-25;18:45:47
0;1;0;1;2022-04-25;18:45:48
1;5;1;5;2022-04-25;18:45:49
0;1;0;1;2022-04-25;18:45:50
0;1;0;1;2022-04-25;18:45:51
0;2;0;1;2022-04-25;18:45:52
0;1;0;1;2022-04-25;18:45:53
0;2;0;1;2022-04-25;18:45:54
0;1;0;1;2022-04-25;18:45:55
0;1;0;1;2022-04-25;18:45:56
0;2;0;2;2022-04-25;18:45:57
0;1;0;2;2022-04-25;18:45:58
0;3;0;4;2022-04-25;18:45:59
0;1;0;1;2022-04-25;18:46:00
0;2;0;1;2022-04-25;18:46:01
0;1;0;1;2022-04-25;18:46:02
0;2;0;1;2022-04-25;18:46:03
0;2;1;2;2022-04-25;18:46:04
0;2;0;1;2022-04-25;18:46:05
0;1;0;1;2022-04-25;18:46:06
0;1;0;1;2022-04-25;18:46:07
0;1;0;1;2022-04-25;18:46:08
0;3;0;3;2022-04-25;18:46:09
0;1;0;1;2022-04-25;18:46:10
0;1;0;1;2022-04-25;18:46:11
0;1;0;1;2022-04-25;18:46:12
0;1;0;1;2022-04-25;18:46:13
2;5;1;5;2022-04-25;18:46:14
0;1;0;1;2022-04-25;18:46:15
0;2;0;1;2022-04-25;18:46:16
0;1;0;2;2022-04-25;18:46:17
0;1;0;2;2022-04-25;18:46:18
0;1;1;3;2022-04-25;18:46:19
0;1;0;1;2022-04-25;18:46:20
0;1;0;2;2022-04-25;18:46:21
0;2;0;1;2022-04-25;18:46:22
0;1;0;1;2022-04-25;18:46:23
0;3;0;3;2022-04-25;18:46:24
0;1;0;1;2022-04-25;18:46:25
0;1;1;2;2022-04-25;18:46:26
0;1;0;2;2022-04-25;18:46:27
0;1;0;1;2022-04-25;18:46:28
0;2;0;1;2022-04-25;18:46:29
0;1;0;1;2022-04-25;18:46:30
0;1;0;1;2022-04-25;18:46:31
0;1;0;1;2022-04-25;18:46:32
0;1;0;2;2022-04-25;18:46:33
1;4;0;4;2022-04-25;18:46:34
0;2;0;2;2022-04-25;18:46:35
0;1;0;1;2022-04-25;18:46:36
0;2;0;1;2022-04-25;18:46:37
0;1;1;2;2022-04-25;18:46:38
1;4;1;5;2022-04-25;18:46:39
0;2;0;1;2022-04-25;18:46:40
0;1;0;2;2022-04-25;18:46:41
0;1;0;2;2022-04-25;18:46:42
0;1;0;2;2022-04-25;18:46:43
0;1;0;1;2022-04-25;18:46:44
0;1;0;2;2022-04-25;18:46:45
0;1;0;1;2022-04-25;18:46:46
0;1;1;2;2022-04-25;18:46:47
0;2;0;1;2022-04-25;18:46:48
0;3;0;3;2022-04-25;18:46:49
0;1;0;1;2022-04-25;18:46:50
1;3;0;2;2022-04-25;18:46:51
0;1;0;1;2022-04-25;18:46:52
0;1;0;1;2022-04-25;18:46:53
0;1;0;2;2022-04-25;18:46:54
0;1;0;2;2022-04-25;18:46:55
0;1;0;2;2022-04-25;18:46:56
0;1;0;1;2022-04-25;18:46:57
0;1;0;1;2022-04-25;18:46:58
0;3;1;4;2022-04-25;18:46:59
0;1;0;1;2022-04-25;18:47:00
0;2;0;1;2022-04-25;18:47:01
0;1;0;1;2022-04-25;18:47:02
0;1;0;1;2022-04-25;18:47:03
2;5;1;5;2022-04-25;18:47:04
0;1;0;1;2022-04-25;18:47:05
0;1;0;1;2022-04-25;18:47:06
0;1;0;1;2022-04-25;18:47:07
0;2;0;1;2022-04-25;18:47:08
0;2;0;1;2022-04-25;18:47:09
0;2;0;1;2022-04-25;18:47:10
0;1;1;3;2022-04-25;18:47:11
0;1;0;2;2022-04-25;18:47:12
0;1;0;2;2022-04-25;18:47:13
0;3;0;3;2022-04-25;18:47:14
0;1;0;1;2022-04-25;18:47:15
0;1;0;1;2022-04-25;18:47:16
0;2;0;1;2022-04-25;18:47:17
0;1;0;2;2022-04-25;18:47:18
0;1;0;2;2022-04-25;18:47:19
0;2;0;2;2022-04-25;18:47:20
0;1;0;1;2022-04-25;18:47:21
0;1;0;1;2022-04-25;18:47:22
0;2;0;1;2022-04-25;18:47:23
0;3;0;3;2022-04-25;18:47:24
0;2;0;1;2022-04-25;18:47:25
0;1;0;1;2022-04-25;18:47:26
0;1;0;1;2022-04-25;18:47:27
0;2;0;1;2022-04-25;18:47:28
1;4;2;6;2022-04-25;18:47:29
0;1;0;1;2022-04-25;18:47:30
0;1;0;1;2022-04-25;18:47:31
0;2;0;1;2022-04-25;18:47:32
0;1;0;1;2022-04-25;18:47:33
0;1;0;1;2022-04-25;18:47:34
0;1;0;1;2022-04-25;18:47:35
0;2;0;1;2022-04-25;18:47:36
0;1;0;1;2022-04-25;18:47:37
0;1;0;2;2022-04-25;18:47:38
0;3;0;4;2022-04-25;18:47:39
0;1;0;2;2022-04-25;18:47:40
0;1;0;1;2022-04-25;18:47:41
0;1;0;1;2022-04-25;18:47:42
0;1;1;2;2022-04-25;18:47:43
0;1;0;1;2022-04-25;18:47:44
0;1;0;1;2022-04-25;18:47:45
0;1;0;1;2022-04-25;18:47:46
0;2;0;1;2022-04-25;18:47:47
0;1;0;1;2022-04-25;18:47:48
0;4;0;3;2022-04-25;18:47:49
0;1;0;1;2022-04-25;18:47:50
0;2;0;1;2022-04-25;18:47:51
0;1;0;1;2022-04-25;18:47:52
0;1;0;1;2022-04-25;18:47:53
2;5;1;5;2022-04-25;18:47:54
0;1;1;3;2022-04-25;18:47:55
0;2;0;3;2022-04-25;18:47:56
0;2;0;2;2022-04-25;18:47:57
0;1;0;1;2022-04-25;18:47:58
0;1;0;1;2022-04-25;18:47:59
0;1;0;1;2022-04-25;18:48:00
0;1;0;1;2022-04-25;18:48:01
0;1;0;1;2022-04-25;18:48:02
0;1;0;1;2022-04-25;18:48:03
1;4;0;3;2022-04-25;18:48:04
0;2;0;1;2022-04-25;18:48:05
0;1;0;1;2022-04-25;18:48:06
0;2;0;1;2022-04-25;18:48:07
0;1;0;1;2022-04-25;18:48:08
0;1;0;1;2022-04-25;18:48:09
0;1;0;1;2022-04-25;18:48:10
0;1;0;1;2022-04-25;18:48:11
0;1;0;1;2022-04-25;18:48:12
0;1;0;1;2022-04-25;18:48:13
1;4;0;4;2022-04-25;18:48:14
0;1;0;2;2022-04-25;18:48:15
0;1;1;3;2022-04-25;18:48:16
0;1;0;1;2022-04-25;18:48:17
0;2;0;1;2022-04-25;18:48:18
1;4;1;5;2022-04-25;18:48:19
0;1;0;1;2022-04-25;18:48:20
0;1;0;1;2022-04-25;18:48:21
0;1;0;1;2022-04-25;18:48:22
0;1;0;1;2022-04-25;18:48:23
0;1;0;2;2022-04-25;18:48:24
0;2;0;2;2022-04-25;18:48:25
0;1;0;2;2022-04-25;18:48:26
0;1;0;1;2022-04-25;18:48:27
0;1;0;1;2022-04-25;18:48:28
0;4;0;3;2022-04-25;18:48:29
0;1;0;1;2022-04-25;18:48:30
0;1;0;1;2022-04-25;18:48:31
0;1;0;1;2022-04-25;18:48:32
0;1;0;1;2022-04-25;18:48:33
0;1;0;1;2022-04-25;18:48:34
0;1;1;2;2022-04-25;18:48:35
0;1;0;1;2022-04-25;18:48:36
0;3;0;1;2022-04-25;18:48:37
0;1;0;1;2022-04-25;18:48:38
0;3;0;3;2022-04-25;18:48:39
0;2;0;1;2022-04-25;18:48:40
0;1;0;1;2022-04-25;18:48:41
0;2;1;5;2022-04-25;18:48:42
0;1;0;2;2022-04-25;18:48:43
1;4;1;6;2022-04-25;18:48:44
0;2;0;1;2022-04-25;18:48:45
0;1;0;1;2022-04-25;18:48:46
0;2;1;3;2022-04-25;18:48:47
0;1;0;2;2022-04-25;18:48:48
0;1;0;2;2022-04-25;18:48:49
0;1;0;2;2022-04-25;18:48:50
0;1;0;2;2022-04-25;18:48:51
0;1;0;1;2022-04-25;18:48:52
0;2;0;1;2022-04-25;18:48:53
0;3;0;3;2022-04-25;18:48:54
0;1;0;1;2022-04-25;18:48:55
0;1;0;1;2022-04-25;18:48:56
0;1;0;1;2022-04-25;18:48:57
5562;33833;5267;31081;2022-04-25;18:48:58
0;4;0;5;2022-04-25;18:48:58
