0;3;0;1;2022-04-26;00:21:40
0;5;0;3;2022-04-26;00:21:41
0;1;0;1;2022-04-26;00:21:42
1;7;1;6;2022-04-26;00:21:43
0;2;0;2;2022-04-26;00:21:44
2;12;2;10;2022-04-26;00:21:45
2;11;2;9;2022-04-26;00:21:46
0;1;0;1;2022-04-26;00:21:47
0;1;0;1;2022-04-26;00:21:48
0;2;0;1;2022-04-26;00:21:49
0;1;0;1;2022-04-26;00:21:50
0;1;0;1;2022-04-26;00:21:51
0;2;0;1;2022-04-26;00:21:52
0;1;0;1;2022-04-26;00:21:53
0;1;0;1;2022-04-26;00:21:54
0;4;0;3;2022-04-26;00:21:55
0;5;0;5;2022-04-26;00:21:56
0;2;0;1;2022-04-26;00:21:57
0;3;0;1;2022-04-26;00:21:58
0;2;0;1;2022-04-26;00:21:59
1;6;1;5;2022-04-26;00:22:00
0;4;0;1;2022-04-26;00:22:01
0;1;0;2;2022-04-26;00:22:02
0;1;0;1;2022-04-26;00:22:03
0;2;0;1;2022-04-26;00:22:04
0;2;0;2;2022-04-26;00:22:05
0;3;0;3;2022-04-26;00:22:06
0;1;0;1;2022-04-26;00:22:07
0;2;0;2;2022-04-26;00:22:08
0;1;0;1;2022-04-26;00:22:09
0;5;0;4;2022-04-26;00:22:10
0;1;0;1;2022-04-26;00:22:11
0;1;0;1;2022-04-26;00:22:12
0;1;0;1;2022-04-26;00:22:13
0;1;0;1;2022-04-26;00:22:14
0;2;0;2;2022-04-26;00:22:15
0;4;0;4;2022-04-26;00:22:16
0;2;0;1;2022-04-26;00:22:17
0;2;0;1;2022-04-26;00:22:18
0;3;0;1;2022-04-26;00:22:19
0;6;0;4;2022-04-26;00:22:20
0;2;0;1;2022-04-26;00:22:21
0;2;0;1;2022-04-26;00:22:22
0;1;0;1;2022-04-26;00:22:23
0;1;0;1;2022-04-26;00:22:24
1;7;1;6;2022-04-26;00:22:25
0;2;0;2;2022-04-26;00:22:26
0;1;0;1;2022-04-26;00:22:27
0;1;0;1;2022-04-26;00:22:28
0;1;0;1;2022-04-26;00:22:29
0;2;0;2;2022-04-26;00:22:30
0;2;0;1;2022-04-26;00:22:31
0;1;0;1;2022-04-26;00:22:32
0;1;0;1;2022-04-26;00:22:33
0;2;0;1;2022-04-26;00:22:34
0;5;0;5;2022-04-26;00:22:35
0;3;0;2;2022-04-26;00:22:36
0;3;0;1;2022-04-26;00:22:37
0;3;0;2;2022-04-26;00:22:38
0;2;0;1;2022-04-26;00:22:39
0;5;0;2;2022-04-26;00:22:40
0;2;0;2;2022-04-26;00:22:41
0;1;0;2;2022-04-26;00:22:42
0;1;0;1;2022-04-26;00:22:43
0;1;0;1;2022-04-26;00:22:44
0;5;0;5;2022-04-26;00:22:45
0;3;0;2;2022-04-26;00:22:46
0;1;0;1;2022-04-26;00:22:47
0;1;0;1;2022-04-26;00:22:48
0;2;0;1;2022-04-26;00:22:49
1;6;1;6;2022-04-26;00:22:50
0;3;0;4;2022-04-26;00:22:51
0;2;0;1;2022-04-26;00:22:52
0;1;0;1;2022-04-26;00:22:53
0;1;0;1;2022-04-26;00:22:54
0;4;0;3;2022-04-26;00:22:55
0;1;1;3;2022-04-26;00:22:56
0;2;0;1;2022-04-26;00:22:57
0;2;0;1;2022-04-26;00:22:58
0;2;0;1;2022-04-26;00:22:59
0;8;0;6;2022-04-26;00:23:00
0;3;0;1;2022-04-26;00:23:01
0;1;0;1;2022-04-26;00:23:02
0;1;0;1;2022-04-26;00:23:03
0;1;0;1;2022-04-26;00:23:04
0;2;0;2;2022-04-26;00:23:05
0;1;0;1;2022-04-26;00:23:06
0;1;0;1;2022-04-26;00:23:07
0;2;0;2;2022-04-26;00:23:08
0;1;0;1;2022-04-26;00:23:09
0;5;0;4;2022-04-26;00:23:10
0;1;0;1;2022-04-26;00:23:11
0;1;0;1;2022-04-26;00:23:12
0;1;0;1;2022-04-26;00:23:13
0;1;0;1;2022-04-26;00:23:14
1;6;1;7;2022-04-26;00:23:15
0;2;0;1;2022-04-26;00:23:16
0;2;0;1;2022-04-26;00:23:17
0;2;0;1;2022-04-26;00:23:18
0;3;0;1;2022-04-26;00:23:19
0;4;0;2;2022-04-26;00:23:20
0;2;0;1;2022-04-26;00:23:21
0;2;0;2;2022-04-26;00:23:22
0;1;0;1;2022-04-26;00:23:23
0;1;0;1;2022-04-26;00:23:24
0;4;0;4;2022-04-26;00:23:25
0;1;0;1;2022-04-26;00:23:26
0;1;0;1;2022-04-26;00:23:27
0;1;0;2;2022-04-26;00:23:28
0;1;0;1;2022-04-26;00:23:29
0;2;0;2;2022-04-26;00:23:30
0;2;0;1;2022-04-26;00:23:31
0;1;0;1;2022-04-26;00:23:32
0;1;0;1;2022-04-26;00:23:33
0;1;0;1;2022-04-26;00:23:34
0;4;0;4;2022-04-26;00:23:35
0;1;0;1;2022-04-26;00:23:36
0;3;0;1;2022-04-26;00:23:37
0;3;0;3;2022-04-26;00:23:38
0;2;0;1;2022-04-26;00:23:39
1;7;1;7;2022-04-26;00:23:40
0;4;0;1;2022-04-26;00:23:41
0;1;0;1;2022-04-26;00:23:42
0;2;0;2;2022-04-26;00:23:43
1;8;1;7;2022-04-26;00:23:44
1;5;2;5;2022-04-26;00:23:45
1;9;1;6;2022-04-26;00:23:46
1;5;2;4;2022-04-26;00:23:47
0;1;0;1;2022-04-26;00:23:48
0;2;0;1;2022-04-26;00:23:49
0;1;0;1;2022-04-26;00:23:50
0;1;0;1;2022-04-26;00:23:51
0;2;0;1;2022-04-26;00:23:52
0;1;0;1;2022-04-26;00:23:53
0;1;0;1;2022-04-26;00:23:54
0;2;0;2;2022-04-26;00:23:55
0;1;0;1;2022-04-26;00:23:56
0;4;0;4;2022-04-26;00:23:57
0;2;0;1;2022-04-26;00:23:58
0;2;0;1;2022-04-26;00:23:59
0;2;0;1;2022-04-26;00:24:00
0;4;0;1;2022-04-26;00:24:01
0;1;0;1;2022-04-26;00:24:02
0;1;0;1;2022-04-26;00:24:03
0;1;0;1;2022-04-26;00:24:04
1;3;0;3;2022-04-26;00:24:05
1;4;1;4;2022-04-26;00:24:06
0;3;0;2;2022-04-26;00:24:07
0;2;0;3;2022-04-26;00:24:08
0;1;0;1;2022-04-26;00:24:09
0;2;0;1;2022-04-26;00:24:10
0;1;0;2;2022-04-26;00:24:11
0;1;0;1;2022-04-26;00:24:12
0;2;0;1;2022-04-26;00:24:13
0;1;0;2;2022-04-26;00:24:14
0;1;0;1;2022-04-26;00:24:15
0;5;0;4;2022-04-26;00:24:16
0;2;0;2;2022-04-26;00:24:17
0;2;0;1;2022-04-26;00:24:18
0;3;0;1;2022-04-26;00:24:19
0;2;0;1;2022-04-26;00:24:20
0;3;0;1;2022-04-26;00:24:21
0;2;0;1;2022-04-26;00:24:22
0;1;0;1;2022-04-26;00:24:23
0;1;0;1;2022-04-26;00:24:24
0;1;0;1;2022-04-26;00:24:25
0;4;0;4;2022-04-26;00:24:26
0;2;0;2;2022-04-26;00:24:27
0;1;0;1;2022-04-26;00:24:28
0;2;0;1;2022-04-26;00:24:29
0;4;0;1;2022-04-26;00:24:30
2;9;1;5;2022-04-26;00:24:31
0;4;0;1;2022-04-26;00:24:32
0;5;0;1;2022-04-26;00:24:33
0;4;0;1;2022-04-26;00:24:34
0;1;0;1;2022-04-26;00:24:35
0;2;0;2;2022-04-26;00:24:36
0;1;0;1;2022-04-26;00:24:37
0;2;0;2;2022-04-26;00:24:38
0;2;0;1;2022-04-26;00:24:39
0;4;0;1;2022-04-26;00:24:40
0;5;0;4;2022-04-26;00:24:41
0;1;0;1;2022-04-26;00:24:42
0;2;0;1;2022-04-26;00:24:43
0;1;0;1;2022-04-26;00:24:44
0;1;0;1;2022-04-26;00:24:45
0;3;0;2;2022-04-26;00:24:46
0;1;0;2;2022-04-26;00:24:47
0;1;0;1;2022-04-26;00:24:48
0;2;0;1;2022-04-26;00:24:49
0;1;0;1;2022-04-26;00:24:50
0;4;0;4;2022-04-26;00:24:51
0;2;0;2;2022-04-26;00:24:52
0;1;0;1;2022-04-26;00:24:53
0;1;0;1;2022-04-26;00:24:54
0;1;0;2;2022-04-26;00:24:55
1;6;1;6;2022-04-26;00:24:56
0;1;0;1;2022-04-26;00:24:57
0;3;0;1;2022-04-26;00:24:58
0;2;0;1;2022-04-26;00:24:59
0;3;0;1;2022-04-26;00:25:00
0;4;0;2;2022-04-26;00:25:01
0;1;0;1;2022-04-26;00:25:02
0;1;0;1;2022-04-26;00:25:03
0;1;0;1;2022-04-26;00:25:04
0;1;0;1;2022-04-26;00:25:05
0;4;0;4;2022-04-26;00:25:06
0;2;0;1;2022-04-26;00:25:07
0;2;0;2;2022-04-26;00:25:08
0;1;0;1;2022-04-26;00:25:09
0;2;0;1;2022-04-26;00:25:10
0;2;0;2;2022-04-26;00:25:11
0;1;0;1;2022-04-26;00:25:12
0;2;0;1;2022-04-26;00:25:13
0;1;0;1;2022-04-26;00:25:14
0;1;0;1;2022-04-26;00:25:15
0;4;0;4;2022-04-26;00:25:16
0;2;0;1;2022-04-26;00:25:17
0;2;0;1;2022-04-26;00:25:18
0;3;0;1;2022-04-26;00:25:19
0;2;0;1;2022-04-26;00:25:20
1;8;1;6;2022-04-26;00:25:21
0;2;0;1;2022-04-26;00:25:22
0;1;0;1;2022-04-26;00:25:23
0;1;0;1;2022-04-26;00:25:24
0;1;0;1;2022-04-26;00:25:25
0;2;0;2;2022-04-26;00:25:26
0;1;0;1;2022-04-26;00:25:27
0;1;0;1;2022-04-26;00:25:28
0;1;0;1;2022-04-26;00:25:29
0;1;0;1;2022-04-26;00:25:30
0;5;0;4;2022-04-26;00:25:31
0;1;0;1;2022-04-26;00:25:32
0;1;0;1;2022-04-26;00:25:33
0;1;0;2;2022-04-26;00:25:34
0;1;0;1;2022-04-26;00:25:35
0;2;0;2;2022-04-26;00:25:36
0;2;0;1;2022-04-26;00:25:37
0;3;0;2;2022-04-26;00:25:38
0;2;0;1;2022-04-26;00:25:39
0;3;0;1;2022-04-26;00:25:40
1;8;1;8;2022-04-26;00:25:41
0;1;0;1;2022-04-26;00:25:42
0;1;0;1;2022-04-26;00:25:43
0;2;0;1;2022-04-26;00:25:44
1;8;1;6;2022-04-26;00:25:45
3;19;3;18;2022-04-26;00:25:46
1;6;2;4;2022-04-26;00:25:47
0;1;0;1;2022-04-26;00:25:48
0;2;0;1;2022-04-26;00:25:49
0;1;0;1;2022-04-26;00:25:50
0;1;0;2;2022-04-26;00:25:51
0;2;0;2;2022-04-26;00:25:52
0;1;0;1;2022-04-26;00:25:53
0;1;0;2;2022-04-26;00:25:54
0;1;0;1;2022-04-26;00:25:55
0;2;0;2;2022-04-26;00:25:56
0;4;0;4;2022-04-26;00:25:57
0;3;0;1;2022-04-26;00:25:58
0;2;0;2;2022-04-26;00:25:59
0;3;0;1;2022-04-26;00:26:00
0;5;0;1;2022-04-26;00:26:01
0;5;0;2;2022-04-26;00:26:02
0;1;0;1;2022-04-26;00:26:03
0;2;0;1;2022-04-26;00:26:04
0;1;0;1;2022-04-26;00:26:05
0;3;0;2;2022-04-26;00:26:06
0;5;0;5;2022-04-26;00:26:07
0;3;0;2;2022-04-26;00:26:08
0;1;0;1;2022-04-26;00:26:09
0;2;0;2;2022-04-26;00:26:10
1;5;1;5;2022-04-26;00:26:11
0;1;0;1;2022-04-26;00:26:12
0;1;0;1;2022-04-26;00:26:13
0;2;0;1;2022-04-26;00:26:14
0;1;0;1;2022-04-26;00:26:15
0;1;0;2;2022-04-26;00:26:16
0;4;1;4;2022-04-26;00:26:17
0;4;0;1;2022-04-26;00:26:18
0;5;0;1;2022-04-26;00:26:19
0;3;0;1;2022-04-26;00:26:20
0;6;0;4;2022-04-26;00:26:21
0;1;0;1;2022-04-26;00:26:22
0;4;0;1;2022-04-26;00:26:23
0;3;0;1;2022-04-26;00:26:24
0;3;0;1;2022-04-26;00:26:25
0;1;0;1;2022-04-26;00:26:26
0;2;0;2;2022-04-26;00:26:27
0;2;0;1;2022-04-26;00:26:28
0;1;0;1;2022-04-26;00:26:29
0;1;0;1;2022-04-26;00:26:30
0;4;0;4;2022-04-26;00:26:31
0;2;0;1;2022-04-26;00:26:32
0;1;0;1;2022-04-26;00:26:33
0;1;0;1;2022-04-26;00:26:34
0;2;0;1;2022-04-26;00:26:35
2;11;1;8;2022-04-26;00:26:36
0;6;0;4;2022-04-26;00:26:37
0;4;0;2;2022-04-26;00:26:38
0;4;0;1;2022-04-26;00:26:39
0;4;0;1;2022-04-26;00:26:40
0;3;0;1;2022-04-26;00:26:41
0;4;0;4;2022-04-26;00:26:42
0;2;0;1;2022-04-26;00:26:43
0;5;0;1;2022-04-26;00:26:44
0;3;0;1;2022-04-26;00:26:45
0;3;0;2;2022-04-26;00:26:46
0;2;0;1;2022-04-26;00:26:47
0;1;0;1;2022-04-26;00:26:48
0;1;0;1;2022-04-26;00:26:49
0;2;0;1;2022-04-26;00:26:50
0;1;0;1;2022-04-26;00:26:51
0;1;0;1;2022-04-26;00:26:52
0;1;0;1;2022-04-26;00:26:53
0;1;0;1;2022-04-26;00:26:54
0;1;0;1;2022-04-26;00:26:55
0;2;0;2;2022-04-26;00:26:56
0;2;1;3;2022-04-26;00:26:57
0;2;0;1;2022-04-26;00:26:58
0;5;0;1;2022-04-26;00:26:59
0;3;0;1;2022-04-26;00:27:00
2;10;1;7;2022-04-26;00:27:01
0;4;0;1;2022-04-26;00:27:02
0;4;0;1;2022-04-26;00:27:03
0;1;0;1;2022-04-26;00:27:04
0;3;0;1;2022-04-26;00:27:05
0;1;0;1;2022-04-26;00:27:06
0;1;0;1;2022-04-26;00:27:07
0;2;0;2;2022-04-26;00:27:08
0;1;0;1;2022-04-26;00:27:09
0;1;0;1;2022-04-26;00:27:10
0;3;0;2;2022-04-26;00:27:11
0;1;0;1;2022-04-26;00:27:12
0;1;0;1;2022-04-26;00:27:13
0;2;0;1;2022-04-26;00:27:14
0;1;0;1;2022-04-26;00:27:15
0;4;0;1;2022-04-26;00:27:16
0;4;0;1;2022-04-26;00:27:17
0;5;0;1;2022-04-26;00:27:18
0;6;0;1;2022-04-26;00:27:19
0;6;0;1;2022-04-26;00:27:20
0;5;0;2;2022-04-26;00:27:21
0;1;0;1;2022-04-26;00:27:22
0;4;0;1;2022-04-26;00:27:23
0;4;0;1;2022-04-26;00:27:24
0;1;0;1;2022-04-26;00:27:25
2;11;1;6;2022-04-26;00:27:26
0;2;0;1;2022-04-26;00:27:27
0;1;0;1;2022-04-26;00:27:28
0;2;0;1;2022-04-26;00:27:29
0;1;0;1;2022-04-26;00:27:30
0;1;0;1;2022-04-26;00:27:31
0;2;0;1;2022-04-26;00:27:32
0;1;0;1;2022-04-26;00:27:33
0;1;0;1;2022-04-26;00:27:34
0;2;0;1;2022-04-26;00:27:35
0;3;0;3;2022-04-26;00:27:36
0;3;0;1;2022-04-26;00:27:37
1;7;0;2;2022-04-26;00:27:38
0;5;0;1;2022-04-26;00:27:39
0;4;0;1;2022-04-26;00:27:40
0;6;0;1;2022-04-26;00:27:41
0;4;0;1;2022-04-26;00:27:42
0;2;0;1;2022-04-26;00:27:43
0;5;0;1;2022-04-26;00:27:44
1;12;1;6;2022-04-26;00:27:45
1;8;2;7;2022-04-26;00:27:46
1;9;1;6;2022-04-26;00:27:47
1;3;2;5;2022-04-26;00:27:48
0;1;0;1;2022-04-26;00:27:49
0;2;0;1;2022-04-26;00:27:50
1;4;1;5;2022-04-26;00:27:51
0;1;0;1;2022-04-26;00:27:52
0;1;0;1;2022-04-26;00:27:53
0;1;0;1;2022-04-26;00:27:54
0;1;0;1;2022-04-26;00:27:55
0;2;0;2;2022-04-26;00:27:56
0;1;0;1;2022-04-26;00:27:57
0;3;0;1;2022-04-26;00:27:58
0;6;0;1;2022-04-26;00:27:59
0;6;0;1;2022-04-26;00:28:00
0;5;0;3;2022-04-26;00:28:01
0;4;0;1;2022-04-26;00:28:02
0;4;0;1;2022-04-26;00:28:03
0;4;0;1;2022-04-26;00:28:04
0;6;0;1;2022-04-26;00:28:05
0;3;0;1;2022-04-26;00:28:06
0;1;0;1;2022-04-26;00:28:07
0;2;0;2;2022-04-26;00:28:08
0;1;0;1;2022-04-26;00:28:09
0;1;0;1;2022-04-26;00:28:10
0;4;0;3;2022-04-26;00:28:11
0;1;0;1;2022-04-26;00:28:12
0;1;0;1;2022-04-26;00:28:13
0;1;0;1;2022-04-26;00:28:14
0;1;0;1;2022-04-26;00:28:15
1;4;1;5;2022-04-26;00:28:16
0;3;0;1;2022-04-26;00:28:17
0;4;0;1;2022-04-26;00:28:18
0;4;0;1;2022-04-26;00:28:19
0;4;0;1;2022-04-26;00:28:20
0;3;0;1;2022-04-26;00:28:21
0;4;0;1;2022-04-26;00:28:22
0;4;0;1;2022-04-26;00:28:23
0;4;0;1;2022-04-26;00:28:24
0;4;0;1;2022-04-26;00:28:25
0;4;0;3;2022-04-26;00:28:26
0;1;0;1;2022-04-26;00:28:27
0;1;0;1;2022-04-26;00:28:28
0;2;0;1;2022-04-26;00:28:29
0;1;0;1;2022-04-26;00:28:30
0;1;0;1;2022-04-26;00:28:31
0;2;0;1;2022-04-26;00:28:32
0;1;0;1;2022-04-26;00:28:33
0;1;0;1;2022-04-26;00:28:34
0;2;0;1;2022-04-26;00:28:35
0;3;0;3;2022-04-26;00:28:36
0;4;0;1;2022-04-26;00:28:37
0;5;0;2;2022-04-26;00:28:38
0;5;0;1;2022-04-26;00:28:39
0;5;0;1;2022-04-26;00:28:40
2;8;1;5;2022-04-26;00:28:41
0;4;0;2;2022-04-26;00:28:42
0;3;0;1;2022-04-26;00:28:43
0;4;0;1;2022-04-26;00:28:44
0;5;0;1;2022-04-26;00:28:45
0;3;0;1;2022-04-26;00:28:46
0;2;0;1;2022-04-26;00:28:47
0;1;0;1;2022-04-26;00:28:48
0;1;0;1;2022-04-26;00:28:49
0;2;0;1;2022-04-26;00:28:50
0;3;0;3;2022-04-26;00:28:51
0;1;0;1;2022-04-26;00:28:52
0;2;0;1;2022-04-26;00:28:53
0;1;0;1;2022-04-26;00:28:54
0;1;0;1;2022-04-26;00:28:55
0;2;0;1;2022-04-26;00:28:56
0;1;0;1;2022-04-26;00:28:57
0;3;0;1;2022-04-26;00:28:58
0;4;0;1;2022-04-26;00:28:59
0;5;0;1;2022-04-26;00:29:00
0;5;0;3;2022-04-26;00:29:01
0;5;0;1;2022-04-26;00:29:02
0;4;0;1;2022-04-26;00:29:03
0;2;0;1;2022-04-26;00:29:04
0;4;0;1;2022-04-26;00:29:05
1;4;1;5;2022-04-26;00:29:06
0;1;0;1;2022-04-26;00:29:07
0;2;0;2;2022-04-26;00:29:08
0;1;0;1;2022-04-26;00:29:09
0;1;0;1;2022-04-26;00:29:10
0;2;0;1;2022-04-26;00:29:11
0;1;0;1;2022-04-26;00:29:12
0;1;0;1;2022-04-26;00:29:13
0;1;0;1;2022-04-26;00:29:14
0;1;0;1;2022-04-26;00:29:15
0;3;0;3;2022-04-26;00:29:16
0;4;0;1;2022-04-26;00:29:17
0;5;0;1;2022-04-26;00:29:18
0;4;0;1;2022-04-26;00:29:19
0;6;0;1;2022-04-26;00:29:20
0;5;0;1;2022-04-26;00:29:21
0;3;0;1;2022-04-26;00:29:22
0;4;0;1;2022-04-26;00:29:23
0;3;0;1;2022-04-26;00:29:24
1;6;1;2;2022-04-26;00:29:25
0;4;0;3;2022-04-26;00:29:26
0;1;0;1;2022-04-26;00:29:27
0;1;0;1;2022-04-26;00:29:28
0;2;0;1;2022-04-26;00:29:29
0;2;0;2;2022-04-26;00:29:30
1;4;1;5;2022-04-26;00:29:31
0;2;0;1;2022-04-26;00:29:32
0;1;0;1;2022-04-26;00:29:33
0;1;0;1;2022-04-26;00:29:34
0;1;0;1;2022-04-26;00:29:35
0;1;0;1;2022-04-26;00:29:36
0;2;0;1;2022-04-26;00:29:37
0;5;0;2;2022-04-26;00:29:38
0;6;0;1;2022-04-26;00:29:39
0;6;0;1;2022-04-26;00:29:40
0;6;0;3;2022-04-26;00:29:41
0;3;0;1;2022-04-26;00:29:42
0;3;0;1;2022-04-26;00:29:43
0;3;0;1;2022-04-26;00:29:44
0;5;0;1;2022-04-26;00:29:45
1;10;1;6;2022-04-26;00:29:46
2;12;2;10;2022-04-26;00:29:47
1;3;2;5;2022-04-26;00:29:48
0;1;0;1;2022-04-26;00:29:49
0;2;0;1;2022-04-26;00:29:50
0;2;0;2;2022-04-26;00:29:51
0;1;0;1;2022-04-26;00:29:52
0;2;0;1;2022-04-26;00:29:53
0;1;0;1;2022-04-26;00:29:54
0;1;0;1;2022-04-26;00:29:55
1;4;1;5;2022-04-26;00:29:56
0;3;0;1;2022-04-26;00:29:57
0;3;0;1;2022-04-26;00:29:58
0;6;0;1;2022-04-26;00:29:59
0;6;0;1;2022-04-26;00:30:00
0;3;0;1;2022-04-26;00:30:01
0;4;0;1;2022-04-26;00:30:02
0;2;0;1;2022-04-26;00:30:03
0;4;0;1;2022-04-26;00:30:04
0;5;0;1;2022-04-26;00:30:05
0;4;0;3;2022-04-26;00:30:06
0;2;0;1;2022-04-26;00:30:07
0;3;0;2;2022-04-26;00:30:08
0;1;0;1;2022-04-26;00:30:09
0;1;0;1;2022-04-26;00:30:10
0;2;0;1;2022-04-26;00:30:11
0;1;0;1;2022-04-26;00:30:12
0;1;0;1;2022-04-26;00:30:13
0;2;0;1;2022-04-26;00:30:14
0;1;0;1;2022-04-26;00:30:15
0;3;0;3;2022-04-26;00:30:16
1;8;0;1;2022-04-26;00:30:17
0;3;0;1;2022-04-26;00:30:18
0;6;0;1;2022-04-26;00:30:19
1;7;0;1;2022-04-26;00:30:20
1;6;1;5;2022-04-26;00:30:21
0;4;0;1;2022-04-26;00:30:22
0;3;0;1;2022-04-26;00:30:23
0;3;0;1;2022-04-26;00:30:24
0;4;0;1;2022-04-26;00:30:25
0;2;0;1;2022-04-26;00:30:26
0;1;0;1;2022-04-26;00:30:27
0;1;0;1;2022-04-26;00:30:28
0;2;0;1;2022-04-26;00:30:29
0;1;0;1;2022-04-26;00:30:30
0;3;0;3;2022-04-26;00:30:31
0;2;0;1;2022-04-26;00:30:32
0;1;0;1;2022-04-26;00:30:33
0;1;0;1;2022-04-26;00:30:34
0;2;0;1;2022-04-26;00:30:35
0;1;0;1;2022-04-26;00:30:36
0;3;0;2;2022-04-26;00:30:37
0;5;0;2;2022-04-26;00:30:38
0;5;0;1;2022-04-26;00:30:39
0;6;0;1;2022-04-26;00:30:40
0;6;0;3;2022-04-26;00:30:41
0;1;0;1;2022-04-26;00:30:42
0;4;0;1;2022-04-26;00:30:43
0;2;0;1;2022-04-26;00:30:44
0;4;0;1;2022-04-26;00:30:45
1;4;1;5;2022-04-26;00:30:46
0;2;0;1;2022-04-26;00:30:47
0;1;0;1;2022-04-26;00:30:48
0;1;0;1;2022-04-26;00:30:49
0;2;0;1;2022-04-26;00:30:50
0;1;0;1;2022-04-26;00:30:51
0;1;0;1;2022-04-26;00:30:52
0;2;0;1;2022-04-26;00:30:53
0;1;0;1;2022-04-26;00:30:54
0;1;0;1;2022-04-26;00:30:55
0;3;0;3;2022-04-26;00:30:56
0;1;0;1;2022-04-26;00:30:57
0;2;0;1;2022-04-26;00:30:58
0;6;0;1;2022-04-26;00:30:59
0;3;0;1;2022-04-26;00:31:00
0;3;0;1;2022-04-26;00:31:01
0;2;0;1;2022-04-26;00:31:02
0;4;0;1;2022-04-26;00:31:03
0;2;0;1;2022-04-26;00:31:04
0;3;0;1;2022-04-26;00:31:05
0;3;0;3;2022-04-26;00:31:06
0;1;0;1;2022-04-26;00:31:07
0;4;0;2;2022-04-26;00:31:08
0;6;0;1;2022-04-26;00:31:09
0;5;0;1;2022-04-26;00:31:10
2;10;1;5;2022-04-26;00:31:11
0;2;0;2;2022-04-26;00:31:12
0;1;0;1;2022-04-26;00:31:13
0;1;0;1;2022-04-26;00:31:14
0;1;0;1;2022-04-26;00:31:15
0;1;0;1;2022-04-26;00:31:16
0;3;0;1;2022-04-26;00:31:17
0;3;0;2;2022-04-26;00:31:18
0;3;0;1;2022-04-26;00:31:19
0;4;0;1;2022-04-26;00:31:20
0;7;0;4;2022-04-26;00:31:21
0;1;0;1;2022-04-26;00:31:22
1;7;0;1;2022-04-26;00:31:23
0;5;0;2;2022-04-26;00:31:24
0;3;0;1;2022-04-26;00:31:25
0;1;0;1;2022-04-26;00:31:26
0;2;0;1;2022-04-26;00:31:27
0;1;0;1;2022-04-26;00:31:28
0;3;0;1;2022-04-26;00:31:29
0;4;0;1;2022-04-26;00:31:30
0;5;0;3;2022-04-26;00:31:31
0;4;0;1;2022-04-26;00:31:32
0;3;0;1;2022-04-26;00:31:33
0;3;0;1;2022-04-26;00:31:34
0;1;0;1;2022-04-26;00:31:35
1;4;1;5;2022-04-26;00:31:36
0;5;0;4;2022-04-26;00:31:37
1;7;0;2;2022-04-26;00:31:38
0;4;0;1;2022-04-26;00:31:39
0;6;0;1;2022-04-26;00:31:40
0;3;0;1;2022-04-26;00:31:41
0;4;0;4;2022-04-26;00:31:42
0;2;0;1;2022-04-26;00:31:43
0;2;0;1;2022-04-26;00:31:44
0;3;0;1;2022-04-26;00:31:45
1;10;1;8;2022-04-26;00:31:46
1;3;2;5;2022-04-26;00:31:47
1;9;1;6;2022-04-26;00:31:48
1;3;2;5;2022-04-26;00:31:49
1;5;0;1;2022-04-26;00:31:50
0;3;0;1;2022-04-26;00:31:51
0;6;0;1;2022-04-26;00:31:52
0;6;0;1;2022-04-26;00:31:53
0;5;0;1;2022-04-26;00:31:54
0;3;0;1;2022-04-26;00:31:55
0;2;0;2;2022-04-26;00:31:56
0;2;1;3;2022-04-26;00:31:57
0;3;0;1;2022-04-26;00:31:58
0;6;0;2;2022-04-26;00:31:59
0;4;0;2;2022-04-26;00:32:00
1;5;1;5;2022-04-26;00:32:01
0;2;0;1;2022-04-26;00:32:02
0;5;0;1;2022-04-26;00:32:03
0;7;0;1;2022-04-26;00:32:04
0;6;0;1;2022-04-26;00:32:05
0;3;0;1;2022-04-26;00:32:06
0;3;0;1;2022-04-26;00:32:07
0;3;0;2;2022-04-26;00:32:08
0;1;0;1;2022-04-26;00:32:09
0;1;0;1;2022-04-26;00:32:10
0;4;0;3;2022-04-26;00:32:11
0;1;0;1;2022-04-26;00:32:12
0;3;0;1;2022-04-26;00:32:13
0;3;0;1;2022-04-26;00:32:14
0;2;0;1;2022-04-26;00:32:15
0;1;0;1;2022-04-26;00:32:16
0;5;0;1;2022-04-26;00:32:17
0;3;0;1;2022-04-26;00:32:18
0;6;0;2;2022-04-26;00:32:19
0;5;0;2;2022-04-26;00:32:20
0;7;0;4;2022-04-26;00:32:21
0;1;0;2;2022-04-26;00:32:22
0;3;0;2;2022-04-26;00:32:23
0;6;0;1;2022-04-26;00:32:24
0;4;0;1;2022-04-26;00:32:25
1;6;1;5;2022-04-26;00:32:26
0;3;0;1;2022-04-26;00:32:27
0;1;0;1;2022-04-26;00:32:28
0;2;0;1;2022-04-26;00:32:29
0;2;0;1;2022-04-26;00:32:30
0;2;0;1;2022-04-26;00:32:31
0;3;0;1;2022-04-26;00:32:32
0;2;0;1;2022-04-26;00:32:33
0;2;0;1;2022-04-26;00:32:34
0;2;0;1;2022-04-26;00:32:35
0;3;0;3;2022-04-26;00:32:36
0;1;0;1;2022-04-26;00:32:37
0;4;0;2;2022-04-26;00:32:38
0;5;0;1;2022-04-26;00:32:39
0;4;0;1;2022-04-26;00:32:40
0;3;0;1;2022-04-26;00:32:41
0;2;0;1;2022-04-26;00:32:42
0;3;0;1;2022-04-26;00:32:43
1;7;0;1;2022-04-26;00:32:44
0;3;0;1;2022-04-26;00:32:45
0;3;0;3;2022-04-26;00:32:46
0;2;0;1;2022-04-26;00:32:47
0;1;0;1;2022-04-26;00:32:48
0;1;0;1;2022-04-26;00:32:49
0;2;0;1;2022-04-26;00:32:50
1;4;1;5;2022-04-26;00:32:51
0;1;0;2;2022-04-26;00:32:52
0;2;0;1;2022-04-26;00:32:53
0;1;0;1;2022-04-26;00:32:54
0;1;0;1;2022-04-26;00:32:55
0;1;0;1;2022-04-26;00:32:56
0;1;0;1;2022-04-26;00:32:57
0;3;0;1;2022-04-26;00:32:58
0;4;0;1;2022-04-26;00:32:59
0;5;0;1;2022-04-26;00:33:00
0;4;0;3;2022-04-26;00:33:01
0;2;0;1;2022-04-26;00:33:02
0;1;0;1;2022-04-26;00:33:03
0;2;0;1;2022-04-26;00:33:04
0;4;0;1;2022-04-26;00:33:05
0;3;0;1;2022-04-26;00:33:06
0;5;0;1;2022-04-26;00:33:07
1;7;0;2;2022-04-26;00:33:08
0;4;0;2;2022-04-26;00:33:09
0;1;0;1;2022-04-26;00:33:10
0;4;0;3;2022-04-26;00:33:11
0;2;0;1;2022-04-26;00:33:12
0;2;0;1;2022-04-26;00:33:13
0;4;0;1;2022-04-26;00:33:14
0;2;0;1;2022-04-26;00:33:15
1;4;1;5;2022-04-26;00:33:16
0;2;0;1;2022-04-26;00:33:17
0;3;0;1;2022-04-26;00:33:18
0;5;0;1;2022-04-26;00:33:19
0;5;0;1;2022-04-26;00:33:20
0;2;0;2;2022-04-26;00:33:21
0;1;0;1;2022-04-26;00:33:22
0;3;0;1;2022-04-26;00:33:23
0;4;0;1;2022-04-26;00:33:24
0;4;0;1;2022-04-26;00:33:25
0;5;0;4;2022-04-26;00:33:26
0;1;0;2;2022-04-26;00:33:27
0;1;0;2;2022-04-26;00:33:28
0;2;0;1;2022-04-26;00:33:29
0;1;0;1;2022-04-26;00:33:30
0;1;0;1;2022-04-26;00:33:31
0;2;0;1;2022-04-26;00:33:32
0;1;0;1;2022-04-26;00:33:33
0;1;0;1;2022-04-26;00:33:34
0;2;0;1;2022-04-26;00:33:35
0;4;0;3;2022-04-26;00:33:36
0;4;0;1;2022-04-26;00:33:37
1;7;0;2;2022-04-26;00:33:38
0;4;0;1;2022-04-26;00:33:39
0;2;0;1;2022-04-26;00:33:40
1;5;1;5;2022-04-26;00:33:41
0;1;0;1;2022-04-26;00:33:42
0;4;0;1;2022-04-26;00:33:43
0;6;0;1;2022-04-26;00:33:44
0;4;0;1;2022-04-26;00:33:45
0;1;0;1;2022-04-26;00:33:46
1;10;1;6;2022-04-26;00:33:47
2;10;2;11;2022-04-26;00:33:48
1;3;2;5;2022-04-26;00:33:49
0;2;0;1;2022-04-26;00:33:50
0;2;0;2;2022-04-26;00:33:51
1;4;0;1;2022-04-26;00:33:52
0;3;0;1;2022-04-26;00:33:53
0;2;0;1;2022-04-26;00:33:54
0;3;0;1;2022-04-26;00:33:55
0;3;0;1;2022-04-26;00:33:56
0;2;0;1;2022-04-26;00:33:57
0;4;0;1;2022-04-26;00:33:58
0;5;0;2;2022-04-26;00:33:59
0;4;0;1;2022-04-26;00:34:00
0;4;0;2;2022-04-26;00:34:01
0;2;0;1;2022-04-26;00:34:02
0;3;0;1;2022-04-26;00:34:03
0;4;0;2;2022-04-26;00:34:04
0;4;0;1;2022-04-26;00:34:05
1;4;1;5;2022-04-26;00:34:06
0;2;0;1;2022-04-26;00:34:07
0;2;0;2;2022-04-26;00:34:08
0;1;0;1;2022-04-26;00:34:09
0;1;0;1;2022-04-26;00:34:10
0;2;0;1;2022-04-26;00:34:11
0;1;0;1;2022-04-26;00:34:12
0;1;0;1;2022-04-26;00:34:13
0;1;0;1;2022-04-26;00:34:14
0;1;0;1;2022-04-26;00:34:15
0;3;0;3;2022-04-26;00:34:16
0;2;0;1;2022-04-26;00:34:17
0;3;0;2;2022-04-26;00:34:18
0;3;0;1;2022-04-26;00:34:19
0;5;0;1;2022-04-26;00:34:20
0;3;0;1;2022-04-26;00:34:21
0;1;0;1;2022-04-26;00:34:22
0;4;0;1;2022-04-26;00:34:23
0;4;0;1;2022-04-26;00:34:24
0;3;0;1;2022-04-26;00:34:25
0;5;0;3;2022-04-26;00:34:26
0;1;0;1;2022-04-26;00:34:27
0;1;0;1;2022-04-26;00:34:28
0;2;0;1;2022-04-26;00:34:29
0;2;0;1;2022-04-26;00:34:30
1;4;1;5;2022-04-26;00:34:31
0;2;0;1;2022-04-26;00:34:32
0;1;0;1;2022-04-26;00:34:33
0;1;0;1;2022-04-26;00:34:34
0;2;0;1;2022-04-26;00:34:35
0;1;0;1;2022-04-26;00:34:36
0;1;0;1;2022-04-26;00:34:37
0;2;0;2;2022-04-26;00:34:38
0;2;0;1;2022-04-26;00:34:39
0;2;0;1;2022-04-26;00:34:40
0;6;0;4;2022-04-26;00:34:41
0;1;0;1;2022-04-26;00:34:42
0;2;0;1;2022-04-26;00:34:43
0;2;0;1;2022-04-26;00:34:44
0;2;0;1;2022-04-26;00:34:45
0;1;0;1;2022-04-26;00:34:46
0;2;0;1;2022-04-26;00:34:47
0;1;0;1;2022-04-26;00:34:48
0;1;0;1;2022-04-26;00:34:49
0;2;0;1;2022-04-26;00:34:50
0;3;0;3;2022-04-26;00:34:51
0;1;0;1;2022-04-26;00:34:52
0;2;0;1;2022-04-26;00:34:53
0;1;0;1;2022-04-26;00:34:54
0;1;0;1;2022-04-26;00:34:55
1;5;1;5;2022-04-26;00:34:56
0;1;0;1;2022-04-26;00:34:57
0;2;0;1;2022-04-26;00:34:58
0;5;0;1;2022-04-26;00:34:59
0;4;0;1;2022-04-26;00:35:00
0;2;0;1;2022-04-26;00:35:01
0;2;0;1;2022-04-26;00:35:02
0;1;0;1;2022-04-26;00:35:03
0;1;0;2;2022-04-26;00:35:04
0;2;0;1;2022-04-26;00:35:05
0;3;0;3;2022-04-26;00:35:06
0;1;0;1;2022-04-26;00:35:07
0;2;0;2;2022-04-26;00:35:08
0;1;0;1;2022-04-26;00:35:09
0;1;0;2;2022-04-26;00:35:10
0;2;0;2;2022-04-26;00:35:11
0;1;0;1;2022-04-26;00:35:12
0;1;0;1;2022-04-26;00:35:13
0;1;0;1;2022-04-26;00:35:14
0;1;0;1;2022-04-26;00:35:15
0;4;0;3;2022-04-26;00:35:16
0;2;0;1;2022-04-26;00:35:17
0;4;0;1;2022-04-26;00:35:18
0;2;0;1;2022-04-26;00:35:19
0;3;0;1;2022-04-26;00:35:20
1;7;1;5;2022-04-26;00:35:21
0;2;0;1;2022-04-26;00:35:22
0;3;0;1;2022-04-26;00:35:23
0;3;0;1;2022-04-26;00:35:24
0;2;0;1;2022-04-26;00:35:25
0;2;0;1;2022-04-26;00:35:26
0;1;0;1;2022-04-26;00:35:27
0;1;0;1;2022-04-26;00:35:28
0;2;0;1;2022-04-26;00:35:29
0;2;0;1;2022-04-26;00:35:30
0;4;0;3;2022-04-26;00:35:31
0;3;0;1;2022-04-26;00:35:32
0;1;0;1;2022-04-26;00:35:33
0;1;0;2;2022-04-26;00:35:34
0;3;0;1;2022-04-26;00:35:35
0;2;0;1;2022-04-26;00:35:36
0;4;0;1;2022-04-26;00:35:37
0;5;0;2;2022-04-26;00:35:38
0;5;0;1;2022-04-26;00:35:39
0;3;0;1;2022-04-26;00:35:40
0;6;0;3;2022-04-26;00:35:41
0;3;0;1;2022-04-26;00:35:42
0;1;0;1;2022-04-26;00:35:43
0;6;0;1;2022-04-26;00:35:44
0;4;0;1;2022-04-26;00:35:45
1;8;1;5;2022-04-26;00:35:46
1;7;0;3;2022-04-26;00:35:47
0;2;0;1;2022-04-26;00:35:48
0;6;0;3;2022-04-26;00:35:49
0;3;0;1;2022-04-26;00:35:50
0;2;0;1;2022-04-26;00:35:51
0;2;0;2;2022-04-26;00:35:52
0;2;0;1;2022-04-26;00:35:53
0;1;0;1;2022-04-26;00:35:54
0;1;0;1;2022-04-26;00:35:55
0;3;0;3;2022-04-26;00:35:56
0;3;0;1;2022-04-26;00:35:57
2;13;1;7;2022-04-26;00:35:58
1;8;2;5;2022-04-26;00:35:59
0;8;0;1;2022-04-26;00:36:00
0;3;0;1;2022-04-26;00:36:01
0;2;0;1;2022-04-26;00:36:02
0;5;0;1;2022-04-26;00:36:03
0;7;0;2;2022-04-26;00:36:04
0;4;0;2;2022-04-26;00:36:05
0;2;0;2;2022-04-26;00:36:06
0;3;0;1;2022-04-26;00:36:07
0;3;0;2;2022-04-26;00:36:08
0;3;0;2;2022-04-26;00:36:09
0;2;0;1;2022-04-26;00:36:10
2;10;1;6;2022-04-26;00:36:11
0;5;0;1;2022-04-26;00:36:12
0;3;0;1;2022-04-26;00:36:13
0;4;0;1;2022-04-26;00:36:14
0;2;0;1;2022-04-26;00:36:15
0;2;0;1;2022-04-26;00:36:16
0;2;0;1;2022-04-26;00:36:17
0;3;0;1;2022-04-26;00:36:18
0;4;0;1;2022-04-26;00:36:19
0;4;0;1;2022-04-26;00:36:20
0;5;0;3;2022-04-26;00:36:21
0;3;0;1;2022-04-26;00:36:22
0;5;0;1;2022-04-26;00:36:23
0;3;0;1;2022-04-26;00:36:24
0;2;0;1;2022-04-26;00:36:25
0;4;0;1;2022-04-26;00:36:26
0;3;0;1;2022-04-26;00:36:27
0;1;0;1;2022-04-26;00:36:28
0;2;0;1;2022-04-26;00:36:29
0;1;0;1;2022-04-26;00:36:30
0;3;0;3;2022-04-26;00:36:31
0;6;0;1;2022-04-26;00:36:32
0;4;0;1;2022-04-26;00:36:33
0;5;0;1;2022-04-26;00:36:34
0;3;0;1;2022-04-26;00:36:35
1;6;1;5;2022-04-26;00:36:36
0;1;0;1;2022-04-26;00:36:37
0;6;0;2;2022-04-26;00:36:38
0;6;0;1;2022-04-26;00:36:39
0;6;0;3;2022-04-26;00:36:40
0;5;0;1;2022-04-26;00:36:41
0;3;0;1;2022-04-26;00:36:42
0;4;0;1;2022-04-26;00:36:43
0;4;0;1;2022-04-26;00:36:44
0;4;0;2;2022-04-26;00:36:45
0;4;0;3;2022-04-26;00:36:46
0;3;0;1;2022-04-26;00:36:47
0;1;0;1;2022-04-26;00:36:48
0;1;0;1;2022-04-26;00:36:49
0;4;0;2;2022-04-26;00:36:50
0;2;0;1;2022-04-26;00:36:51
0;4;0;1;2022-04-26;00:36:52
0;4;0;2;2022-04-26;00:36:53
0;2;0;1;2022-04-26;00:36:54
0;3;0;2;2022-04-26;00:36:55
0;4;0;3;2022-04-26;00:36:56
0;2;0;1;2022-04-26;00:36:57
0;4;0;1;2022-04-26;00:36:58
0;5;0;2;2022-04-26;00:36:59
0;4;0;1;2022-04-26;00:37:00
1;5;1;5;2022-04-26;00:37:01
0;2;0;1;2022-04-26;00:37:02
0;4;0;1;2022-04-26;00:37:03
0;3;0;1;2022-04-26;00:37:04
0;2;0;1;2022-04-26;00:37:05
0;2;0;1;2022-04-26;00:37:06
0;3;0;1;2022-04-26;00:37:07
1;8;0;2;2022-04-26;00:37:08
0;4;0;1;2022-04-26;00:37:09
0;7;0;1;2022-04-26;00:37:10
1;8;0;3;2022-04-26;00:37:11
0;4;0;1;2022-04-26;00:37:12
0;3;0;1;2022-04-26;00:37:13
0;2;0;1;2022-04-26;00:37:14
0;1;0;1;2022-04-26;00:37:15
0;1;0;1;2022-04-26;00:37:16
0;2;0;1;2022-04-26;00:37:17
0;5;0;1;2022-04-26;00:37:18
0;5;0;1;2022-04-26;00:37:19
0;5;0;1;2022-04-26;00:37:20
0;7;0;3;2022-04-26;00:37:21
0;1;0;1;2022-04-26;00:37:22
0;4;0;1;2022-04-26;00:37:23
0;5;0;1;2022-04-26;00:37:24
0;3;0;1;2022-04-26;00:37:25
1;5;1;5;2022-04-26;00:37:26
0;2;0;1;2022-04-26;00:37:27
0;1;0;1;2022-04-26;00:37:28
0;2;0;1;2022-04-26;00:37:29
0;3;0;1;2022-04-26;00:37:30
0;6;0;1;2022-04-26;00:37:31
0;5;0;1;2022-04-26;00:37:32
0;2;0;1;2022-04-26;00:37:33
0;2;0;1;2022-04-26;00:37:34
0;1;0;1;2022-04-26;00:37:35
0;3;0;3;2022-04-26;00:37:36
0;1;0;2;2022-04-26;00:37:37
0;3;0;2;2022-04-26;00:37:38
0;3;0;1;2022-04-26;00:37:39
0;4;0;1;2022-04-26;00:37:40
0;5;0;1;2022-04-26;00:37:41
0;1;0;1;2022-04-26;00:37:42
0;3;0;1;2022-04-26;00:37:43
0;5;0;1;2022-04-26;00:37:44
0;3;0;1;2022-04-26;00:37:45
0;5;0;3;2022-04-26;00:37:46
0;4;0;1;2022-04-26;00:37:47
0;1;0;1;2022-04-26;00:37:48
0;1;0;1;2022-04-26;00:37:49
0;6;0;1;2022-04-26;00:37:50
2;10;1;5;2022-04-26;00:37:51
0;5;0;1;2022-04-26;00:37:52
0;4;0;1;2022-04-26;00:37:53
0;2;0;1;2022-04-26;00:37:54
0;1;0;1;2022-04-26;00:37:55
0;1;0;1;2022-04-26;00:37:56
0;3;0;1;2022-04-26;00:37:57
0;4;0;1;2022-04-26;00:37:58
2;19;1;11;2022-04-26;00:37:59
1;6;2;7;2022-04-26;00:38:00
0;3;0;2;2022-04-26;00:38:01
0;2;0;1;2022-04-26;00:38:02
0;4;0;1;2022-04-26;00:38:03
0;5;0;1;2022-04-26;00:38:04
0;5;0;1;2022-04-26;00:38:05
0;2;0;1;2022-04-26;00:38:06
0;2;0;1;2022-04-26;00:38:07
0;3;0;2;2022-04-26;00:38:08
0;1;0;1;2022-04-26;00:38:09
0;6;0;2;2022-04-26;00:38:10
1;9;0;2;2022-04-26;00:38:11
0;5;0;1;2022-04-26;00:38:12
0;2;0;1;2022-04-26;00:38:13
0;4;0;1;2022-04-26;00:38:14
0;1;0;1;2022-04-26;00:38:15
1;4;1;5;2022-04-26;00:38:16
0;2;0;1;2022-04-26;00:38:17
0;4;0;1;2022-04-26;00:38:18
0;4;0;1;2022-04-26;00:38:19
0;6;1;3;2022-04-26;00:38:20
0;5;0;1;2022-04-26;00:38:21
0;1;0;1;2022-04-26;00:38:22
0;3;0;1;2022-04-26;00:38:23
0;3;0;1;2022-04-26;00:38:24
0;2;0;1;2022-04-26;00:38:25
0;4;0;3;2022-04-26;00:38:26
0;2;0;1;2022-04-26;00:38:27
0;1;0;1;2022-04-26;00:38:28
0;2;0;1;2022-04-26;00:38:29
0;5;0;1;2022-04-26;00:38:30
0;7;0;2;2022-04-26;00:38:31
0;6;0;1;2022-04-26;00:38:32
0;2;0;1;2022-04-26;00:38:33
0;3;0;1;2022-04-26;00:38:34
0;2;0;1;2022-04-26;00:38:35
0;3;0;3;2022-04-26;00:38:36
0;1;0;1;2022-04-26;00:38:37
1;7;0;2;2022-04-26;00:38:38
0;4;0;1;2022-04-26;00:38:39
0;6;0;1;2022-04-26;00:38:40
2;8;1;5;2022-04-26;00:38:41
0;1;0;1;2022-04-26;00:38:42
0;4;0;1;2022-04-26;00:38:43
1;8;0;1;2022-04-26;00:38:44
0;5;0;1;2022-04-26;00:38:45
0;3;0;1;2022-04-26;00:38:46
0;4;0;1;2022-04-26;00:38:47
0;1;0;1;2022-04-26;00:38:48
0;1;0;2;2022-04-26;00:38:49
0;6;0;1;2022-04-26;00:38:50
1;9;0;3;2022-04-26;00:38:51
0;5;0;1;2022-04-26;00:38:52
0;3;0;1;2022-04-26;00:38:53
0;1;0;1;2022-04-26;00:38:54
0;1;0;1;2022-04-26;00:38:55
0;1;0;1;2022-04-26;00:38:56
0;3;0;1;2022-04-26;00:38:57
0;5;0;2;2022-04-26;00:38:58
0;6;0;1;2022-04-26;00:38:59
0;5;0;1;2022-04-26;00:39:00
0;6;0;3;2022-04-26;00:39:01
0;2;0;1;2022-04-26;00:39:02
0;5;0;1;2022-04-26;00:39:03
0;6;0;1;2022-04-26;00:39:04
0;5;0;1;2022-04-26;00:39:05
1;5;1;5;2022-04-26;00:39:06
0;3;0;1;2022-04-26;00:39:07
0;3;0;2;2022-04-26;00:39:08
0;1;0;2;2022-04-26;00:39:09
0;5;0;1;2022-04-26;00:39:10
0;6;0;2;2022-04-26;00:39:11
0;5;0;1;2022-04-26;00:39:12
0;3;0;1;2022-04-26;00:39:13
0;4;0;1;2022-04-26;00:39:14
0;1;0;1;2022-04-26;00:39:15
0;3;0;3;2022-04-26;00:39:16
0;1;0;1;2022-04-26;00:39:17
0;3;0;1;2022-04-26;00:39:18
0;5;0;1;2022-04-26;00:39:19
0;5;0;1;2022-04-26;00:39:20
0;3;0;1;2022-04-26;00:39:21
0;1;0;1;2022-04-26;00:39:22
0;3;0;1;2022-04-26;00:39:23
0;3;0;1;2022-04-26;00:39:24
0;3;0;1;2022-04-26;00:39:25
0;4;0;3;2022-04-26;00:39:26
0;1;0;1;2022-04-26;00:39:27
0;1;0;1;2022-04-26;00:39:28
0;2;0;1;2022-04-26;00:39:29
1;5;0;1;2022-04-26;00:39:30
1;9;1;5;2022-04-26;00:39:31
0;6;0;1;2022-04-26;00:39:32
0;4;0;1;2022-04-26;00:39:33
0;3;0;1;2022-04-26;00:39:34
0;2;0;1;2022-04-26;00:39:35
0;1;0;1;2022-04-26;00:39:36
0;1;0;1;2022-04-26;00:39:37
1;9;0;2;2022-04-26;00:39:38
0;4;0;1;2022-04-26;00:39:39
0;5;0;1;2022-04-26;00:39:40
1;8;0;3;2022-04-26;00:39:41
0;1;0;1;2022-04-26;00:39:42
0;3;0;1;2022-04-26;00:39:43
0;6;0;1;2022-04-26;00:39:44
0;2;0;1;2022-04-26;00:39:45
0;3;0;1;2022-04-26;00:39:46
0;4;0;1;2022-04-26;00:39:47
0;1;0;1;2022-04-26;00:39:48
0;1;0;1;2022-04-26;00:39:49
0;5;0;1;2022-04-26;00:39:50
1;10;0;3;2022-04-26;00:39:51
0;5;0;1;2022-04-26;00:39:52
0;2;0;1;2022-04-26;00:39:53
0;2;0;1;2022-04-26;00:39:54
0;1;0;1;2022-04-26;00:39:55
1;5;1;5;2022-04-26;00:39:56
0;3;0;1;2022-04-26;00:39:57
0;3;0;1;2022-04-26;00:39:58
2;18;1;11;2022-04-26;00:39:59
1;6;2;5;2022-04-26;00:40:00
0;4;0;1;2022-04-26;00:40:01
0;2;0;1;2022-04-26;00:40:02
0;2;0;1;2022-04-26;00:40:03
0;4;0;1;2022-04-26;00:40:04
1;7;0;1;2022-04-26;00:40:05
0;5;0;2;2022-04-26;00:40:06
0;2;0;1;2022-04-26;00:40:07
0;3;0;2;2022-04-26;00:40:08
0;1;0;1;2022-04-26;00:40:09
0;6;0;2;2022-04-26;00:40:10
1;8;0;1;2022-04-26;00:40:11
0;5;0;1;2022-04-26;00:40:12
0;2;0;1;2022-04-26;00:40:13
0;4;0;1;2022-04-26;00:40:14
0;1;0;1;2022-04-26;00:40:15
0;2;0;2;2022-04-26;00:40:16
0;2;0;1;2022-04-26;00:40:17
0;4;0;1;2022-04-26;00:40:18
0;4;0;1;2022-04-26;00:40:19
1;7;0;2;2022-04-26;00:40:20
1;8;1;5;2022-04-26;00:40:21
0;1;0;1;2022-04-26;00:40:22
0;6;0;1;2022-04-26;00:40:23
0;6;0;1;2022-04-26;00:40:24
0;4;0;1;2022-04-26;00:40:25
0;3;0;1;2022-04-26;00:40:26
0;3;0;1;2022-04-26;00:40:27
0;1;0;1;2022-04-26;00:40:28
0;2;0;1;2022-04-26;00:40:29
0;3;0;1;2022-04-26;00:40:30
0;6;0;3;2022-04-26;00:40:31
0;5;0;1;2022-04-26;00:40:32
0;3;0;1;2022-04-26;00:40:33
0;3;0;1;2022-04-26;00:40:34
0;2;0;1;2022-04-26;00:40:35
0;1;0;1;2022-04-26;00:40:36
0;1;0;1;2022-04-26;00:40:37
0;3;0;2;2022-04-26;00:40:38
0;3;0;1;2022-04-26;00:40:39
0;4;0;1;2022-04-26;00:40:40
1;8;0;3;2022-04-26;00:40:41
0;1;0;1;2022-04-26;00:40:42
0;3;0;1;2022-04-26;00:40:43
0;5;0;1;2022-04-26;00:40:44
0;2;0;1;2022-04-26;00:40:45
1;6;1;5;2022-04-26;00:40:46
0;3;0;1;2022-04-26;00:40:47
0;1;0;1;2022-04-26;00:40:48
0;1;0;1;2022-04-26;00:40:49
0;5;0;1;2022-04-26;00:40:50
0;8;0;1;2022-04-26;00:40:51
0;4;0;1;2022-04-26;00:40:52
0;4;0;1;2022-04-26;00:40:53
0;2;0;1;2022-04-26;00:40:54
0;1;0;1;2022-04-26;00:40:55
0;4;0;3;2022-04-26;00:40:56
0;4;0;1;2022-04-26;00:40:57
0;1;0;1;2022-04-26;00:40:58
0;6;0;1;2022-04-26;00:40:59
0;5;0;1;2022-04-26;00:41:00
0;4;0;1;2022-04-26;00:41:01
0;2;0;1;2022-04-26;00:41:02
0;2;0;1;2022-04-26;00:41:03
0;2;0;1;2022-04-26;00:41:04
0;3;0;1;2022-04-26;00:41:05
0;3;0;3;2022-04-26;00:41:06
0;1;0;1;2022-04-26;00:41:07
0;3;0;2;2022-04-26;00:41:08
0;2;0;1;2022-04-26;00:41:09
0;5;0;1;2022-04-26;00:41:10
2;10;1;5;2022-04-26;00:41:11
0;8;0;1;2022-04-26;00:41:12
0;4;0;1;2022-04-26;00:41:13
0;4;0;1;2022-04-26;00:41:14
0;1;0;1;2022-04-26;00:41:15
0;1;0;1;2022-04-26;00:41:16
0;3;0;1;2022-04-26;00:41:17
0;3;0;1;2022-04-26;00:41:18
0;5;0;1;2022-04-26;00:41:19
0;6;0;1;2022-04-26;00:41:20
0;7;0;3;2022-04-26;00:41:21
0;2;0;1;2022-04-26;00:41:22
1;7;0;1;2022-04-26;00:41:23
0;6;0;1;2022-04-26;00:41:24
0;6;0;1;2022-04-26;00:41:25
0;4;0;1;2022-04-26;00:41:26
0;3;0;1;2022-04-26;00:41:27
0;1;0;1;2022-04-26;00:41:28
0;2;0;1;2022-04-26;00:41:29
0;5;0;1;2022-04-26;00:41:30
0;7;0;3;2022-04-26;00:41:31
1;8;0;1;2022-04-26;00:41:32
0;4;0;1;2022-04-26;00:41:33
0;3;0;1;2022-04-26;00:41:34
0;2;0;1;2022-04-26;00:41:35
1;5;1;5;2022-04-26;00:41:36
1;5;1;2;2022-04-26;00:41:37
0;6;0;2;2022-04-26;00:41:38
0;4;0;1;2022-04-26;00:41:39
0;7;0;3;2022-04-26;00:41:40
0;6;0;1;2022-04-26;00:41:41
0;2;0;2;2022-04-26;00:41:42
0;3;0;2;2022-04-26;00:41:43
0;5;0;1;2022-04-26;00:41:44
0;8;0;3;2022-04-26;00:41:45
0;6;0;3;2022-04-26;00:41:46
0;5;0;1;2022-04-26;00:41:47
0;1;0;1;2022-04-26;00:41:48
0;1;0;1;2022-04-26;00:41:49
1;8;0;2;2022-04-26;00:41:50
0;6;0;1;2022-04-26;00:41:51
0;3;0;1;2022-04-26;00:41:52
0;3;0;1;2022-04-26;00:41:53
0;3;0;1;2022-04-26;00:41:54
0;3;0;2;2022-04-26;00:41:55
0;4;0;3;2022-04-26;00:41:56
0;4;0;1;2022-04-26;00:41:57
0;5;0;1;2022-04-26;00:41:58
0;5;0;1;2022-04-26;00:41:59
2;20;1;11;2022-04-26;00:42:00
2;9;3;9;2022-04-26;00:42:01
0;2;0;1;2022-04-26;00:42:02
0;3;0;2;2022-04-26;00:42:03
0;5;0;1;2022-04-26;00:42:04
0;3;0;1;2022-04-26;00:42:05
0;2;0;1;2022-04-26;00:42:06
0;2;0;1;2022-04-26;00:42:07
0;3;0;2;2022-04-26;00:42:08
0;1;0;1;2022-04-26;00:42:09
0;3;0;1;2022-04-26;00:42:10
0;6;0;3;2022-04-26;00:42:11
0;5;0;1;2022-04-26;00:42:12
0;3;0;1;2022-04-26;00:42:13
0;4;0;1;2022-04-26;00:42:14
0;1;0;1;2022-04-26;00:42:15
0;1;0;1;2022-04-26;00:42:16
0;2;0;1;2022-04-26;00:42:17
0;3;0;1;2022-04-26;00:42:18
0;4;0;1;2022-04-26;00:42:19
1;9;0;2;2022-04-26;00:42:20
0;7;0;3;2022-04-26;00:42:21
0;1;0;1;2022-04-26;00:42:22
0;4;0;1;2022-04-26;00:42:23
0;5;0;1;2022-04-26;00:42:24
0;6;0;1;2022-04-26;00:42:25
1;6;1;5;2022-04-26;00:42:26
0;2;0;1;2022-04-26;00:42:27
0;1;0;2;2022-04-26;00:42:28
0;2;0;1;2022-04-26;00:42:29
0;4;0;1;2022-04-26;00:42:30
0;6;0;1;2022-04-26;00:42:31
1;8;0;1;2022-04-26;00:42:32
0;3;0;1;2022-04-26;00:42:33
0;3;0;1;2022-04-26;00:42:34
0;1;0;1;2022-04-26;00:42:35
0;3;0;3;2022-04-26;00:42:36
0;1;0;1;2022-04-26;00:42:37
1;8;0;2;2022-04-26;00:42:38
0;4;0;1;2022-04-26;00:42:39
0;5;0;1;2022-04-26;00:42:40
0;6;0;2;2022-04-26;00:42:41
0;1;0;2;2022-04-26;00:42:42
0;5;0;2;2022-04-26;00:42:43
0;5;0;2;2022-04-26;00:42:44
0;3;0;1;2022-04-26;00:42:45
0;4;0;3;2022-04-26;00:42:46
0;4;0;1;2022-04-26;00:42:47
0;1;0;1;2022-04-26;00:42:48
0;1;0;1;2022-04-26;00:42:49
0;4;0;1;2022-04-26;00:42:50
1;8;1;5;2022-04-26;00:42:51
0;3;0;1;2022-04-26;00:42:52
0;3;0;1;2022-04-26;00:42:53
0;2;0;1;2022-04-26;00:42:54
0;1;0;1;2022-04-26;00:42:55
0;2;0;1;2022-04-26;00:42:56
0;3;0;1;2022-04-26;00:42:57
0;3;0;1;2022-04-26;00:42:58
0;4;0;1;2022-04-26;00:42:59
0;4;0;1;2022-04-26;00:43:00
0;6;0;3;2022-04-26;00:43:01
0;2;0;1;2022-04-26;00:43:02
0;2;0;1;2022-04-26;00:43:03
0;5;0;1;2022-04-26;00:43:04
0;4;0;1;2022-04-26;00:43:05
0;2;0;1;2022-04-26;00:43:06
0;2;0;1;2022-04-26;00:43:07
0;3;0;2;2022-04-26;00:43:08
0;1;0;1;2022-04-26;00:43:09
0;5;0;1;2022-04-26;00:43:10
1;7;0;3;2022-04-26;00:43:11
0;7;0;1;2022-04-26;00:43:12
0;3;0;1;2022-04-26;00:43:13
0;3;0;1;2022-04-26;00:43:14
0;1;0;1;2022-04-26;00:43:15
1;4;1;5;2022-04-26;00:43:16
0;2;0;1;2022-04-26;00:43:17
0;4;0;1;2022-04-26;00:43:18
0;4;0;1;2022-04-26;00:43:19
0;4;0;1;2022-04-26;00:43:20
0;3;0;2;2022-04-26;00:43:21
0;3;0;1;2022-04-26;00:43:22
0;3;0;1;2022-04-26;00:43:23
0;5;0;1;2022-04-26;00:43:24
0;4;0;1;2022-04-26;00:43:25
0;4;0;3;2022-04-26;00:43:26
0;3;0;1;2022-04-26;00:43:27
0;1;0;1;2022-04-26;00:43:28
0;2;0;1;2022-04-26;00:43:29
0;5;0;1;2022-04-26;00:43:30
0;4;0;1;2022-04-26;00:43:31
1;8;0;2;2022-04-26;00:43:32
0;4;0;1;2022-04-26;00:43:33
0;2;0;1;2022-04-26;00:43:34
0;1;0;1;2022-04-26;00:43:35
0;3;0;4;2022-04-26;00:43:36
0;3;0;1;2022-04-26;00:43:37
0;5;0;2;2022-04-26;00:43:38
0;6;0;1;2022-04-26;00:43:39
0;4;0;1;2022-04-26;00:43:40
2;9;1;5;2022-04-26;00:43:41
0;1;0;2;2022-04-26;00:43:42
0;3;0;1;2022-04-26;00:43:43
0;3;0;1;2022-04-26;00:43:44
0;2;0;2;2022-04-26;00:43:45
0;2;0;2;2022-04-26;00:43:46
0;4;0;1;2022-04-26;00:43:47
0;1;0;1;2022-04-26;00:43:48
0;1;0;1;2022-04-26;00:43:49
0;4;0;1;2022-04-26;00:43:50
0;5;0;3;2022-04-26;00:43:51
0;4;0;1;2022-04-26;00:43:52
0;4;0;1;2022-04-26;00:43:53
0;3;0;2;2022-04-26;00:43:54
0;1;0;1;2022-04-26;00:43:55
0;1;0;1;2022-04-26;00:43:56
0;5;0;1;2022-04-26;00:43:57
0;5;0;1;2022-04-26;00:43:58
0;6;0;1;2022-04-26;00:43:59
2;19;1;11;2022-04-26;00:44:00
1;8;2;7;2022-04-26;00:44:01
0;2;0;1;2022-04-26;00:44:02
0;4;0;1;2022-04-26;00:44:03
0;4;0;1;2022-04-26;00:44:04
0;5;0;1;2022-04-26;00:44:05
1;6;1;5;2022-04-26;00:44:06
0;1;0;1;2022-04-26;00:44:07
0;3;0;2;2022-04-26;00:44:08
0;1;0;1;2022-04-26;00:44:09
0;4;0;1;2022-04-26;00:44:10
0;6;0;1;2022-04-26;00:44:11
0;7;0;1;2022-04-26;00:44:12
0;4;0;1;2022-04-26;00:44:13
0;3;0;1;2022-04-26;00:44:14
0;2;0;1;2022-04-26;00:44:15
0;3;0;3;2022-04-26;00:44:16
0;1;0;1;2022-04-26;00:44:17
0;3;0;1;2022-04-26;00:44:18
0;5;0;1;2022-04-26;00:44:19
0;6;0;1;2022-04-26;00:44:20
0;4;0;2;2022-04-26;00:44:21
0;1;0;1;2022-04-26;00:44:22
0;6;0;1;2022-04-26;00:44:23
0;4;0;1;2022-04-26;00:44:24
0;3;0;1;2022-04-26;00:44:25
0;6;0;3;2022-04-26;00:44:26
0;3;0;1;2022-04-26;00:44:27
0;1;0;1;2022-04-26;00:44:28
0;2;0;1;2022-04-26;00:44:29
0;4;0;1;2022-04-26;00:44:30
1;8;1;5;2022-04-26;00:44:31
1;7;0;1;2022-04-26;00:44:32
0;3;0;1;2022-04-26;00:44:33
0;2;0;1;2022-04-26;00:44:34
0;2;0;1;2022-04-26;00:44:35
0;1;0;1;2022-04-26;00:44:36
0;3;0;1;2022-04-26;00:44:37
0;4;0;2;2022-04-26;00:44:38
0;6;0;1;2022-04-26;00:44:39
0;4;0;1;2022-04-26;00:44:40
1;8;0;3;2022-04-26;00:44:41
0;1;0;1;2022-04-26;00:44:42
0;3;0;1;2022-04-26;00:44:43
0;4;0;1;2022-04-26;00:44:44
0;3;0;1;2022-04-26;00:44:45
0;1;0;1;2022-04-26;00:44:46
0;1;0;1;2022-04-26;00:44:47
0;1;0;1;2022-04-26;00:44:48
0;1;0;1;2022-04-26;00:44:49
0;5;0;1;2022-04-26;00:44:50
0;6;0;3;2022-04-26;00:44:51
0;7;0;1;2022-04-26;00:44:52
0;4;0;1;2022-04-26;00:44:53
0;4;0;1;2022-04-26;00:44:54
0;1;0;1;2022-04-26;00:44:55
1;4;1;5;2022-04-26;00:44:56
0;4;0;1;2022-04-26;00:44:57
0;3;0;1;2022-04-26;00:44:58
0;3;0;1;2022-04-26;00:44:59
0;5;1;3;2022-04-26;00:45:00
0;4;0;2;2022-04-26;00:45:01
0;1;0;1;2022-04-26;00:45:02
0;3;0;1;2022-04-26;00:45:03
0;2;0;1;2022-04-26;00:45:04
0;3;0;1;2022-04-26;00:45:05
0;4;0;3;2022-04-26;00:45:06
0;1;0;1;2022-04-26;00:45:07
0;2;0;2;2022-04-26;00:45:08
0;2;0;1;2022-04-26;00:45:09
0;1;0;1;2022-04-26;00:45:10
0;1;0;1;2022-04-26;00:45:11
0;2;0;1;2022-04-26;00:45:12
0;1;0;1;2022-04-26;00:45:13
0;1;0;1;2022-04-26;00:45:14
0;2;0;1;2022-04-26;00:45:15
0;3;0;3;2022-04-26;00:45:16
0;1;0;1;2022-04-26;00:45:17
0;3;0;1;2022-04-26;00:45:18
0;2;0;1;2022-04-26;00:45:19
0;2;0;1;2022-04-26;00:45:20
1;7;1;5;2022-04-26;00:45:21
0;2;0;1;2022-04-26;00:45:22
0;3;0;1;2022-04-26;00:45:23
0;5;0;1;2022-04-26;00:45:24
0;3;0;1;2022-04-26;00:45:25
0;5;0;1;2022-04-26;00:45:26
0;3;0;1;2022-04-26;00:45:27
0;2;0;1;2022-04-26;00:45:28
0;1;0;1;2022-04-26;00:45:29
0;2;0;1;2022-04-26;00:45:30
0;3;0;3;2022-04-26;00:45:31
0;1;0;1;2022-04-26;00:45:32
0;2;0;1;2022-04-26;00:45:33
0;1;0;1;2022-04-26;00:45:34
0;1;0;1;2022-04-26;00:45:35
0;2;0;1;2022-04-26;00:45:36
0;3;0;1;2022-04-26;00:45:37
0;5;0;2;2022-04-26;00:45:38
0;5;0;1;2022-04-26;00:45:39
0;4;0;1;2022-04-26;00:45:40
0;7;0;3;2022-04-26;00:45:41
0;2;0;1;2022-04-26;00:45:42
0;3;0;1;2022-04-26;00:45:43
0;3;0;1;2022-04-26;00:45:44
0;4;0;1;2022-04-26;00:45:45
1;5;1;5;2022-04-26;00:45:46
0;2;0;1;2022-04-26;00:45:47
0;4;0;1;2022-04-26;00:45:48
0;3;0;1;2022-04-26;00:45:49
0;2;0;1;2022-04-26;00:45:50
0;2;0;1;2022-04-26;00:45:51
0;1;0;2;2022-04-26;00:45:52
0;1;0;2;2022-04-26;00:45:53
0;1;0;1;2022-04-26;00:45:54
0;1;0;1;2022-04-26;00:45:55
0;3;0;3;2022-04-26;00:45:56
0;4;0;1;2022-04-26;00:45:57
0;4;0;1;2022-04-26;00:45:58
0;5;0;1;2022-04-26;00:45:59
0;5;0;1;2022-04-26;00:46:00
2;18;1;11;2022-04-26;00:46:01
1;4;2;5;2022-04-26;00:46:02
0;4;0;1;2022-04-26;00:46:03
0;4;0;1;2022-04-26;00:46:04
0;3;0;1;2022-04-26;00:46:05
0;5;0;3;2022-04-26;00:46:06
0;2;0;1;2022-04-26;00:46:07
0;2;0;2;2022-04-26;00:46:08
0;1;0;1;2022-04-26;00:46:09
0;1;0;1;2022-04-26;00:46:10
1;4;1;5;2022-04-26;00:46:11
0;2;0;2;2022-04-26;00:46:12
0;1;0;2;2022-04-26;00:46:13
0;1;0;2;2022-04-26;00:46:14
0;2;0;1;2022-04-26;00:46:15
0;1;0;1;2022-04-26;00:46:16
0;2;0;1;2022-04-26;00:46:17
0;5;0;1;2022-04-26;00:46:18
0;6;0;1;2022-04-26;00:46:19
0;4;0;1;2022-04-26;00:46:20
1;7;0;3;2022-04-26;00:46:21
0;2;0;1;2022-04-26;00:46:22
0;5;0;1;2022-04-26;00:46:23
1;7;0;1;2022-04-26;00:46:24
0;6;0;1;2022-04-26;00:46:25
0;3;0;2;2022-04-26;00:46:26
0;4;0;1;2022-04-26;00:46:27
0;1;0;1;2022-04-26;00:46:28
0;1;0;1;2022-04-26;00:46:29
0;2;0;1;2022-04-26;00:46:30
0;3;0;3;2022-04-26;00:46:31
0;1;0;1;2022-04-26;00:46:32
0;2;0;1;2022-04-26;00:46:33
0;1;0;1;2022-04-26;00:46:34
0;1;0;1;2022-04-26;00:46:35
1;5;1;5;2022-04-26;00:46:36
0;2;0;1;2022-04-26;00:46:37
0;3;0;2;2022-04-26;00:46:38
0;2;0;1;2022-04-26;00:46:39
0;6;0;4;2022-04-26;00:46:40
0;2;0;1;2022-04-26;00:46:41
0;2;0;1;2022-04-26;00:46:42
0;2;0;1;2022-04-26;00:46:43
0;2;0;1;2022-04-26;00:46:44
1;8;0;4;2022-04-26;00:46:45
0;6;0;3;2022-04-26;00:46:46
0;4;0;1;2022-04-26;00:46:47
0;2;0;1;2022-04-26;00:46:48
0;1;0;1;2022-04-26;00:46:49
0;1;0;1;2022-04-26;00:46:50
0;2;0;1;2022-04-26;00:46:51
0;1;0;1;2022-04-26;00:46:52
0;1;0;1;2022-04-26;00:46:53
0;2;0;1;2022-04-26;00:46:54
0;1;0;1;2022-04-26;00:46:55
0;3;0;3;2022-04-26;00:46:56
0;5;0;1;2022-04-26;00:46:57
0;4;0;1;2022-04-26;00:46:58
0;5;0;1;2022-04-26;00:46:59
0;6;0;1;2022-04-26;00:47:00
1;7;1;5;2022-04-26;00:47:01
0;1;0;1;2022-04-26;00:47:02
0;4;0;1;2022-04-26;00:47:03
0;4;0;1;2022-04-26;00:47:04
0;5;0;1;2022-04-26;00:47:05
0;4;0;1;2022-04-26;00:47:06
0;3;0;1;2022-04-26;00:47:07
0;2;0;2;2022-04-26;00:47:08
0;2;0;1;2022-04-26;00:47:09
0;1;0;1;2022-04-26;00:47:10
0;3;0;4;2022-04-26;00:47:11
0;2;0;2;2022-04-26;00:47:12
0;1;0;2;2022-04-26;00:47:13
0;1;0;2;2022-04-26;00:47:14
0;2;0;2;2022-04-26;00:47:15
0;1;0;2;2022-04-26;00:47:16
0;1;0;2;2022-04-26;00:47:17
0;5;0;1;2022-04-26;00:47:18
0;5;0;1;2022-04-26;00:47:19
0;5;0;1;2022-04-26;00:47:20
1;7;1;4;2022-04-26;00:47:21
0;2;0;1;2022-04-26;00:47:22
0;4;0;1;2022-04-26;00:47:23
0;4;0;1;2022-04-26;00:47:24
0;4;0;1;2022-04-26;00:47:25
1;6;1;5;2022-04-26;00:47:26
0;5;0;1;2022-04-26;00:47:27
0;1;0;1;2022-04-26;00:47:28
0;1;0;1;2022-04-26;00:47:29
0;2;0;1;2022-04-26;00:47:30
0;1;0;1;2022-04-26;00:47:31
0;1;0;2;2022-04-26;00:47:32
0;2;0;2;2022-04-26;00:47:33
0;1;0;1;2022-04-26;00:47:34
0;1;0;1;2022-04-26;00:47:35
0;4;0;3;2022-04-26;00:47:36
0;3;0;1;2022-04-26;00:47:37
0;7;0;2;2022-04-26;00:47:38
0;5;0;1;2022-04-26;00:47:39
0;5;0;1;2022-04-26;00:47:40
0;5;0;1;2022-04-26;00:47:41
0;2;0;1;2022-04-26;00:47:42
1;6;0;1;2022-04-26;00:47:43
0;5;0;1;2022-04-26;00:47:44
0;4;0;1;2022-04-26;00:47:45
0;6;0;3;2022-04-26;00:47:46
0;3;0;1;2022-04-26;00:47:47
0;5;0;1;2022-04-26;00:47:48
0;3;0;1;2022-04-26;00:47:49
0;2;0;1;2022-04-26;00:47:50
1;5;1;5;2022-04-26;00:47:51
0;1;0;1;2022-04-26;00:47:52
0;1;0;1;2022-04-26;00:47:53
0;2;0;1;2022-04-26;00:47:54
0;1;0;1;2022-04-26;00:47:55
0;1;0;1;2022-04-26;00:47:56
0;5;0;1;2022-04-26;00:47:57
0;5;0;1;2022-04-26;00:47:58
0;4;0;1;2022-04-26;00:47:59
0;6;0;1;2022-04-26;00:48:00
2;20;1;13;2022-04-26;00:48:01
1;3;2;4;2022-04-26;00:48:02
0;2;0;2;2022-04-26;00:48:03
0;4;0;1;2022-04-26;00:48:04
0;5;0;1;2022-04-26;00:48:05
0;5;0;2;2022-04-26;00:48:06
0;5;0;2;2022-04-26;00:48:07
0;2;0;3;2022-04-26;00:48:08
0;2;0;2;2022-04-26;00:48:09
0;1;0;1;2022-04-26;00:48:10
0;2;0;2;2022-04-26;00:48:11
0;2;0;1;2022-04-26;00:48:12
0;2;0;2;2022-04-26;00:48:13
0;1;0;1;2022-04-26;00:48:14
0;2;0;1;2022-04-26;00:48:15
1;4;1;5;2022-04-26;00:48:16
0;2;0;1;2022-04-26;00:48:17
0;5;0;1;2022-04-26;00:48:18
0;5;0;1;2022-04-26;00:48:19
0;5;0;1;2022-04-26;00:48:20
0;5;0;1;2022-04-26;00:48:21
0;2;0;1;2022-04-26;00:48:22
0;2;0;1;2022-04-26;00:48:23
0;4;0;1;2022-04-26;00:48:24
0;6;0;1;2022-04-26;00:48:25
0;7;0;3;2022-04-26;00:48:26
0;4;0;1;2022-04-26;00:48:27
0;1;0;1;2022-04-26;00:48:28
0;1;0;1;2022-04-26;00:48:29
0;2;0;1;2022-04-26;00:48:30
0;1;0;1;2022-04-26;00:48:31
0;1;0;1;2022-04-26;00:48:32
0;2;0;1;2022-04-26;00:48:33
0;1;0;1;2022-04-26;00:48:34
0;1;0;1;2022-04-26;00:48:35
0;4;0;3;2022-04-26;00:48:36
0;4;0;1;2022-04-26;00:48:37
0;5;0;2;2022-04-26;00:48:38
0;6;0;1;2022-04-26;00:48:39
0;4;0;1;2022-04-26;00:48:40
1;7;1;5;2022-04-26;00:48:41
0;3;0;1;2022-04-26;00:48:42
0;7;0;1;2022-04-26;00:48:43
0;5;0;1;2022-04-26;00:48:44
0;6;0;1;2022-04-26;00:48:45
0;3;0;1;2022-04-26;00:48:46
0;3;0;1;2022-04-26;00:48:47
0;2;0;1;2022-04-26;00:48:48
0;1;0;1;2022-04-26;00:48:49
0;1;0;1;2022-04-26;00:48:50
0;4;0;3;2022-04-26;00:48:51
0;1;0;1;2022-04-26;00:48:52
0;1;0;1;2022-04-26;00:48:53
0;2;0;1;2022-04-26;00:48:54
0;1;0;1;2022-04-26;00:48:55
0;1;0;1;2022-04-26;00:48:56
0;1;0;1;2022-04-26;00:48:57
0;3;0;1;2022-04-26;00:48:58
0;5;0;1;2022-04-26;00:48:59
0;6;0;1;2022-04-26;00:49:00
0;5;0;3;2022-04-26;00:49:01
0;2;0;2;2022-04-26;00:49:02
0;4;0;2;2022-04-26;00:49:03
0;4;0;1;2022-04-26;00:49:04
0;6;0;2;2022-04-26;00:49:05
2;8;1;6;2022-04-26;00:49:06
0;3;0;2;2022-04-26;00:49:07
0;2;0;3;2022-04-26;00:49:08
0;2;0;2;2022-04-26;00:49:09
0;1;0;1;2022-04-26;00:49:10
0;1;0;1;2022-04-26;00:49:11
0;2;0;1;2022-04-26;00:49:12
0;1;0;1;2022-04-26;00:49:13
0;1;0;2;2022-04-26;00:49:14
0;2;0;2;2022-04-26;00:49:15
0;3;0;3;2022-04-26;00:49:16
0;1;0;1;2022-04-26;00:49:17
1;8;0;1;2022-04-26;00:49:18
0;3;0;1;2022-04-26;00:49:19
0;5;0;1;2022-04-26;00:49:20
0;6;0;1;2022-04-26;00:49:21
0;1;0;1;2022-04-26;00:49:22
0;3;0;1;2022-04-26;00:49:23
1;7;0;1;2022-04-26;00:49:24
0;4;0;1;2022-04-26;00:49:25
0;5;0;4;2022-04-26;00:49:26
0;4;0;1;2022-04-26;00:49:27
0;1;0;1;2022-04-26;00:49:28
0;1;0;1;2022-04-26;00:49:29
0;2;0;1;2022-04-26;00:49:30
1;4;1;5;2022-04-26;00:49:31
0;1;0;1;2022-04-26;00:49:32
0;1;0;1;2022-04-26;00:49:33
0;1;0;1;2022-04-26;00:49:34
0;1;0;1;2022-04-26;00:49:35
0;1;0;1;2022-04-26;00:49:36
0;3;0;1;2022-04-26;00:49:37
0;5;0;2;2022-04-26;00:49:38
0;5;0;1;2022-04-26;00:49:39
0;5;0;1;2022-04-26;00:49:40
0;7;0;3;2022-04-26;00:49:41
0;2;0;1;2022-04-26;00:49:42
0;2;0;1;2022-04-26;00:49:43
1;7;0;1;2022-04-26;00:49:44
1;5;0;1;2022-04-26;00:49:45
0;5;0;1;2022-04-26;00:49:46
0;3;0;1;2022-04-26;00:49:47
0;2;0;1;2022-04-26;00:49:48
0;1;0;1;2022-04-26;00:49:49
0;1;0;1;2022-04-26;00:49:50
0;4;0;3;2022-04-26;00:49:51
0;1;0;1;2022-04-26;00:49:52
0;1;0;1;2022-04-26;00:49:53
0;2;0;1;2022-04-26;00:49:54
0;1;0;1;2022-04-26;00:49:55
1;4;1;5;2022-04-26;00:49:56
0;4;0;1;2022-04-26;00:49:57
0;3;0;1;2022-04-26;00:49:58
0;3;0;1;2022-04-26;00:49:59
0;4;0;1;2022-04-26;00:50:00
0;4;0;1;2022-04-26;00:50:01
2;15;1;11;2022-04-26;00:50:02
1;7;2;5;2022-04-26;00:50:03
0;4;0;1;2022-04-26;00:50:04
0;5;0;1;2022-04-26;00:50:05
0;5;0;2;2022-04-26;00:50:06
0;3;0;1;2022-04-26;00:50:07
0;2;0;2;2022-04-26;00:50:08
0;2;0;1;2022-04-26;00:50:09
0;1;0;1;2022-04-26;00:50:10
0;1;0;1;2022-04-26;00:50:11
0;2;0;1;2022-04-26;00:50:12
0;2;0;2;2022-04-26;00:50:13
0;1;0;1;2022-04-26;00:50:14
0;2;0;1;2022-04-26;00:50:15
0;2;0;2;2022-04-26;00:50:16
0;1;0;1;2022-04-26;00:50:17
0;7;0;1;2022-04-26;00:50:18
0;3;0;1;2022-04-26;00:50:19
0;5;0;1;2022-04-26;00:50:20
2;8;1;5;2022-04-26;00:50:21
0;2;0;1;2022-04-26;00:50:22
0;4;1;3;2022-04-26;00:50:23
0;6;0;1;2022-04-26;00:50:24
0;2;0;1;2022-04-26;00:50:25
0;4;0;1;2022-04-26;00:50:26
0;4;0;1;2022-04-26;00:50:27
0;1;0;1;2022-04-26;00:50:28
0;1;0;1;2022-04-26;00:50:29
0;2;0;1;2022-04-26;00:50:30
0;3;0;3;2022-04-26;00:50:31
0;1;0;1;2022-04-26;00:50:32
0;2;0;1;2022-04-26;00:50:33
0;1;0;1;2022-04-26;00:50:34
0;1;0;1;2022-04-26;00:50:35
0;2;0;1;2022-04-26;00:50:36
0;2;0;1;2022-04-26;00:50:37
0;5;0;2;2022-04-26;00:50:38
0;4;0;1;2022-04-26;00:50:39
0;3;0;1;2022-04-26;00:50:40
0;6;0;3;2022-04-26;00:50:41
0;2;0;1;2022-04-26;00:50:42
0;3;0;1;2022-04-26;00:50:43
0;3;0;1;2022-04-26;00:50:44
0;5;0;1;2022-04-26;00:50:45
1;4;1;5;2022-04-26;00:50:46
0;3;0;1;2022-04-26;00:50:47
0;1;0;1;2022-04-26;00:50:48
0;1;0;1;2022-04-26;00:50:49
0;1;0;1;2022-04-26;00:50:50
0;2;0;1;2022-04-26;00:50:51
0;1;0;1;2022-04-26;00:50:52
0;1;0;1;2022-04-26;00:50:53
0;2;0;1;2022-04-26;00:50:54
0;1;0;1;2022-04-26;00:50:55
0;3;0;3;2022-04-26;00:50:56
0;3;0;1;2022-04-26;00:50:57
0;3;0;1;2022-04-26;00:50:58
0;4;0;1;2022-04-26;00:50:59
0;5;0;1;2022-04-26;00:51:00
0;3;0;1;2022-04-26;00:51:01
0;1;0;1;2022-04-26;00:51:02
0;4;0;1;2022-04-26;00:51:03
0;3;0;1;2022-04-26;00:51:04
0;3;0;1;2022-04-26;00:51:05
0;4;0;3;2022-04-26;00:51:06
0;1;0;1;2022-04-26;00:51:07
0;2;0;3;2022-04-26;00:51:08
0;2;0;2;2022-04-26;00:51:09
0;1;0;1;2022-04-26;00:51:10
1;3;1;5;2022-04-26;00:51:11
0;5;0;1;2022-04-26;00:51:12
0;3;0;1;2022-04-26;00:51:13
0;4;0;1;2022-04-26;00:51:14
0;5;0;1;2022-04-26;00:51:15
0;3;0;1;2022-04-26;00:51:16
0;2;0;1;2022-04-26;00:51:17
0;5;0;1;2022-04-26;00:51:18
0;4;0;1;2022-04-26;00:51:19
0;5;0;1;2022-04-26;00:51:20
0;4;0;3;2022-04-26;00:51:21
0;1;0;1;2022-04-26;00:51:22
0;4;0;1;2022-04-26;00:51:23
0;6;0;1;2022-04-26;00:51:24
0;5;0;1;2022-04-26;00:51:25
0;3;0;1;2022-04-26;00:51:26
0;4;0;1;2022-04-26;00:51:27
0;1;0;1;2022-04-26;00:51:28
0;1;0;1;2022-04-26;00:51:29
0;2;0;1;2022-04-26;00:51:30
0;3;0;3;2022-04-26;00:51:31
0;1;0;1;2022-04-26;00:51:32
1;4;0;3;2022-04-26;00:51:33
0;1;0;1;2022-04-26;00:51:34
0;3;0;1;2022-04-26;00:51:35
1;4;1;4;2022-04-26;00:51:36
1;4;0;2;2022-04-26;00:51:37
0;8;0;4;2022-04-26;00:51:38
1;7;0;1;2022-04-26;00:51:39
0;6;0;1;2022-04-26;00:51:40
0;1;0;1;2022-04-26;00:51:41
0;2;0;1;2022-04-26;00:51:42
0;4;0;1;2022-04-26;00:51:43
0;6;0;1;2022-04-26;00:51:44
0;4;0;1;2022-04-26;00:51:45
0;4;0;2;2022-04-26;00:51:46
0;4;0;2;2022-04-26;00:51:47
0;2;0;1;2022-04-26;00:51:48
0;1;0;1;2022-04-26;00:51:49
0;1;0;1;2022-04-26;00:51:50
0;2;0;1;2022-04-26;00:51:51
0;1;0;1;2022-04-26;00:51:52
0;3;0;2;2022-04-26;00:51:53
0;2;0;1;2022-04-26;00:51:54
0;1;0;1;2022-04-26;00:51:55
0;4;0;2;2022-04-26;00:51:56
1;7;0;2;2022-04-26;00:51:57
0;5;0;2;2022-04-26;00:51:58
0;5;0;1;2022-04-26;00:51:59
0;6;0;1;2022-04-26;00:52:00
0;2;0;1;2022-04-26;00:52:01
3;18;2;15;2022-04-26;00:52:02
0;3;0;1;2022-04-26;00:52:03
1;9;2;5;2022-04-26;00:52:04
0;5;0;1;2022-04-26;00:52:05
0;4;0;1;2022-04-26;00:52:06
0;3;0;1;2022-04-26;00:52:07
0;2;0;2;2022-04-26;00:52:08
0;2;0;1;2022-04-26;00:52:09
0;1;0;1;2022-04-26;00:52:10
0;1;0;1;2022-04-26;00:52:11
0;3;0;2;2022-04-26;00:52:12
0;1;0;1;2022-04-26;00:52:13
0;2;0;2;2022-04-26;00:52:14
0;1;0;1;2022-04-26;00:52:15
0;1;0;1;2022-04-26;00:52:16
0;7;0;1;2022-04-26;00:52:17
0;5;0;1;2022-04-26;00:52:18
0;4;0;1;2022-04-26;00:52:19
0;4;0;1;2022-04-26;00:52:20
0;3;0;1;2022-04-26;00:52:21
0;2;0;2;2022-04-26;00:52:22
0;4;0;1;2022-04-26;00:52:23
1;8;0;2;2022-04-26;00:52:24
0;3;0;1;2022-04-26;00:52:25
0;2;0;1;2022-04-26;00:52:26
1;6;1;5;2022-04-26;00:52:27
0;1;0;1;2022-04-26;00:52:28
0;1;0;1;2022-04-26;00:52:29
0;2;0;1;2022-04-26;00:52:30
0;1;0;1;2022-04-26;00:52:31
0;1;0;1;2022-04-26;00:52:32
0;2;0;1;2022-04-26;00:52:33
0;1;0;1;2022-04-26;00:52:34
0;1;0;1;2022-04-26;00:52:35
0;2;0;1;2022-04-26;00:52:36
1;9;0;3;2022-04-26;00:52:37
0;6;0;2;2022-04-26;00:52:38
0;6;0;1;2022-04-26;00:52:39
0;3;0;1;2022-04-26;00:52:40
0;3;0;1;2022-04-26;00:52:41
0;2;0;1;2022-04-26;00:52:42
0;1;0;1;2022-04-26;00:52:43
0;1;0;1;2022-04-26;00:52:44
0;1;0;1;2022-04-26;00:52:45
0;1;0;1;2022-04-26;00:52:46
0;3;0;3;2022-04-26;00:52:47
0;2;0;1;2022-04-26;00:52:48
0;1;0;1;2022-04-26;00:52:49
0;1;0;1;2022-04-26;00:52:50
0;2;0;2;2022-04-26;00:52:51
1;4;1;5;2022-04-26;00:52:52
0;1;0;1;2022-04-26;00:52:53
0;2;0;1;2022-04-26;00:52:54
0;1;0;1;2022-04-26;00:52:55
0;1;0;1;2022-04-26;00:52:56
0;6;0;1;2022-04-26;00:52:57
0;3;0;1;2022-04-26;00:52:58
0;5;0;1;2022-04-26;00:52:59
0;4;0;1;2022-04-26;00:53:00
0;3;0;1;2022-04-26;00:53:01
0;3;0;3;2022-04-26;00:53:02
0;4;1;3;2022-04-26;00:53:03
0;6;0;1;2022-04-26;00:53:04
0;5;0;1;2022-04-26;00:53:05
0;4;0;1;2022-04-26;00:53:06
0;2;0;1;2022-04-26;00:53:07
0;3;0;2;2022-04-26;00:53:08
0;5;0;1;2022-04-26;00:53:09
0;5;0;1;2022-04-26;00:53:10
0;5;0;1;2022-04-26;00:53:11
1;10;0;3;2022-04-26;00:53:12
0;1;0;1;2022-04-26;00:53:13
0;1;0;1;2022-04-26;00:53:14
0;1;0;1;2022-04-26;00:53:15
0;1;0;1;2022-04-26;00:53:16
1;4;1;5;2022-04-26;00:53:17
0;6;0;1;2022-04-26;00:53:18
0;3;0;1;2022-04-26;00:53:19
0;3;0;1;2022-04-26;00:53:20
0;6;0;1;2022-04-26;00:53:21
0;1;0;1;2022-04-26;00:53:22
0;3;0;1;2022-04-26;00:53:23
1;7;0;1;2022-04-26;00:53:24
0;4;0;1;2022-04-26;00:53:25
0;1;0;1;2022-04-26;00:53:26
0;5;0;3;2022-04-26;00:53:27
0;2;0;1;2022-04-26;00:53:28
0;1;0;1;2022-04-26;00:53:29
0;2;0;1;2022-04-26;00:53:30
0;1;0;1;2022-04-26;00:53:31
0;1;0;1;2022-04-26;00:53:32
0;2;0;1;2022-04-26;00:53:33
0;1;0;1;2022-04-26;00:53:34
0;1;0;1;2022-04-26;00:53:35
0;2;0;1;2022-04-26;00:53:36
0;5;0;3;2022-04-26;00:53:37
0;6;0;2;2022-04-26;00:53:38
0;6;0;1;2022-04-26;00:53:39
0;3;0;1;2022-04-26;00:53:40
0;3;0;1;2022-04-26;00:53:41
1;5;1;5;2022-04-26;00:53:42
0;1;0;1;2022-04-26;00:53:43
0;4;0;1;2022-04-26;00:53:44
0;2;0;1;2022-04-26;00:53:45
0;2;0;1;2022-04-26;00:53:46
0;3;0;1;2022-04-26;00:53:47
0;2;0;1;2022-04-26;00:53:48
0;1;0;1;2022-04-26;00:53:49
0;1;0;1;2022-04-26;00:53:50
0;2;0;1;2022-04-26;00:53:51
0;3;0;3;2022-04-26;00:53:52
0;1;0;1;2022-04-26;00:53:53
0;2;0;1;2022-04-26;00:53:54
0;1;0;1;2022-04-26;00:53:55
0;1;0;1;2022-04-26;00:53:56
0;4;0;1;2022-04-26;00:53:57
0;5;0;1;2022-04-26;00:53:58
0;2;0;1;2022-04-26;00:53:59
0;4;0;1;2022-04-26;00:54:00
0;3;0;1;2022-04-26;00:54:01
0;3;0;3;2022-04-26;00:54:02
0;5;0;2;2022-04-26;00:54:03
0;7;0;1;2022-04-26;00:54:04
0;5;0;1;2022-04-26;00:54:05
0;4;0;1;2022-04-26;00:54:06
1;7;1;7;2022-04-26;00:54:07
0;2;0;2;2022-04-26;00:54:08
0;2;0;1;2022-04-26;00:54:09
0;1;0;1;2022-04-26;00:54:10
0;1;0;1;2022-04-26;00:54:11
0;2;0;1;2022-04-26;00:54:12
0;1;0;1;2022-04-26;00:54:13
0;1;0;1;2022-04-26;00:54:14
0;1;0;1;2022-04-26;00:54:15
0;1;0;1;2022-04-26;00:54:16
0;6;0;2;2022-04-26;00:54:17
1;7;0;1;2022-04-26;00:54:18
0;4;0;1;2022-04-26;00:54:19
1;6;0;1;2022-04-26;00:54:20
0;4;0;1;2022-04-26;00:54:21
0;1;0;1;2022-04-26;00:54:22
0;3;0;1;2022-04-26;00:54:23
0;6;0;1;2022-04-26;00:54:24
0;4;0;2;2022-04-26;00:54:25
0;6;0;1;2022-04-26;00:54:26
1;8;0;2;2022-04-26;00:54:27
0;3;0;1;2022-04-26;00:54:28
0;3;0;1;2022-04-26;00:54:29
0;2;0;1;2022-04-26;00:54:30
0;1;0;1;2022-04-26;00:54:31
1;6;1;6;2022-04-26;00:54:32
1;3;1;2;2022-04-26;00:54:33
0;1;0;1;2022-04-26;00:54:34
0;1;0;1;2022-04-26;00:54:35
0;2;0;1;2022-04-26;00:54:36
0;6;0;1;2022-04-26;00:54:37
1;11;0;3;2022-04-26;00:54:38
1;7;0;2;2022-04-26;00:54:39
0;4;0;2;2022-04-26;00:54:40
0;4;0;2;2022-04-26;00:54:41
0;4;0;3;2022-04-26;00:54:42
0;4;0;1;2022-04-26;00:54:43
0;7;0;1;2022-04-26;00:54:44
1;7;0;1;2022-04-26;00:54:45
0;2;0;1;2022-04-26;00:54:46
0;4;0;1;2022-04-26;00:54:47
0;2;0;1;2022-04-26;00:54:48
0;1;0;1;2022-04-26;00:54:49
0;1;0;1;2022-04-26;00:54:50
0;2;0;1;2022-04-26;00:54:51
0;3;0;3;2022-04-26;00:54:52
0;1;0;1;2022-04-26;00:54:53
0;1;0;1;2022-04-26;00:54:54
0;1;0;1;2022-04-26;00:54:55
0;1;0;1;2022-04-26;00:54:56
2;10;1;5;2022-04-26;00:54:57
0;8;0;2;2022-04-26;00:54:58
0;5;0;1;2022-04-26;00:54:59
0;5;0;1;2022-04-26;00:55:00
0;4;0;1;2022-04-26;00:55:01
0;1;0;1;2022-04-26;00:55:02
0;4;0;1;2022-04-26;00:55:03
0;6;0;1;2022-04-26;00:55:04
0;3;0;1;2022-04-26;00:55:05
0;3;0;1;2022-04-26;00:55:06
0;5;0;3;2022-04-26;00:55:07
0;3;0;2;2022-04-26;00:55:08
0;3;0;1;2022-04-26;00:55:09
0;1;0;1;2022-04-26;00:55:10
0;1;0;1;2022-04-26;00:55:11
0;2;0;1;2022-04-26;00:55:12
0;1;0;1;2022-04-26;00:55:13
0;1;0;1;2022-04-26;00:55:14
0;2;0;1;2022-04-26;00:55:15
0;1;0;1;2022-04-26;00:55:16
1;9;0;3;2022-04-26;00:55:17
1;8;0;1;2022-04-26;00:55:18
0;5;0;1;2022-04-26;00:55:19
0;4;0;1;2022-04-26;00:55:20
0;5;0;1;2022-04-26;00:55:21
1;4;1;6;2022-04-26;00:55:22
0;3;0;1;2022-04-26;00:55:23
0;6;0;1;2022-04-26;00:55:24
0;3;0;1;2022-04-26;00:55:25
0;6;0;1;2022-04-26;00:55:26
0;5;0;1;2022-04-26;00:55:27
0;4;0;1;2022-04-26;00:55:28
0;5;0;1;2022-04-26;00:55:29
0;2;0;1;2022-04-26;00:55:30
0;1;0;1;2022-04-26;00:55:31
0;3;0;3;2022-04-26;00:55:32
0;2;0;1;2022-04-26;00:55:33
0;1;0;1;2022-04-26;00:55:34
0;1;0;1;2022-04-26;00:55:35
0;1;0;1;2022-04-26;00:55:36
0;1;0;1;2022-04-26;00:55:37
1;10;0;2;2022-04-26;00:55:38
0;6;0;1;2022-04-26;00:55:39
0;6;0;1;2022-04-26;00:55:40
0;7;0;1;2022-04-26;00:55:41
0;4;0;3;2022-04-26;00:55:42
0;1;0;1;2022-04-26;00:55:43
0;8;0;2;2022-04-26;00:55:44
0;5;0;1;2022-04-26;00:55:45
0;5;0;1;2022-04-26;00:55:46
1;8;1;5;2022-04-26;00:55:47
0;3;0;1;2022-04-26;00:55:48
0;2;0;1;2022-04-26;00:55:49
0;2;0;1;2022-04-26;00:55:50
0;2;0;1;2022-04-26;00:55:51
0;1;0;1;2022-04-26;00:55:52
0;1;0;1;2022-04-26;00:55:53
0;2;0;1;2022-04-26;00:55:54
0;1;0;1;2022-04-26;00:55:55
0;1;0;1;2022-04-26;00:55:56
0;7;0;3;2022-04-26;00:55:57
1;9;0;1;2022-04-26;00:55:58
0;5;0;1;2022-04-26;00:55:59
0;5;0;1;2022-04-26;00:56:00
0;4;0;1;2022-04-26;00:56:01
0;2;0;1;2022-04-26;00:56:02
0;4;0;1;2022-04-26;00:56:03
0;3;0;1;2022-04-26;00:56:04
0;3;0;1;2022-04-26;00:56:05
0;3;0;1;2022-04-26;00:56:06
0;6;0;3;2022-04-26;00:56:07
0;3;0;2;2022-04-26;00:56:08
0;3;0;2;2022-04-26;00:56:09
0;1;0;1;2022-04-26;00:56:10
0;1;0;1;2022-04-26;00:56:11
1;5;1;5;2022-04-26;00:56:12
0;1;0;1;2022-04-26;00:56:13
0;1;0;1;2022-04-26;00:56:14
0;2;0;1;2022-04-26;00:56:15
0;2;0;1;2022-04-26;00:56:16
0;7;0;1;2022-04-26;00:56:17
1;8;0;1;2022-04-26;00:56:18
0;5;0;1;2022-04-26;00:56:19
0;4;0;1;2022-04-26;00:56:20
0;5;0;1;2022-04-26;00:56:21
0;3;0;4;2022-04-26;00:56:22
0;6;0;1;2022-04-26;00:56:23
1;10;0;1;2022-04-26;00:56:24
0;6;0;1;2022-04-26;00:56:25
0;4;0;1;2022-04-26;00:56:26
0;5;0;1;2022-04-26;00:56:27
0;1;0;1;2022-04-26;00:56:28
0;1;0;1;2022-04-26;00:56:29
0;2;0;1;2022-04-26;00:56:30
0;1;0;1;2022-04-26;00:56:31
0;3;0;3;2022-04-26;00:56:32
0;1;0;1;2022-04-26;00:56:33
0;1;0;1;2022-04-26;00:56:34
0;1;0;1;2022-04-26;00:56:35
0;2;0;1;2022-04-26;00:56:36
1;4;1;5;2022-04-26;00:56:37
0;6;0;2;2022-04-26;00:56:38
0;5;0;1;2022-04-26;00:56:39
0;4;0;1;2022-04-26;00:56:40
0;3;0;2;2022-04-26;00:56:41
0;2;0;1;2022-04-26;00:56:42
0;5;0;1;2022-04-26;00:56:43
0;4;0;1;2022-04-26;00:56:44
0;5;0;1;2022-04-26;00:56:45
0;1;0;1;2022-04-26;00:56:46
0;4;0;3;2022-04-26;00:56:47
0;3;0;1;2022-04-26;00:56:48
0;2;0;1;2022-04-26;00:56:49
0;3;0;3;2022-04-26;00:56:50
