device_id;attr;value;ts
70645f;temperatura;3;2022-04-25T19:02:34.964Z
70645f;umidade;64;2022-04-25T19:02:34.964Z
70645f;tempo;1650913352920689700;2022-04-25T19:02:34.964Z
70645f;ddata;"1479626031,1895,2435,928722,1063358,344,287,108806,307576,344,287,108806,304680,286,344,179725,171070,1402,1770,821076,985167,1773,1412,620469,1390693,345,275,105128,302252,273,345,177230,165944,2366,1775,613594,1273122,3870,5124,1669523,2185488,296,365,174976,193695,367,296,121659,293712";2022-04-25T19:02:34.964Z
70645f;temperatura;6;2022-04-25T19:02:35.773Z
70645f;umidade;80;2022-04-25T19:02:35.773Z
70645f;tempo;1650913354093950000;2022-04-25T19:02:35.773Z
70645f;data;"1479626031,1895,2435,928722,1063358,344,287,108806,307576,344,287,108806,304680,286,344,179725,171070,1402,1770,821076,985167,1773,1412,620469,1390693,345,275,105128,302252,273,345,177230,165944,2366,1775,613594,1273122,3870,5124,1669523,2185488,296,365,174976,193695,367,296,121659,293712";2022-04-25T19:02:35.773Z
70645f;temperatura;25;2022-04-25T19:03:05.189Z
70645f;umidade;91;2022-04-25T19:03:05.189Z
70645f;tempo;1650913383589626000;2022-04-25T19:03:05.189Z
70645f;data;"1479626038,4886,6091,2449410,3732594,4582,3713,1794981,2990025,4586,3714,1793581,2993346,3703,4589,1800108,2836555,4059,5043,2112857,3033260,5031,4060,1932923,3527605,4502,3707,1721892,3063693,3696,4505,1847872,2697197,6010,4796,2272082,4102361,5906,7426,3082214,4331494,3483,4223,1705307,2557549,4167,3487,1603670,2822663";2022-04-25T19:03:05.189Z
70645f;temperatura;14;2022-04-25T19:03:06.313Z
70645f;umidade;62;2022-04-25T19:03:06.313Z
70645f;tempo;1650913384649342000;2022-04-25T19:03:06.313Z
70645f;data;"1479626038,4886,6091,2449410,3732594,4582,3713,1794981,2990025,4586,3714,1793581,2993346,3703,4589,1800108,2836555,4059,5043,2112857,3033260,5031,4060,1932923,3527605,4502,3707,1721892,3063693,3696,4505,1847872,2697197,6010,4796,2272082,4102361,5906,7426,3082214,4331494,3483,4223,1705307,2557549,4167,3487,1603670,2822663";2022-04-25T19:03:06.313Z
70645f;temperatura;23;2022-04-25T19:03:35.705Z
70645f;umidade;7;2022-04-25T19:03:35.705Z
70645f;tempo;1650913414133091600;2022-04-25T19:03:35.705Z
70645f;data;"1479626041,3856,4937,2082394,2871737,3496,2759,1285743,2458062,3459,2759,1235098,2459510,2757,3451,1476314,1919584,4067,5160,2124576,3132168,5127,4086,1991103,3579872,3471,2759,1298489,2440736,2750,3464,1454770,2043716,4925,3897,1897087,3489377,4989,6250,2743505,3692388,2756,3491,1464216,1996217,3500,2755,1272053,2442247";2022-04-25T19:03:35.705Z
70645f;temperatura;35;2022-04-25T19:03:36.862Z
70645f;umidade;90;2022-04-25T19:03:36.862Z
70645f;tempo;1650913415190851800;2022-04-25T19:03:36.862Z
70645f;data;"1479626041,3856,4937,2082394,2871737,3496,2759,1285743,2458062,3459,2759,1235098,2459510,2757,3451,1476314,1919584,4067,5160,2124576,3132168,5127,4086,1991103,3579872,3471,2759,1298489,2440736,2750,3464,1454770,2043716,4925,3897,1897087,3489377,4989,6250,2743505,3692388,2756,3491,1464216,1996217,3500,2755,1272053,2442247";2022-04-25T19:03:36.862Z
70645f;temperatura;23;2022-04-25T19:04:06.271Z
70645f;umidade;37;2022-04-25T19:04:06.271Z
70645f;tempo;1650913444672424700;2022-04-25T19:04:06.271Z
70645f;data;"1479626042,4148,5164,2302054,2947672,3690,2995,1346051,2776922,3686,2995,1370419,2768234,2996,3689,1653936,2129797,3881,4967,2143294,2835046,4955,3859,1797154,3557681,3613,2907,1277680,2680044,2917,3623,1609549,1981318,5114,4063,1798387,3783427,5172,6548,2873772,3580065,2957,3579,1619376,2006284,3565,2927,1286837,2663940";2022-04-25T19:04:06.271Z
70645f;temperatura;10;2022-04-25T19:04:07.407Z
70645f;umidade;24;2022-04-25T19:04:07.407Z
70645f;tempo;1650913445739425000;2022-04-25T19:04:07.407Z
70645f;data;"1479626042,4148,5164,2302054,2947672,3690,2995,1346051,2776922,3686,2995,1370419,2768234,2996,3689,1653936,2129797,3881,4967,2143294,2835046,4955,3859,1797154,3557681,3613,2907,1277680,2680044,2917,3623,1609549,1981318,5114,4063,1798387,3783427,5172,6548,2873772,3580065,2957,3579,1619376,2006284,3565,2927,1286837,2663940";2022-04-25T19:04:07.407Z
70645f;temperatura;14;2022-04-25T19:04:36.818Z
70645f;umidade;31;2022-04-25T19:04:36.818Z
70645f;tempo;1650913475227753700;2022-04-25T19:04:36.818Z
70645f;data;"1479626043,4043,4842,2097150,2837621,3498,2948,1339120,2411900,3531,2948,1322446,2407556,2951,3499,1452878,2077846,3991,4749,2139052,2698289,4752,3999,1729776,3629139,3575,3044,1380902,2555121,3040,3573,1532212,2177625,4958,4170,1882198,3667893,5276,6307,2819232,3679884,3030,3599,1533629,2169831,3625,3051,1373232,2557414";2022-04-25T19:04:36.818Z
70645f;temperatura;29;2022-04-25T19:04:37.939Z
70645f;umidade;34;2022-04-25T19:04:37.939Z
70645f;tempo;1650913476279027200;2022-04-25T19:04:37.939Z
70645f;data;"1479626043,4043,4842,2097150,2837621,3498,2948,1339120,2411900,3531,2948,1322446,2407556,2951,3499,1452878,2077846,3991,4749,2139052,2698289,4752,3999,1729776,3629139,3575,3044,1380902,2555121,3040,3573,1532212,2177625,4958,4170,1882198,3667893,5276,6307,2819232,3679884,3030,3599,1533629,2169831,3625,3051,1373232,2557414";2022-04-25T19:04:37.939Z
70645f;temperatura;25;2022-04-25T19:05:07.376Z
70645f;umidade;76;2022-04-25T19:05:07.376Z
70645f;tempo;1650913505778138600;2022-04-25T19:05:07.376Z
70645f;data;"1479626044,4060,5080,2297053,2843365,3556,2907,1247203,2838856,3531,2907,1246321,2835960,2897,3543,1687309,1928144,4206,5365,2192993,3175912,5412,4214,2055900,3643978,3458,2749,1190947,2649746,2751,3449,1589632,1845363,4980,3956,1779772,3769508,5106,6409,2900092,3593460,2789,3452,1639812,1886592,3442,2764,1208912,2689901";2022-04-25T19:05:07.376Z
70645f;temperatura;4;2022-04-25T19:05:08.484Z
70645f;umidade;39;2022-04-25T19:05:08.484Z
70645f;tempo;1650913506818870500;2022-04-25T19:05:08.484Z
70645f;data;"1479626044,4060,5080,2297053,2843365,3556,2907,1247203,2838856,3531,2907,1246321,2835960,2897,3543,1687309,1928144,4206,5365,2192993,3175912,5412,4214,2055900,3643978,3458,2749,1190947,2649746,2751,3449,1589632,1845363,4980,3956,1779772,3769508,5106,6409,2900092,3593460,2789,3452,1639812,1886592,3442,2764,1208912,2689901";2022-04-25T19:05:08.484Z
70645f;temperatura;33;2022-04-25T19:05:37.933Z
70645f;umidade;14;2022-04-25T19:05:37.933Z
70645f;tempo;1650913536334205400;2022-04-25T19:05:37.933Z
70645f;data;"1479626045,3789,4860,2122255,2849593,3400,2649,1261823,2515795,3356,2649,1249037,2510003,2652,3390,1493344,1972131,3980,4938,2333628,2717023,4892,3985,1717678,3963740,3462,2769,1298559,2652490,2766,3468,1579642,2045810,4928,3879,1833821,3658314,5002,6413,2754331,3749209,2719,3464,1521516,2071803,3463,2740,1311750,2596759";2022-04-25T19:05:37.933Z
70645f;temperatura;20;2022-04-25T19:05:39.040Z
70645f;umidade;6;2022-04-25T19:05:39.040Z
70645f;tempo;1650913537359058000;2022-04-25T19:05:39.040Z
70645f;data;"1479626045,3789,4860,2122255,2849593,3400,2649,1261823,2515795,3356,2649,1249037,2510003,2652,3390,1493344,1972131,3980,4938,2333628,2717023,4892,3985,1717678,3963740,3462,2769,1298559,2652490,2766,3468,1579642,2045810,4928,3879,1833821,3658314,5002,6413,2754331,3749209,2719,3464,1521516,2071803,3463,2740,1311750,2596759";2022-04-25T19:05:39.040Z
70645f;temperatura;16;2022-04-25T19:06:08.493Z
70645f;umidade;28;2022-04-25T19:06:08.493Z
70645f;tempo;1650913566887137800;2022-04-25T19:06:08.493Z
70645f;data;"1479626046,3893,4953,2215548,2706867,3506,2769,1219389,2628679,3537,2769,1229801,2619991,2780,3519,1578653,1896031,3831,4940,2120632,2884865,4932,3822,1835961,3555226,3601,2782,1301823,2477807,2784,3597,1489318,2029022,5003,3910,1803591,3691262,5063,6455,2822446,3706916,2809,3644,1534834,1992338,3642,2804,1279517,2525102";2022-04-25T19:06:08.493Z
70645f;temperatura;7;2022-04-25T19:06:09.594Z
70645f;umidade;83;2022-04-25T19:06:09.594Z
70645f;tempo;1650913567900295000;2022-04-25T19:06:09.594Z
70645f;data;"1479626046,3893,4953,2215548,2706867,3506,2769,1219389,2628679,3537,2769,1229801,2619991,2780,3519,1578653,1896031,3831,4940,2120632,2884865,4932,3822,1835961,3555226,3601,2782,1301823,2477807,2784,3597,1489318,2029022,5003,3910,1803591,3691262,5063,6455,2822446,3706916,2809,3644,1534834,1992338,3642,2804,1279517,2525102";2022-04-25T19:06:09.594Z
70645f;temperatura;40;2022-04-25T19:06:39.037Z
70645f;umidade;31;2022-04-25T19:06:39.037Z
70645f;tempo;1650913597433454800;2022-04-25T19:06:39.037Z
70645f;data;"1479626050,5378,6184,2246319,2659367,4826,4289,1355351,2514908,5449,4411,1476703,2407503,4425,5468,1630474,2249657,6343,8375,2930552,3560436,8385,6319,2618725,4281452,5236,4386,1440805,2658269,4358,5249,1684257,2212246,15065,10241,4420017,7275246,13316,18016,6134161,7405346,5081,6497,1949522,2803562,6486,5090,1819787,2839599";2022-04-25T19:06:39.037Z
70645f;temperatura;20;2022-04-25T19:06:40.107Z
70645f;umidade;11;2022-04-25T19:06:40.107Z
70645f;tempo;1650913598448886300;2022-04-25T19:06:40.107Z
70645f;data;"1479626050,5378,6184,2246319,2659367,4826,4289,1355351,2514908,5449,4411,1476703,2407503,4425,5468,1630474,2249657,6343,8375,2930552,3560436,8385,6319,2618725,4281452,5236,4386,1440805,2658269,4358,5249,1684257,2212246,15065,10241,4420017,7275246,13316,18016,6134161,7405346,5081,6497,1949522,2803562,6486,5090,1819787,2839599";2022-04-25T19:06:40.107Z
70645f;temperatura;22;2022-04-25T19:07:09.584Z
70645f;umidade;70;2022-04-25T19:07:09.584Z
70645f;tempo;1650913627981682000;2022-04-25T19:07:09.584Z
70645f;data;"1479626051,4286,5419,2394841,3042764,3808,3064,1315299,2950969,4132,3397,1435328,3132441,3416,4124,1911907,2229962,5367,6342,2280041,2990477,6323,5389,1953692,3778992,3826,3079,1322942,2761699,3088,3829,1672211,2057581,7581,6424,2336962,4695157,6827,9621,3437203,4710580,3951,4591,1854630,2411463,4590,3951,1545479,3048829";2022-04-25T19:07:09.584Z
70645f;temperatura;14;2022-04-25T19:07:10.659Z
70645f;umidade;5;2022-04-25T19:07:10.659Z
70645f;tempo;1650913628986386400;2022-04-25T19:07:10.659Z
70645f;data;"1479626051,4286,5419,2394841,3042764,3808,3064,1315299,2950969,4132,3397,1435328,3132441,3416,4124,1911907,2229962,5367,6342,2280041,2990477,6323,5389,1953692,3778992,3826,3079,1322942,2761699,3088,3829,1672211,2057581,7581,6424,2336962,4695157,6827,9621,3437203,4710580,3951,4591,1854630,2411463,4590,3951,1545479,3048829";2022-04-25T19:07:10.659Z
70645f;temperatura;4;2022-04-25T19:07:40.107Z
70645f;umidade;59;2022-04-25T19:07:40.107Z
70645f;tempo;1650913658532675300;2022-04-25T19:07:40.107Z
70645f;data;"1479626053,3812,4856,2196575,2653324,3353,2649,1113492,2641915,3437,2676,1169019,2576712,2695,3436,1556440,1831772,3872,5101,2136107,2948460,5097,3883,1890288,3619722,3419,2697,1195525,2530205,2689,3409,1507984,1863547,4984,3969,1762999,3942898,5024,6401,2917949,3503657,2838,3512,1687914,1992462,3514,2853,1272499,2862344";2022-04-25T19:07:40.107Z
70645f;temperatura;12;2022-04-25T19:07:41.194Z
70645f;umidade;52;2022-04-25T19:07:41.194Z
70645f;tempo;1650913659532920000;2022-04-25T19:07:41.194Z
70645f;data;"1479626053,3812,4856,2196575,2653324,3353,2649,1113492,2641915,3437,2676,1169019,2576712,2695,3436,1556440,1831772,3872,5101,2136107,2948460,5097,3883,1890288,3619722,3419,2697,1195525,2530205,2689,3409,1507984,1863547,4984,3969,1762999,3942898,5024,6401,2917949,3503657,2838,3512,1687914,1992462,3514,2853,1272499,2862344";2022-04-25T19:07:41.194Z
70645f;temperatura;29;2022-04-25T19:08:10.670Z
70645f;umidade;70;2022-04-25T19:08:10.670Z
70645f;tempo;1650913689072071000;2022-04-25T19:08:10.670Z
70645f;data;"1479626054,4067,5220,2260969,2988776,3784,2955,1408387,2732286,3675,2909,1337650,2784500,2909,3694,1645989,2093753,3863,4860,2206087,2686310,4858,3838,1718353,3677991,3683,2897,1314084,2809176,2898,3678,1677984,2041199,5023,3893,1845856,3593962,5048,6506,2780949,3747869,2747,3547,1492692,2023497,3548,2741,1285539,2485982";2022-04-25T19:08:10.670Z
70645f;temperatura;8;2022-04-25T19:08:11.761Z
70645f;umidade;25;2022-04-25T19:08:11.761Z
70645f;tempo;1650913690073973000;2022-04-25T19:08:11.761Z
70645f;data;"1479626054,4067,5220,2260969,2988776,3784,2955,1408387,2732286,3675,2909,1337650,2784500,2909,3694,1645989,2093753,3863,4860,2206087,2686310,4858,3838,1718353,3677991,3683,2897,1314084,2809176,2898,3678,1677984,2041199,5023,3893,1845856,3593962,5048,6506,2780949,3747869,2747,3547,1492692,2023497,3548,2741,1285539,2485982";2022-04-25T19:08:11.761Z
70645f;temperatura;13;2022-04-25T19:08:41.194Z
70645f;umidade;20;2022-04-25T19:08:41.194Z
70645f;tempo;1650913719616833500;2022-04-25T19:08:41.194Z
70645f;data;"1479626055,3986,5184,2153369,3044800,3699,2849,1380572,2548416,3744,2868,1403900,2489496,2847,3730,1495849,2193376,4014,5220,2211387,3005011,5248,4035,1928736,3750396,3694,2829,1409599,2543688,2828,3708,1521699,2225386,5266,4100,1905965,3859078,5267,6801,2912042,3906495,2961,3785,1678806,2133542,3821,2955,1376445,2774339";2022-04-25T19:08:41.194Z
70645f;temperatura;29;2022-04-25T19:08:42.296Z
70645f;umidade;69;2022-04-25T19:08:42.296Z
70645f;tempo;1650913720624402400;2022-04-25T19:08:42.296Z
70645f;data;"1479626055,3986,5184,2153369,3044800,3699,2849,1380572,2548416,3744,2868,1403900,2489496,2847,3730,1495849,2193376,4014,5220,2211387,3005011,5248,4035,1928736,3750396,3694,2829,1409599,2543688,2828,3708,1521699,2225386,5266,4100,1905965,3859078,5267,6801,2912042,3906495,2961,3785,1678806,2133542,3821,2955,1376445,2774339";2022-04-25T19:08:42.296Z
70645f;temperatura;20;2022-04-25T19:09:11.767Z
70645f;umidade;31;2022-04-25T19:09:11.767Z
70645f;tempo;1650913750156734000;2022-04-25T19:09:11.767Z
70645f;data;"1479626060,8066,10131,2963534,3871757,8201,6759,2372211,2878749,7068,5994,2178714,3169538,5985,7050,2272258,3371040,7662,9591,2752206,3814127,9512,7709,2756326,4038521,6664,5628,2249812,3438430,5591,6701,2348349,3565609,8502,7040,2793970,4340979,7981,10503,3637801,4370834,6171,7179,2286324,3358755,7215,6132,2186189,3295634";2022-04-25T19:09:11.767Z
70645f;temperatura;35;2022-04-25T19:09:12.846Z
70645f;umidade;61;2022-04-25T19:09:12.846Z
70645f;tempo;1650913751169690000;2022-04-25T19:09:12.846Z
70645f;data;"1479626060,8066,10131,2963534,3871757,8201,6759,2372211,2878749,7068,5994,2178714,3169538,5985,7050,2272258,3371040,7662,9591,2752206,3814127,9512,7709,2756326,4038521,6664,5628,2249812,3438430,5591,6701,2348349,3565609,8502,7040,2793970,4340979,7981,10503,3637801,4370834,6171,7179,2286324,3358755,7215,6132,2186189,3295634";2022-04-25T19:09:12.846Z
70645f;temperatura;28;2022-04-25T19:09:42.289Z
70645f;umidade;39;2022-04-25T19:09:42.289Z
70645f;tempo;1650913780698443000;2022-04-25T19:09:42.289Z
70645f;data;"1479626061,6224,7850,2997139,4590017,5777,4603,2126021,3380139,5058,3889,1917898,3343123,3886,5059,2008626,3014919,6178,7861,2959379,4642401,7851,6150,2933030,4717971,4850,3699,1822843,3134474,3734,4859,1912168,2877965,6939,5254,2693942,4397825,6664,8764,3417733,5310958,3877,5104,1901229,2959430,5081,3898,1855965,3144057";2022-04-25T19:09:42.289Z
70645f;temperatura;13;2022-04-25T19:09:43.379Z
70645f;umidade;60;2022-04-25T19:09:43.379Z
70645f;tempo;1650913781710480100;2022-04-25T19:09:43.379Z
70645f;data;"1479626061,6224,7850,2997139,4590017,5777,4603,2126021,3380139,5058,3889,1917898,3343123,3886,5059,2008626,3014919,6178,7861,2959379,4642401,7851,6150,2933030,4717971,4850,3699,1822843,3134474,3734,4859,1912168,2877965,6939,5254,2693942,4397825,6664,8764,3417733,5310958,3877,5104,1901229,2959430,5081,3898,1855965,3144057";2022-04-25T19:09:43.379Z
70645f;temperatura;3;2022-04-25T19:10:12.825Z
70645f;umidade;97;2022-04-25T19:10:12.825Z
70645f;tempo;1650913811248898000;2022-04-25T19:10:12.825Z
70645f;data;"1479626062,4834,6318,2623614,3731411,4602,3548,1713804,3287857,4401,3308,1703270,2877209,3366,4411,1723752,2703188,4869,6288,2658806,3683525,6316,4897,2355621,4485462,4420,3363,1681588,3058114,3325,4433,1788215,2666552,6030,4577,2226339,4169274,5771,7606,3115049,4435803,3451,4476,1915887,2690413,4459,3463,1696375,3218867";2022-04-25T19:10:12.825Z
70645f;temperatura;35;2022-04-25T19:10:13.939Z
70645f;umidade;17;2022-04-25T19:10:13.939Z
70645f;tempo;1650913812254408200;2022-04-25T19:10:13.939Z
70645f;data;"1479626062,4834,6318,2623614,3731411,4602,3548,1713804,3287857,4401,3308,1703270,2877209,3366,4411,1723752,2703188,4869,6288,2658806,3683525,6316,4897,2355621,4485462,4420,3363,1681588,3058114,3325,4433,1788215,2666552,6030,4577,2226339,4169274,5771,7606,3115049,4435803,3451,4476,1915887,2690413,4459,3463,1696375,3218867";2022-04-25T19:10:13.939Z
70645f;temperatura;7;2022-04-25T19:10:43.380Z
70645f;umidade;83;2022-04-25T19:10:43.380Z
70645f;tempo;1650913841790433000;2022-04-25T19:10:43.380Z
70645f;data;"1479626063,4380,5760,2338717,3435790,4227,3222,1575732,2876332,4241,3311,1448025,3209563,3292,4200,1942032,2228674,4379,5799,2334967,3450560,5767,4361,2181720,3887304,4218,3178,1477041,2934514,3183,4205,1761445,2317076,5624,4320,2073317,4016956,5431,7080,2980763,4125797,3228,4197,1731193,2398409,4204,3209,1514913,2890852";2022-04-25T19:10:43.380Z
70645f;temperatura;24;2022-04-25T19:10:44.492Z
70645f;umidade;50;2022-04-25T19:10:44.492Z
70645f;tempo;1650913842798039300;2022-04-25T19:10:44.492Z
70645f;data;"1479626063,4380,5760,2338717,3435790,4227,3222,1575732,2876332,4241,3311,1448025,3209563,3292,4200,1942032,2228674,4379,5799,2334967,3450560,5767,4361,2181720,3887304,4218,3178,1477041,2934514,3183,4205,1761445,2317076,5624,4320,2073317,4016956,5431,7080,2980763,4125797,3228,4197,1731193,2398409,4204,3209,1514913,2890852";2022-04-25T19:10:44.492Z
70645f;temperatura;30;2022-04-25T19:11:13.939Z
70645f;umidade;45;2022-04-25T19:11:13.939Z
70645f;tempo;1650913872339586300;2022-04-25T19:11:13.939Z
70645f;data;"1479626064,4579,5861,2630793,3234815,4297,3399,1493001,3371536,4326,3269,1597129,3096472,3246,4363,1814159,2510115,4587,5857,2636841,3239970,5856,4566,2065526,4409492,4333,3402,1561587,3399823,3390,4325,2012360,2401902,5856,4534,2041618,4489289,5727,7402,3305106,4079573,3403,4374,2035236,2387566,4373,3406,1524654,3385230";2022-04-25T19:11:13.939Z
70645f;temperatura;8;2022-04-25T19:11:15.040Z
70645f;umidade;31;2022-04-25T19:11:15.040Z
70645f;tempo;1650913873345588200;2022-04-25T19:11:15.040Z
70645f;data;"1479626064,4579,5861,2630793,3234815,4297,3399,1493001,3371536,4326,3269,1597129,3096472,3246,4363,1814159,2510115,4587,5857,2636841,3239970,5856,4566,2065526,4409492,4333,3402,1561587,3399823,3390,4325,2012360,2401902,5856,4534,2041618,4489289,5727,7402,3305106,4079573,3403,4374,2035236,2387566,4373,3406,1524654,3385230";2022-04-25T19:11:15.040Z
70645f;temperatura;24;2022-04-25T19:11:44.506Z
70645f;umidade;1;2022-04-25T19:11:44.506Z
70645f;tempo;1650913902896770800;2022-04-25T19:11:44.506Z
70645f;data;"1479626065,4282,5708,2425976,3285687,4275,3167,1579551,2979178,4221,3240,1445831,3073968,3253,4226,1866061,2265936,4256,5701,2416888,3214811,5697,4277,2057162,4093775,4156,3193,1485464,2954635,3197,4138,1763223,2359050,5589,4247,2027013,4080806,5388,7043,3036342,3997977,3203,4181,1774692,2449125,4180,3194,1549795,2996361";2022-04-25T19:11:44.506Z
70645f;temperatura;9;2022-04-25T19:11:45.590Z
70645f;umidade;90;2022-04-25T19:11:45.590Z
70645f;tempo;1650913903903126500;2022-04-25T19:11:45.590Z
70645f;data;"1479626065,4282,5708,2425976,3285687,4275,3167,1579551,2979178,4221,3240,1445831,3073968,3253,4226,1866061,2265936,4256,5701,2416888,3214811,5697,4277,2057162,4093775,4156,3193,1485464,2954635,3197,4138,1763223,2359050,5589,4247,2027013,4080806,5388,7043,3036342,3997977,3203,4181,1774692,2449125,4180,3194,1549795,2996361";2022-04-25T19:11:45.590Z
70645f;temperatura;3;2022-04-25T19:12:15.044Z
70645f;umidade;23;2022-04-25T19:12:15.044Z
70645f;tempo;1650913933447539700;2022-04-25T19:12:15.044Z
70645f;data;"1479626067,4413,5766,2525922,3286777,4387,3386,1625131,3212493,4293,3262,1593901,2901666,3253,4280,1729636,2506518,4472,5775,2575608,3224899,5799,4469,2064708,4354107,4340,3239,1633568,2904314,3238,4344,1736800,2580824,5802,4394,2137545,4134643,5519,7357,3013537,4271044,3356,4353,1873694,2613080,4358,3359,1655568,3166702";2022-04-25T19:12:15.044Z
70645f;temperatura;21;2022-04-25T19:12:16.133Z
70645f;umidade;25;2022-04-25T19:12:16.133Z
70645f;tempo;1650913934450333200;2022-04-25T19:12:16.133Z
70645f;data;"1479626067,4413,5766,2525922,3286777,4387,3386,1625131,3212493,4293,3262,1593901,2901666,3253,4280,1729636,2506518,4472,5775,2575608,3224899,5799,4469,2064708,4354107,4340,3239,1633568,2904314,3238,4344,1736800,2580824,5802,4394,2137545,4134643,5519,7357,3013537,4271044,3356,4353,1873694,2613080,4358,3359,1655568,3166702";2022-04-25T19:12:16.133Z
70645f;temperatura;16;2022-04-25T19:12:45.593Z
70645f;umidade;40;2022-04-25T19:12:45.593Z
70645f;tempo;1650913963992620300;2022-04-25T19:12:45.593Z
70645f;data;"1479626068,4277,5585,2383596,3157222,4134,3165,1476108,2976514,4443,3431,1444632,3331032,3472,4445,2004468,2248694,4271,5624,2372242,3217939,5609,4282,2039858,3993656,4983,3695,1529267,3089793,3722,4955,1888582,2362936,6252,4818,2056285,4125428,5956,7652,3155290,3998611,3209,4272,1761155,2231257,4337,3194,1433394,2917177";2022-04-25T19:12:45.593Z
70645f;temperatura;14;2022-04-25T19:12:46.664Z
70645f;umidade;13;2022-04-25T19:12:46.664Z
70645f;tempo;1650913964995714000;2022-04-25T19:12:46.664Z
70645f;data;"1479626068,4277,5585,2383596,3157222,4134,3165,1476108,2976514,4443,3431,1444632,3331032,3472,4445,2004468,2248694,4271,5624,2372242,3217939,5609,4282,2039858,3993656,4983,3695,1529267,3089793,3722,4955,1888582,2362936,6252,4818,2056285,4125428,5956,7652,3155290,3998611,3209,4272,1761155,2231257,4337,3194,1433394,2917177";2022-04-25T19:12:46.664Z
70645f;temperatura;32;2022-04-25T19:13:16.122Z
70645f;umidade;84;2022-04-25T19:13:16.122Z
70645f;tempo;1650913994548455200;2022-04-25T19:13:16.122Z
70645f;data;"1479626069,5283,6883,2666460,3454453,5376,4148,1681682,3181009,5293,3957,1790198,2647359,3921,5290,1787789,2767281,5281,6835,2671837,3403212,6837,5277,2191201,4103615,4891,3730,1711926,2833562,3710,4901,1913955,2664631,6729,4970,2296787,3255824,6001,8140,3182625,3531902,4226,5560,2042839,2830903,5472,4252,1782187,3107337";2022-04-25T19:13:16.122Z
70645f;temperatura;21;2022-04-25T19:13:17.208Z
70645f;umidade;17;2022-04-25T19:13:17.208Z
70645f;tempo;1650913995543885000;2022-04-25T19:13:17.208Z
70645f;data;"1479626069,5283,6883,2666460,3454453,5376,4148,1681682,3181009,5293,3957,1790198,2647359,3921,5290,1787789,2767281,5281,6835,2671837,3403212,6837,5277,2191201,4103615,4891,3730,1711926,2833562,3710,4901,1913955,2664631,6729,4970,2296787,3255824,6001,8140,3182625,3531902,4226,5560,2042839,2830903,5472,4252,1782187,3107337";2022-04-25T19:13:17.208Z
70645f;temperatura;20;2022-04-25T19:13:46.681Z
70645f;umidade;91;2022-04-25T19:13:46.681Z
70645f;tempo;1650914025090653700;2022-04-25T19:13:46.681Z
70645f;data;"1479626071,4718,6240,2551999,3385102,4748,3538,1674649,2880904,4310,3280,1535900,2987084,3280,4305,1865133,2342482,4658,6271,2503994,3447762,6277,4652,2256956,3944231,4424,3418,1553457,3259083,3413,4389,2009489,2385760,5918,4616,2067118,4443672,5635,7286,3253635,3942136,3338,4356,1979291,2297090,4359,3335,1482931,3152679";2022-04-25T19:13:46.681Z
70645f;temperatura;12;2022-04-25T19:13:47.760Z
70645f;umidade;52;2022-04-25T19:13:47.760Z
70645f;tempo;1650914026088010500;2022-04-25T19:13:47.760Z
70645f;data;"1479626071,4718,6240,2551999,3385102,4748,3538,1674649,2880904,4310,3280,1535900,2987084,3280,4305,1865133,2342482,4658,6271,2503994,3447762,6277,4652,2256956,3944231,4424,3418,1553457,3259083,3413,4389,2009489,2385760,5918,4616,2067118,4443672,5635,7286,3253635,3942136,3338,4356,1979291,2297090,4359,3335,1482931,3152679";2022-04-25T19:13:47.760Z
70645f;temperatura;9;2022-04-25T19:14:17.221Z
70645f;umidade;47;2022-04-25T19:14:17.221Z
70645f;tempo;1650914055640631800;2022-04-25T19:14:17.221Z
70645f;data;"1479626074,4633,6138,2531317,3498156,4681,3555,1725737,3148954,4375,3337,1668195,2868298,3349,4374,1731359,2656137,4675,6146,2578347,3460199,6138,4693,2218946,4263301,4332,3340,1621072,3065468,3308,4336,1819560,2557180,5939,4517,2198383,4134574,5555,7371,3037841,4234495,3424,4527,1851841,2783948,4522,3448,1753698,3093335";2022-04-25T19:14:17.221Z
70645f;temperatura;40;2022-04-25T19:14:18.320Z
70645f;umidade;94;2022-04-25T19:14:18.320Z
70645f;tempo;1650914056639057700;2022-04-25T19:14:18.320Z
70645f;data;"1479626074,4633,6138,2531317,3498156,4681,3555,1725737,3148954,4375,3337,1668195,2868298,3349,4374,1731359,2656137,4675,6146,2578347,3460199,6138,4693,2218946,4263301,4332,3340,1621072,3065468,3308,4336,1819560,2557180,5939,4517,2198383,4134574,5555,7371,3037841,4234495,3424,4527,1851841,2783948,4522,3448,1753698,3093335";2022-04-25T19:14:18.320Z
70645f;temperatura;30;2022-04-25T19:14:47.785Z
70645f;umidade;60;2022-04-25T19:14:47.785Z
70645f;tempo;1650914086185257200;2022-04-25T19:14:47.785Z
70645f;data;"1479626075,4423,5705,2401666,3371828,4223,3260,1581852,2919140,4246,3319,1445036,3274902,3326,4245,1990777,2251107,4431,5785,2396716,3419230,5767,4417,2168912,4008854,4332,3225,1507931,2858380,3248,4301,1772344,2357282,5639,4300,2026085,3995381,5515,7204,3051346,4086746,3174,4129,1771931,2208510,4144,3172,1393419,2912051";2022-04-25T19:14:47.785Z
70645f;temperatura;24;2022-04-25T19:14:48.860Z
70645f;umidade;52;2022-04-25T19:14:48.860Z
70645f;tempo;1650914087185248800;2022-04-25T19:14:48.860Z
70645f;data;"1479626075,4423,5705,2401666,3371828,4223,3260,1581852,2919140,4246,3319,1445036,3274902,3326,4245,1990777,2251107,4431,5785,2396716,3419230,5767,4417,2168912,4008854,4332,3225,1507931,2858380,3248,4301,1772344,2357282,5639,4300,2026085,3995381,5515,7204,3051346,4086746,3174,4129,1771931,2208510,4144,3172,1393419,2912051";2022-04-25T19:14:48.860Z
70645f;temperatura;18;2022-04-25T19:15:18.348Z
70645f;umidade;43;2022-04-25T19:15:18.348Z
70645f;tempo;1650914116736487400;2022-04-25T19:15:18.348Z
70645f;data;"1479626076,4519,5971,2591538,3229815,4466,3415,1537106,3182526,4501,3281,1696995,2834877,3286,4481,1765160,2618270,4500,5904,2571912,3150065,5905,4464,2039995,4134808,4405,3423,1586255,3239969,3405,4428,1970443,2473910,5927,4565,2080235,4296102,5648,7398,3199314,4049104,3450,4509,1975363,2555535,4474,3443,1615574,3222395";2022-04-25T19:15:18.348Z
70645f;temperatura;1;2022-04-25T19:15:19.412Z
70645f;umidade;57;2022-04-25T19:15:19.412Z
70645f;tempo;1650914117733677300;2022-04-25T19:15:19.412Z
70645f;data;"1479626076,4519,5971,2591538,3229815,4466,3415,1537106,3182526,4501,3281,1696995,2834877,3286,4481,1765160,2618270,4500,5904,2571912,3150065,5905,4464,2039995,4134808,4405,3423,1586255,3239969,3405,4428,1970443,2473910,5927,4565,2080235,4296102,5648,7398,3199314,4049104,3450,4509,1975363,2555535,4474,3443,1615574,3222395";2022-04-25T19:15:19.412Z
70645f;temperatura;39;2022-04-25T19:15:48.886Z
70645f;umidade;44;2022-04-25T19:15:48.886Z
70645f;tempo;1650914147282550000;2022-04-25T19:15:48.886Z
70645f;data;"1479626077,4351,5930,2389025,3400826,4459,3213,1662991,2779395,4459,3330,1513583,2898203,3318,4473,1808021,2365796,4354,5883,2413031,3269083,5880,4396,2117801,4004279,4468,3322,1624986,2759220,3320,4468,1731008,2533245,6084,4460,2273302,3737072,5717,7822,2952245,4572833,3299,4449,1742951,2575338,4469,3291,1626708,2787062";2022-04-25T19:15:48.886Z
70645f;temperatura;16;2022-04-25T19:15:49.950Z
70645f;umidade;49;2022-04-25T19:15:49.950Z
70645f;tempo;1650914148282246400;2022-04-25T19:15:49.950Z
70645f;data;"1479626077,4351,5930,2389025,3400826,4459,3213,1662991,2779395,4459,3330,1513583,2898203,3318,4473,1808021,2365796,4354,5883,2413031,3269083,5880,4396,2117801,4004279,4468,3322,1624986,2759220,3320,4468,1731008,2533245,6084,4460,2273302,3737072,5717,7822,2952245,4572833,3299,4449,1742951,2575338,4469,3291,1626708,2787062";2022-04-25T19:15:49.950Z
70645f;temperatura;1;2022-04-25T19:16:19.432Z
70645f;umidade;22;2022-04-25T19:16:19.432Z
70645f;tempo;1650914177837868500;2022-04-25T19:16:19.432Z
70645f;data;"1479626078,4513,5964,2492109,3214135,4449,3381,1518374,3004873,4593,3458,1676018,3110474,3461,4602,1924377,2594489,4465,5995,2421386,3358677,6008,4453,2164612,3916869,4569,3441,1575585,3196836,3454,4546,1995159,2443007,5992,4565,2060156,4345667,5715,7517,3254372,4034073,3498,4649,1963466,2559914,4661,3459,1643452,3076697";2022-04-25T19:16:19.432Z
70645f;temperatura;8;2022-04-25T19:16:20.500Z
70645f;umidade;61;2022-04-25T19:16:20.500Z
70645f;tempo;1650914178826465800;2022-04-25T19:16:20.500Z
70645f;data;"1479626078,4513,5964,2492109,3214135,4449,3381,1518374,3004873,4593,3458,1676018,3110474,3461,4602,1924377,2594489,4465,5995,2421386,3358677,6008,4453,2164612,3916869,4569,3441,1575585,3196836,3454,4546,1995159,2443007,5992,4565,2060156,4345667,5715,7517,3254372,4034073,3498,4649,1963466,2559914,4661,3459,1643452,3076697";2022-04-25T19:16:20.500Z
70645f;temperatura;6;2022-04-25T19:16:49.980Z
70645f;umidade;16;2022-04-25T19:16:49.980Z
70645f;tempo;1650914208390215700;2022-04-25T19:16:49.980Z
70645f;data;"1479626079,4440,5953,2520039,3253294,4540,3353,1624862,3017238,4251,3217,1513244,2761697,3204,4262,1735663,2332666,4493,5984,2591084,3173908,5990,4502,2071143,4259930,4483,3218,1692951,2749610,3216,4519,1716309,2645790,5903,4280,2117557,3881182,5433,7361,3003975,4050011,3127,4365,1745057,2504191,4330,3187,1574869,2869753";2022-04-25T19:16:49.980Z
70645f;temperatura;3;2022-04-25T19:16:51.059Z
70645f;umidade;82;2022-04-25T19:16:51.059Z
70645f;tempo;1650914209371542000;2022-04-25T19:16:51.059Z
70645f;data;"1479626079,4440,5953,2520039,3253294,4540,3353,1624862,3017238,4251,3217,1513244,2761697,3204,4262,1735663,2332666,4493,5984,2591084,3173908,5990,4502,2071143,4259930,4483,3218,1692951,2749610,3216,4519,1716309,2645790,5903,4280,2117557,3881182,5433,7361,3003975,4050011,3127,4365,1745057,2504191,4330,3187,1574869,2869753";2022-04-25T19:16:51.059Z
70645f;temperatura;34;2022-04-25T19:17:20.536Z
70645f;umidade;4;2022-04-25T19:17:20.536Z
70645f;tempo;1650914238945508000;2022-04-25T19:17:20.536Z
70645f;data;"1479626080,4386,5849,2387303,3285382,4438,3301,1624109,2823444,4566,3473,1599123,3282663,3473,4546,2005098,2486358,4371,5854,2353255,3332796,5847,4385,2149206,3876838,4404,3355,1495225,2994954,3349,4398,1859537,2321637,5843,4484,2085954,4116114,5520,7191,3162721,3949303,3389,4475,1829489,2422013,4498,3369,1558533,2948776";2022-04-25T19:17:20.536Z
70645f;temperatura;9;2022-04-25T19:17:21.603Z
70645f;umidade;83;2022-04-25T19:17:21.603Z
70645f;tempo;1650914239928722000;2022-04-25T19:17:21.603Z
70645f;data;"1479626080,4386,5849,2387303,3285382,4438,3301,1624109,2823444,4566,3473,1599123,3282663,3473,4546,2005098,2486358,4371,5854,2353255,3332796,5847,4385,2149206,3876838,4404,3355,1495225,2994954,3349,4398,1859537,2321637,5843,4484,2085954,4116114,5520,7191,3162721,3949303,3389,4475,1829489,2422013,4498,3369,1558533,2948776";2022-04-25T19:17:21.603Z
70645f;temperatura;2;2022-04-25T19:17:51.070Z
70645f;umidade;79;2022-04-25T19:17:51.070Z
70645f;tempo;1650914269493209000;2022-04-25T19:17:51.070Z
70645f;data;"1479626082,4404,5850,2393350,3414605,4451,3238,1661722,2815236,4348,3307,1465691,3151055,3322,4348,1905463,2286201,4268,5853,2332944,3332120,5867,4282,2138258,3852886,4346,3240,1542560,2910326,3247,4338,1763662,2428102,5751,4378,2106337,4078121,5525,7330,3031310,4255358,3251,4345,1750680,2417968,4338,3265,1523593,2901330";2022-04-25T19:17:51.070Z
70645f;temperatura;15;2022-04-25T19:17:52.153Z
70645f;umidade;91;2022-04-25T19:17:52.153Z
70645f;tempo;1650914270476620300;2022-04-25T19:17:52.153Z
70645f;data;"1479626082,4404,5850,2393350,3414605,4451,3238,1661722,2815236,4348,3307,1465691,3151055,3322,4348,1905463,2286201,4268,5853,2332944,3332120,5867,4282,2138258,3852886,4346,3240,1542560,2910326,3247,4338,1763662,2428102,5751,4378,2106337,4078121,5525,7330,3031310,4255358,3251,4345,1750680,2417968,4338,3265,1523593,2901330";2022-04-25T19:17:52.153Z
70645f;temperatura;27;2022-04-25T19:18:21.619Z
70645f;umidade;61;2022-04-25T19:18:21.619Z
70645f;tempo;1650914300032456700;2022-04-25T19:18:21.619Z
70645f;data;"1479626083,4477,5919,2587734,3202458,4416,3353,1520979,3191827,4370,3305,1583671,3110576,3290,4369,1871402,2490997,4486,5885,2518831,3294786,5853,4473,2068312,4201442,4326,3315,1485820,3297730,3316,4316,1995323,2316749,5738,4381,1929920,4385050,5540,7220,3241137,3841934,3419,4427,2026156,2433817,4431,3413,1548830,3356466";2022-04-25T19:18:21.619Z
70645f;temperatura;23;2022-04-25T19:18:22.700Z
70645f;umidade;77;2022-04-25T19:18:22.700Z
70645f;tempo;1650914301021473000;2022-04-25T19:18:22.700Z
70645f;data;"1479626083,4477,5919,2587734,3202458,4416,3353,1520979,3191827,4370,3305,1583671,3110576,3290,4369,1871402,2490997,4486,5885,2518831,3294786,5853,4473,2068312,4201442,4326,3315,1485820,3297730,3316,4316,1995323,2316749,5738,4381,1929920,4385050,5540,7220,3241137,3841934,3419,4427,2026156,2433817,4431,3413,1548830,3356466";2022-04-25T19:18:22.700Z
70645f;temperatura;32;2022-04-25T19:18:52.162Z
70645f;umidade;53;2022-04-25T19:18:52.162Z
70645f;tempo;1650914330578995200;2022-04-25T19:18:52.162Z
70645f;data;"1479626085,4522,6072,2419019,3437509,4652,3431,1702912,2886450,4075,3137,1440746,2870091,3142,4075,1762714,2230448,4505,6004,2386753,3465333,6053,4536,2233879,3961465,4112,3220,1367583,2965142,3204,4095,1839697,2109085,5339,4265,1768247,3935614,5315,6640,2971768,3509958,3167,4160,1698288,2253799,4174,3183,1441407,2752088";2022-04-25T19:18:52.162Z
70645f;temperatura;32;2022-04-25T19:18:53.234Z
70645f;umidade;68;2022-04-25T19:18:53.234Z
70645f;tempo;1650914331565668000;2022-04-25T19:18:53.234Z
70645f;data;"1479626085,4522,6072,2419019,3437509,4652,3431,1702912,2886450,4075,3137,1440746,2870091,3142,4075,1762714,2230448,4505,6004,2386753,3465333,6053,4536,2233879,3961465,4112,3220,1367583,2965142,3204,4095,1839697,2109085,5339,4265,1768247,3935614,5315,6640,2971768,3509958,3167,4160,1698288,2253799,4174,3183,1441407,2752088";2022-04-25T19:18:53.234Z
70645f;temperatura;5;2022-04-25T19:19:22.712Z
70645f;umidade;99;2022-04-25T19:19:22.712Z
70645f;tempo;1650914361120920600;2022-04-25T19:19:22.712Z
70645f;data;"1479626087,4559,6193,2402595,3299017,4669,3395,1618702,2442319,4855,3634,1575742,2752521,3630,4816,1953662,2361913,4525,6258,2409563,3332097,6238,4527,2162750,3348754,4859,3554,1670283,2612329,3573,4859,1804267,2555853,6286,4638,2190714,3360258,5808,7755,3118712,3593942,3561,4818,1784412,2486467,4848,3555,1598565,2556471";2022-04-25T19:19:22.712Z
70645f;temperatura;30;2022-04-25T19:19:23.798Z
70645f;umidade;50;2022-04-25T19:19:23.798Z
70645f;tempo;1650914362110415400;2022-04-25T19:19:23.798Z
70645f;data;"1479626087,4559,6193,2402595,3299017,4669,3395,1618702,2442319,4855,3634,1575742,2752521,3630,4816,1953662,2361913,4525,6258,2409563,3332097,6238,4527,2162750,3348754,4859,3554,1670283,2612329,3573,4859,1804267,2555853,6286,4638,2190714,3360258,5808,7755,3118712,3593942,3561,4818,1784412,2486467,4848,3555,1598565,2556471";2022-04-25T19:19:23.798Z
70645f;temperatura;5;2022-04-25T19:19:53.248Z
70645f;umidade;61;2022-04-25T19:19:53.248Z
70645f;tempo;1650914391665434400;2022-04-25T19:19:53.248Z
70645f;data;"1479626088,4820,6270,2658340,3330340,4782,3691,1636176,3026455,4670,3380,1741691,2820722,3379,4662,1791462,2618302,4857,6249,2655368,3337231,6244,4805,2172160,4007027,4598,3473,1675871,3147932,3458,4585,1952228,2518227,6096,4631,2171135,4211903,5750,7681,3159588,4217210,3528,4667,1978904,2550060,4645,3530,1668343,3119385";2022-04-25T19:19:53.248Z
70645f;temperatura;14;2022-04-25T19:19:54.330Z
70645f;umidade;95;2022-04-25T19:19:54.330Z
70645f;tempo;1650914392654364700;2022-04-25T19:19:54.330Z
70645f;data;"1479626088,4820,6270,2658340,3330340,4782,3691,1636176,3026455,4670,3380,1741691,2820722,3379,4662,1791462,2618302,4857,6249,2655368,3337231,6244,4805,2172160,4007027,4598,3473,1675871,3147932,3458,4585,1952228,2518227,6096,4631,2171135,4211903,5750,7681,3159588,4217210,3528,4667,1978904,2550060,4645,3530,1668343,3119385";2022-04-25T19:19:54.330Z
70645f;temperatura;12;2022-04-25T19:20:23.826Z
70645f;umidade;63;2022-04-25T19:20:23.826Z
70645f;tempo;1650914422211531500;2022-04-25T19:20:23.826Z
70645f;data;"1479626089,4414,6133,2346684,3527653,4517,3272,1665304,2803364,4412,3292,1496537,2896473,3300,4445,1808275,2347199,4372,6048,2319845,3409664,6050,4423,2213763,3843846,4378,3281,1574520,2781338,3277,4380,1731272,2451367,6005,4415,2204043,3924496,5542,7416,3047908,4176003,3254,4376,1729965,2502043,4388,3237,1594256,2772053";2022-04-25T19:20:23.826Z
70645f;temperatura;2;2022-04-25T19:20:24.893Z
70645f;umidade;71;2022-04-25T19:20:24.893Z
70645f;tempo;1650914423203117600;2022-04-25T19:20:24.893Z
70645f;data;"1479626089,4414,6133,2346684,3527653,4517,3272,1665304,2803364,4412,3292,1496537,2896473,3300,4445,1808275,2347199,4372,6048,2319845,3409664,6050,4423,2213763,3843846,4378,3281,1574520,2781338,3277,4380,1731272,2451367,6005,4415,2204043,3924496,5542,7416,3047908,4176003,3254,4376,1729965,2502043,4388,3237,1594256,2772053";2022-04-25T19:20:24.893Z
70645f;temperatura;27;2022-04-25T19:20:54.368Z
70645f;umidade;7;2022-04-25T19:20:54.368Z
70645f;tempo;1650914452756914700;2022-04-25T19:20:54.368Z
70645f;data;"1479626090,4431,5748,2598615,2913337,4330,3294,1435081,3110547,4417,3328,1538870,3110123,3315,4402,1947793,2298211,4364,5726,2528578,2994170,5712,4320,1950686,4086824,4527,3396,1517291,3203286,3404,4486,2015375,2293356,5897,4518,1972855,4310724,5609,7372,3275917,3805004,3323,4400,1974060,2233171,4387,3269,1449301,3039953";2022-04-25T19:20:54.368Z
70645f;temperatura;16;2022-04-25T19:20:55.439Z
70645f;umidade;37;2022-04-25T19:20:55.439Z
70645f;tempo;1650914453751369200;2022-04-25T19:20:55.439Z
70645f;data;"1479626090,4431,5748,2598615,2913337,4330,3294,1435081,3110547,4417,3328,1538870,3110123,3315,4402,1947793,2298211,4364,5726,2528578,2994170,5712,4320,1950686,4086824,4527,3396,1517291,3203286,3404,4486,2015375,2293356,5897,4518,1972855,4310724,5609,7372,3275917,3805004,3323,4400,1974060,2233171,4387,3269,1449301,3039953";2022-04-25T19:20:55.439Z
70645f;temperatura;15;2022-04-25T19:21:24.899Z
70645f;umidade;91;2022-04-25T19:21:24.899Z
70645f;tempo;1650914483318925600;2022-04-25T19:21:24.899Z
70645f;data;"1479626092,4371,5763,2439543,3140125,4474,3267,1607530,2857505,4574,3513,1649428,3294589,3515,4583,1978491,2584483,4340,5749,2389943,3223182,5738,4313,2086223,3958009,4567,3358,1615666,2948865,3387,4558,1823132,2535468,6007,4502,2179239,4132033,5665,7551,3120767,4314846,3358,4583,1772322,2569365,4597,3369,1634923,2906817";2022-04-25T19:21:24.899Z
70645f;temperatura;22;2022-04-25T19:21:25.986Z
70645f;umidade;35;2022-04-25T19:21:25.986Z
70645f;tempo;1650914484299966500;2022-04-25T19:21:25.986Z
70645f;data;"1479626092,4371,5763,2439543,3140125,4474,3267,1607530,2857505,4574,3513,1649428,3294589,3515,4583,1978491,2584483,4340,5749,2389943,3223182,5738,4313,2086223,3958009,4567,3358,1615666,2948865,3387,4558,1823132,2535468,6007,4502,2179239,4132033,5665,7551,3120767,4314846,3358,4583,1772322,2569365,4597,3369,1634923,2906817";2022-04-25T19:21:25.986Z
70645f;temperatura;29;2022-04-25T19:21:56.192Z
70645f;umidade;41;2022-04-25T19:21:56.192Z
70645f;tempo;1650914513860098600;2022-04-25T19:21:56.192Z
70645f;data;"1479626093,4667,6278,2538633,3698173,4784,3599,1803829,3230595,4476,3256,1702752,2830338,3278,4493,1722646,2693363,4678,6195,2561669,3561528,6238,4693,2276135,4302905,4453,3398,1661005,3187930,3364,4445,1887929,2597701,5946,4477,2129023,4220932,5567,7378,3141092,4110539,3440,4488,1932785,2654252,4481,3439,1675444,3201190";2022-04-25T19:21:56.192Z
70645f;temperatura;25;2022-04-25T19:21:56.521Z
70645f;umidade;96;2022-04-25T19:21:56.521Z
70645f;tempo;1650914514847056100;2022-04-25T19:21:56.521Z
70645f;data;"1479626093,4667,6278,2538633,3698173,4784,3599,1803829,3230595,4476,3256,1702752,2830338,3278,4493,1722646,2693363,4678,6195,2561669,3561528,6238,4693,2276135,4302905,4453,3398,1661005,3187930,3364,4445,1887929,2597701,5946,4477,2129023,4220932,5567,7378,3141092,4110539,3440,4488,1932785,2654252,4481,3439,1675444,3201190";2022-04-25T19:21:56.521Z
70645f;temperatura;6;2022-04-25T19:22:25.996Z
70645f;umidade;53;2022-04-25T19:22:25.996Z
70645f;tempo;1650914544404222500;2022-04-25T19:22:25.996Z
70645f;data;"1479626094,4364,5745,2385896,3304098,4262,3235,1556320,2921019,4388,3329,1519041,3122315,3321,4385,1888922,2360131,4351,5854,2392286,3377478,5821,4364,2140666,3994668,4297,3234,1518193,2877241,3236,4300,1751332,2406048,5745,4337,2103358,4007510,5488,7266,3021363,4188043,3239,4326,1735543,2469758,4342,3249,1553788,2856965";2022-04-25T19:22:25.996Z
70645f;temperatura;7;2022-04-25T19:22:27.069Z
70645f;umidade;74;2022-04-25T19:22:27.069Z
70645f;tempo;1650914545393844000;2022-04-25T19:22:27.069Z
70645f;data;"1479626094,4364,5745,2385896,3304098,4262,3235,1556320,2921019,4388,3329,1519041,3122315,3321,4385,1888922,2360131,4351,5854,2392286,3377478,5821,4364,2140666,3994668,4297,3234,1518193,2877241,3236,4300,1751332,2406048,5745,4337,2103358,4007510,5488,7266,3021363,4188043,3239,4326,1735543,2469758,4342,3249,1553788,2856965";2022-04-25T19:22:27.069Z
70645f;temperatura;38;2022-04-25T19:22:56.539Z
70645f;umidade;14;2022-04-25T19:22:56.539Z
70645f;tempo;1650914574958580200;2022-04-25T19:22:56.539Z
70645f;data;"1479626095,4641,6088,2641946,3356027,4553,3486,1606206,3307260,4601,3399,1735318,3002125,3394,4593,1819382,2692794,4495,6026,2481466,3331812,6030,4482,2136121,4108434,4743,3555,1727558,3225022,3545,4740,1969883,2680109,6134,4657,2171064,4386266,5780,7672,3241287,4236130,3483,4653,1973292,2641587,4631,3481,1673237,3232918";2022-04-25T19:22:56.539Z
70645f;temperatura;18;2022-04-25T19:22:57.614Z
70645f;umidade;43;2022-04-25T19:22:57.614Z
70645f;tempo;1650914575940914700;2022-04-25T19:22:57.614Z
70645f;data;"1479626095,4641,6088,2641946,3356027,4553,3486,1606206,3307260,4601,3399,1735318,3002125,3394,4593,1819382,2692794,4495,6026,2481466,3331812,6030,4482,2136121,4108434,4743,3555,1727558,3225022,3545,4740,1969883,2680109,6134,4657,2171064,4386266,5780,7672,3241287,4236130,3483,4653,1973292,2641587,4631,3481,1673237,3232918";2022-04-25T19:22:57.614Z
70645f;temperatura;39;2022-04-25T19:23:27.083Z
70645f;umidade;14;2022-04-25T19:23:27.083Z
70645f;tempo;1650914605498997500;2022-04-25T19:23:27.083Z
70645f;data;"1479626097,4447,5845,2530276,3008943,4458,3351,1482882,2968856,4607,3429,1568040,3106472,3427,4602,1992104,2391189,4347,5744,2394924,3108617,5793,4354,2031719,3901292,4601,3328,1534993,2875187,3348,4577,1889674,2333617,5956,4504,1984671,4259388,5615,7428,3251009,3843239,3318,4532,1866186,2352308,4550,3309,1515557,2884598";2022-04-25T19:23:27.083Z
70645f;temperatura;24;2022-04-25T19:23:28.166Z
70645f;umidade;36;2022-04-25T19:23:28.166Z
70645f;tempo;1650914606485025500;2022-04-25T19:23:28.166Z
70645f;data;"1479626097,4447,5845,2530276,3008943,4458,3351,1482882,2968856,4607,3429,1568040,3106472,3427,4602,1992104,2391189,4347,5744,2394924,3108617,5793,4354,2031719,3901292,4601,3328,1534993,2875187,3348,4577,1889674,2333617,5956,4504,1984671,4259388,5615,7428,3251009,3843239,3318,4532,1866186,2352308,4550,3309,1515557,2884598";2022-04-25T19:23:28.166Z
70645f;temperatura;1;2022-04-25T19:23:57.633Z
70645f;umidade;68;2022-04-25T19:23:57.633Z
70645f;tempo;1650914636045174000;2022-04-25T19:23:57.633Z
70645f;data;"1479626098,4496,6026,2515341,3280647,4551,3426,1615021,3013378,4639,3387,1788888,2811769,3392,4632,1707273,2836910,4602,6093,2647069,3227595,6057,4574,2078501,4253473,4616,3473,1737531,3076693,3448,4613,1840640,2734321,6150,4474,2249745,3973205,5658,7761,3009083,4483299,3491,4700,1847196,2838671,4730,3510,1814358,3040548";2022-04-25T19:23:57.633Z
70645f;temperatura;25;2022-04-25T19:23:58.742Z
70645f;umidade;30;2022-04-25T19:23:58.742Z
70645f;tempo;1650914637023505700;2022-04-25T19:23:58.742Z
70645f;data;"1479626098,4496,6026,2515341,3280647,4551,3426,1615021,3013378,4639,3387,1788888,2811769,3392,4632,1707273,2836910,4602,6093,2647069,3227595,6057,4574,2078501,4253473,4616,3473,1737531,3076693,3448,4613,1840640,2734321,6150,4474,2249745,3973205,5658,7761,3009083,4483299,3491,4700,1847196,2838671,4730,3510,1814358,3040548";2022-04-25T19:23:58.742Z
70645f;temperatura;19;2022-04-25T19:24:28.166Z
70645f;umidade;63;2022-04-25T19:24:28.166Z
70645f;tempo;1650914666586455000;2022-04-25T19:24:28.166Z
70645f;data;"1479626099,4321,5761,2415565,3228374,4340,3212,1547506,2945337,4274,3257,1387760,3180336,3291,4266,1973514,2130855,4303,5865,2374172,3302013,5844,4297,2096019,3956095,4244,3128,1409234,2873932,3136,4238,1780190,2214532,5698,4310,2000875,4068983,5397,7121,3085508,3890726,3144,4245,1779542,2236933,4239,3155,1399585,2915512";2022-04-25T19:24:28.166Z
70645f;temperatura;38;2022-04-25T19:24:29.245Z
70645f;umidade;80;2022-04-25T19:24:29.245Z
70645f;tempo;1650914667570889500;2022-04-25T19:24:29.245Z
70645f;data;"1479626099,4321,5761,2415565,3228374,4340,3212,1547506,2945337,4274,3257,1387760,3180336,3291,4266,1973514,2130855,4303,5865,2374172,3302013,5844,4297,2096019,3956095,4244,3128,1409234,2873932,3136,4238,1780190,2214532,5698,4310,2000875,4068983,5397,7121,3085508,3890726,3144,4245,1779542,2236933,4239,3155,1399585,2915512";2022-04-25T19:24:29.245Z
70645f;temperatura;35;2022-04-25T19:24:58.730Z
70645f;umidade;11;2022-04-25T19:24:58.730Z
70645f;tempo;1650914697127463200;2022-04-25T19:24:58.730Z
70645f;data;"1479626100,4655,6267,2570870,3512320,4602,3472,1610838,3198824,4616,3347,1711668,2936052,3313,4598,1775402,2643642,4669,6219,2597742,3463970,6238,4658,2223146,4215144,4630,3471,1664387,3208622,3464,4659,1966806,2619304,6242,4605,2216244,4197046,5690,7670,3200049,4198177,3478,4669,1976109,2624751,4637,3475,1667574,3163257";2022-04-25T19:24:58.730Z
70645f;temperatura;9;2022-04-25T19:24:59.800Z
70645f;umidade;79;2022-04-25T19:24:59.800Z
70645f;tempo;1650914698112906000;2022-04-25T19:24:59.800Z
70645f;data;"1479626100,4655,6267,2570870,3512320,4602,3472,1610838,3198824,4616,3347,1711668,2936052,3313,4598,1775402,2643642,4669,6219,2597742,3463970,6238,4658,2223146,4215144,4630,3471,1664387,3208622,3464,4659,1966806,2619304,6242,4605,2216244,4197046,5690,7670,3200049,4198177,3478,4669,1976109,2624751,4637,3475,1667574,3163257";2022-04-25T19:24:59.800Z
70645f;temperatura;23;2022-04-25T19:25:29.262Z
70645f;umidade;70;2022-04-25T19:25:29.262Z
70645f;tempo;1650914727669632500;2022-04-25T19:25:29.262Z
70645f;data;"1479626101,4410,6007,2384576,3429837,4553,3267,1691312,2816362,4454,3287,1534640,2925127,3297,4480,1797869,2428046,4345,6056,2361508,3353078,6038,4374,2166432,3963172,4408,3296,1604277,2856723,3291,4391,1729845,2505471,5847,4368,2115364,4020749,5449,7330,3003378,4111493,3228,4396,1725367,2542444,4392,3221,1598146,2836510";2022-04-25T19:25:29.262Z
70645f;temperatura;34;2022-04-25T19:25:30.345Z
70645f;umidade;1;2022-04-25T19:25:30.345Z
70645f;tempo;1650914728666199800;2022-04-25T19:25:30.345Z
70645f;data;"1479626101,4410,6007,2384576,3429837,4553,3267,1691312,2816362,4454,3287,1534640,2925127,3297,4480,1797869,2428046,4345,6056,2361508,3353078,6038,4374,2166432,3963172,4408,3296,1604277,2856723,3291,4391,1729845,2505471,5847,4368,2115364,4020749,5449,7330,3003378,4111493,3228,4396,1725367,2542444,4392,3221,1598146,2836510";2022-04-25T19:25:30.345Z
70645f;temperatura;8;2022-04-25T19:25:59.826Z
70645f;umidade;20;2022-04-25T19:25:59.826Z
70645f;tempo;1650914758229432800;2022-04-25T19:25:59.826Z
70645f;data;"1479626103,4577,6007,2587039,3260417,4525,3421,1592536,3049576,4325,3250,1547660,2873723,3265,4320,1762675,2399149,4609,6052,2674551,3159233,6067,4603,2067999,4338622,4512,3349,1694192,2964850,3315,4516,1772944,2654985,6064,4500,2244440,4008165,5613,7508,3046470,4237326,3275,4391,1835998,2498532,4358,3289,1579161,3027230";2022-04-25T19:25:59.826Z
70645f;temperatura;26;2022-04-25T19:26:00.897Z
70645f;umidade;17;2022-04-25T19:26:00.897Z
70645f;tempo;1650914759215279900;2022-04-25T19:26:00.897Z
70645f;data;"1479626103,4577,6007,2587039,3260417,4525,3421,1592536,3049576,4325,3250,1547660,2873723,3265,4320,1762675,2399149,4609,6052,2674551,3159233,6067,4603,2067999,4338622,4512,3349,1694192,2964850,3315,4516,1772944,2654985,6064,4500,2244440,4008165,5613,7508,3046470,4237326,3275,4391,1835998,2498532,4358,3289,1579161,3027230";2022-04-25T19:26:00.897Z
70645f;temperatura;34;2022-04-25T19:26:30.366Z
70645f;umidade;7;2022-04-25T19:26:30.366Z
70645f;tempo;1650914788778793000;2022-04-25T19:26:30.366Z
70645f;data;"1479626104,4511,6083,2379199,3471056,4399,3312,1565305,2963125,4609,3539,1635108,3253706,3524,4612,1997252,2555874,4556,5983,2358868,3557771,5986,4568,2253755,3932560,4389,3278,1479038,2926249,3272,4382,1813827,2302124,5959,4436,2086201,4077522,5551,7404,3141726,4059361,3392,4544,1774005,2533411,4565,3380,1613521,2904074";2022-04-25T19:26:30.366Z
70645f;temperatura;9;2022-04-25T19:26:31.441Z
70645f;umidade;1;2022-04-25T19:26:31.441Z
70645f;tempo;1650914789767955700;2022-04-25T19:26:31.441Z
70645f;data;"1479626104,4511,6083,2379199,3471056,4399,3312,1565305,2963125,4609,3539,1635108,3253706,3524,4612,1997252,2555874,4556,5983,2358868,3557771,5986,4568,2253755,3932560,4389,3278,1479038,2926249,3272,4382,1813827,2302124,5959,4436,2086201,4077522,5551,7404,3141726,4059361,3392,4544,1774005,2533411,4565,3380,1613521,2904074";2022-04-25T19:26:31.441Z
70645f;temperatura;24;2022-04-25T19:27:00.906Z
70645f;umidade;83;2022-04-25T19:27:00.906Z
70645f;tempo;1650914819322349000;2022-04-25T19:27:00.906Z
70645f;data;"1479626107,4670,6213,2623369,3428486,4564,3454,1582884,3230104,4477,3353,1647310,3058415,3341,4396,1847575,2499045,4548,6137,2485004,3390052,6164,4547,2185852,4042112,4552,3443,1615808,3262270,3452,4554,1980777,2523336,6080,4591,2136809,4352591,5653,7523,3208107,4056913,3305,4497,1920736,2533409,4476,3299,1602608,3154333";2022-04-25T19:27:00.906Z
70645f;temperatura;9;2022-04-25T19:27:01.990Z
70645f;umidade;2;2022-04-25T19:27:01.990Z
70645f;tempo;1650914820311500500;2022-04-25T19:27:01.990Z
70645f;data;"1479626107,4670,6213,2623369,3428486,4564,3454,1582884,3230104,4477,3353,1647310,3058415,3341,4396,1847575,2499045,4548,6137,2485004,3390052,6164,4547,2185852,4042112,4552,3443,1615808,3262270,3452,4554,1980777,2523336,6080,4591,2136809,4352591,5653,7523,3208107,4056913,3305,4497,1920736,2533409,4476,3299,1602608,3154333";2022-04-25T19:27:01.990Z
70645f;temperatura;20;2022-04-25T19:27:31.443Z
70645f;umidade;41;2022-04-25T19:27:31.443Z
70645f;tempo;1650914849868283400;2022-04-25T19:27:31.443Z
70645f;data;"1479626108,4325,5964,2322623,3426859,4619,3273,1749138,2807699,4650,3371,1716709,2883489,3375,4736,1738100,2787211,4464,6033,2471308,3371262,6016,4486,2159709,4162811,4543,3276,1719273,2843926,3299,4565,1726659,2727036,5985,4411,2207236,3997965,5565,7506,3038139,4296852,3448,4668,1762490,2815725,4668,3450,1774614,2925286";2022-04-25T19:27:31.443Z
70645f;temperatura;39;2022-04-25T19:27:32.527Z
70645f;umidade;82;2022-04-25T19:27:32.527Z
70645f;tempo;1650914850861334500;2022-04-25T19:27:32.527Z
70645f;data;"1479626108,4325,5964,2322623,3426859,4619,3273,1749138,2807699,4650,3371,1716709,2883489,3375,4736,1738100,2787211,4464,6033,2471308,3371262,6016,4486,2159709,4162811,4543,3276,1719273,2843926,3299,4565,1726659,2727036,5985,4411,2207236,3997965,5565,7506,3038139,4296852,3448,4668,1762490,2815725,4668,3450,1774614,2925286";2022-04-25T19:27:32.527Z
70645f;temperatura;32;2022-04-25T19:28:01.996Z
70645f;umidade;18;2022-04-25T19:28:01.996Z
70645f;tempo;1650914880405900800;2022-04-25T19:28:01.996Z
70645f;data;"1479626109,4545,6100,2485662,3416270,4640,3424,1636353,3036399,4688,3485,1690490,3220530,3494,4686,1938493,2666205,4459,6061,2380834,3532268,6043,4448,2235720,3952073,4730,3431,1697117,2961958,3426,4729,1803953,2669786,6257,4620,2260895,4178305,5740,7696,3160438,4354882,3396,4641,1806622,2581499,4651,3359,1637137,2923153";2022-04-25T19:28:01.996Z
70645f;temperatura;9;2022-04-25T19:28:03.077Z
70645f;umidade;85;2022-04-25T19:28:03.077Z
70645f;tempo;1650914881400648000;2022-04-25T19:28:03.077Z
70645f;data;"1479626109,4545,6100,2485662,3416270,4640,3424,1636353,3036399,4688,3485,1690490,3220530,3494,4686,1938493,2666205,4459,6061,2380834,3532268,6043,4448,2235720,3952073,4730,3431,1697117,2961958,3426,4729,1803953,2669786,6257,4620,2260895,4178305,5740,7696,3160438,4354882,3396,4641,1806622,2581499,4651,3359,1637137,2923153";2022-04-25T19:28:03.077Z
70645f;temperatura;18;2022-04-25T19:28:32.551Z
70645f;umidade;42;2022-04-25T19:28:32.551Z
70645f;tempo;1650914910955286300;2022-04-25T19:28:32.551Z
70645f;data;"1479626110,4495,6061,2503917,3475147,4560,3392,1682088,3104597,4515,3315,1708732,2881346,3309,4511,1734530,2697506,4550,6040,2582645,3304057,6052,4562,2113085,4330267,4567,3390,1721068,3122700,3372,4567,1850560,2701296,6107,4485,2268302,4058213,5629,7643,3030357,4416460,3403,4604,1888089,2733832,4596,3447,1729432,3201551";2022-04-25T19:28:32.551Z
70645f;temperatura;11;2022-04-25T19:28:33.623Z
70645f;umidade;14;2022-04-25T19:28:33.623Z
70645f;tempo;1650914911948378000;2022-04-25T19:28:33.623Z
70645f;data;"1479626110,4495,6061,2503917,3475147,4560,3392,1682088,3104597,4515,3315,1708732,2881346,3309,4511,1734530,2697506,4550,6040,2582645,3304057,6052,4562,2113085,4330267,4567,3390,1721068,3122700,3372,4567,1850560,2701296,6107,4485,2268302,4058213,5629,7643,3030357,4416460,3403,4604,1888089,2733832,4596,3447,1729432,3201551";2022-04-25T19:28:33.623Z
70645f;temperatura;32;2022-04-25T19:29:03.085Z
70645f;umidade;47;2022-04-25T19:29:03.085Z
70645f;tempo;1650914941506940200;2022-04-25T19:29:03.085Z
70645f;data;"1479626111,4530,6197,2371820,3562430,4755,3409,1768826,2862027,4644,3375,1605404,3047030,3367,4613,1867781,2448221,4543,6247,2362094,3710396,6241,4510,2368259,3922543,4450,3305,1547478,2846553,3297,4446,1767950,2409163,5817,4330,2006724,4006620,5507,7405,3100071,4020983,3410,4658,1790934,2550762,4671,3393,1622897,2894788";2022-04-25T19:29:03.085Z
70645f;temperatura;19;2022-04-25T19:29:04.182Z
70645f;umidade;86;2022-04-25T19:29:04.182Z
70645f;tempo;1650914942496440800;2022-04-25T19:29:04.182Z
70645f;data;"1479626111,4530,6197,2371820,3562430,4755,3409,1768826,2862027,4644,3375,1605404,3047030,3367,4613,1867781,2448221,4543,6247,2362094,3710396,6241,4510,2368259,3922543,4450,3305,1547478,2846553,3297,4446,1767950,2409163,5817,4330,2006724,4006620,5507,7405,3100071,4020983,3410,4658,1790934,2550762,4671,3393,1622897,2894788";2022-04-25T19:29:04.182Z
70645f;temperatura;34;2022-04-25T19:29:33.634Z
70645f;umidade;10;2022-04-25T19:29:33.634Z
70645f;tempo;1650914972047452700;2022-04-25T19:29:33.634Z
70645f;data;"1479626112,4573,6045,2615655,3331234,4541,3452,1603713,3246407,4439,3326,1651226,3054971,3332,4452,1835796,2590515,4501,5973,2559410,3211997,5984,4541,2069697,4213609,4618,3453,1657831,3271967,3462,4632,1972412,2604484,6106,4567,2179722,4275136,5607,7457,3149030,4097153,3393,4470,1931215,2583116,4455,3403,1638524,3216091";2022-04-25T19:29:33.634Z
70645f;temperatura;36;2022-04-25T19:29:34.732Z
70645f;umidade;26;2022-04-25T19:29:34.732Z
70645f;tempo;1650914973037809700;2022-04-25T19:29:34.732Z
70645f;data;"1479626112,4573,6045,2615655,3331234,4541,3452,1603713,3246407,4439,3326,1651226,3054971,3332,4452,1835796,2590515,4501,5973,2559410,3211997,5984,4541,2069697,4213609,4618,3453,1657831,3271967,3462,4632,1972412,2604484,6106,4567,2179722,4275136,5607,7457,3149030,4097153,3393,4470,1931215,2583116,4455,3403,1638524,3216091";2022-04-25T19:29:34.732Z
70645f;temperatura;4;2022-04-25T19:30:04.174Z
70645f;umidade;6;2022-04-25T19:30:04.174Z
70645f;tempo;1650915002594754800;2022-04-25T19:30:04.174Z
70645f;data;"1479626113,4338,5875,2342927,3360091,4425,3260,1648666,2849829,4590,3345,1612260,2939874,3350,4578,1787382,2550491,4395,5916,2425461,3312723,5915,4383,2133623,4054052,4473,3302,1664997,2840084,3315,4462,1727779,2638775,5893,4360,2141679,3945892,5600,7662,3003295,4464064,3326,4570,1728997,2619598,4564,3332,1644200,2857391";2022-04-25T19:30:04.174Z
70645f;temperatura;11;2022-04-25T19:30:05.264Z
70645f;umidade;59;2022-04-25T19:30:05.264Z
70645f;tempo;1650915003586163700;2022-04-25T19:30:05.264Z
70645f;data;"1479626113,4338,5875,2342927,3360091,4425,3260,1648666,2849829,4590,3345,1612260,2939874,3350,4578,1787382,2550491,4395,5916,2425461,3312723,5915,4383,2133623,4054052,4473,3302,1664997,2840084,3315,4462,1727779,2638775,5893,4360,2141679,3945892,5600,7662,3003295,4464064,3326,4570,1728997,2619598,4564,3332,1644200,2857391";2022-04-25T19:30:05.264Z
70645f;temperatura;12;2022-04-25T19:30:34.741Z
70645f;umidade;65;2022-04-25T19:30:34.741Z
70645f;tempo;1650915033135700000;2022-04-25T19:30:34.741Z
70645f;data;"1479626114,4552,5969,2639355,3247238,4430,3370,1505740,3273119,4431,3363,1582069,3174321,3356,4464,1931687,2481249,4349,5936,2414867,3303163,5922,4348,2089238,3989257,4498,3341,1535798,3127885,3342,4488,1932671,2388422,6055,4610,2110244,4427699,5665,7479,3265913,4040349,3380,4471,1990060,2467295,4488,3381,1572107,3241200";2022-04-25T19:30:34.741Z
70645f;temperatura;11;2022-04-25T19:30:35.815Z
70645f;umidade;36;2022-04-25T19:30:35.815Z
70645f;tempo;1650915034132379000;2022-04-25T19:30:35.815Z
70645f;data;"1479626114,4552,5969,2639355,3247238,4430,3370,1505740,3273119,4431,3363,1582069,3174321,3356,4464,1931687,2481249,4349,5936,2414867,3303163,5922,4348,2089238,3989257,4498,3341,1535798,3127885,3342,4488,1932671,2388422,6055,4610,2110244,4427699,5665,7479,3265913,4040349,3380,4471,1990060,2467295,4488,3381,1572107,3241200";2022-04-25T19:30:35.815Z
70645f;temperatura;40;2022-04-25T19:31:05.249Z
70645f;umidade;46;2022-04-25T19:31:05.249Z
70645f;tempo;1650915063676976000;2022-04-25T19:31:05.249Z
70645f;data;"1479626116,4474,6038,2505385,3142812,4579,3300,1517581,2831344,4833,3533,1681520,3044959,3531,4815,1963893,2588378,4335,5966,2352768,3199504,5966,4327,2098429,3746678,4872,3404,1738696,2682409,3412,4870,1734434,2737814,6420,4679,2323030,4013329,5802,8004,3086881,4520716,3436,4833,1831012,2617527,4857,3443,1678038,2810179";2022-04-25T19:31:05.249Z
70645f;temperatura;5;2022-04-25T19:31:06.343Z
70645f;umidade;22;2022-04-25T19:31:06.343Z
70645f;tempo;1650915064674452200;2022-04-25T19:31:06.343Z
70645f;data;"1479626116,4474,6038,2505385,3142812,4579,3300,1517581,2831344,4833,3533,1681520,3044959,3531,4815,1963893,2588378,4335,5966,2352768,3199504,5966,4327,2098429,3746678,4872,3404,1738696,2682409,3412,4870,1734434,2737814,6420,4679,2323030,4013329,5802,8004,3086881,4520716,3436,4833,1831012,2617527,4857,3443,1678038,2810179";2022-04-25T19:31:06.343Z
70645f;temperatura;6;2022-04-25T19:31:35.798Z
70645f;umidade;35;2022-04-25T19:31:35.798Z
70645f;tempo;1650915094213707000;2022-04-25T19:31:35.798Z
70645f;data;"1479626117,4632,6545,2458902,3730554,4798,3487,1745749,3024816,4565,3259,1718775,2842493,3258,4549,1720955,2697535,4814,6500,2614468,3615482,6468,4818,2327050,4221265,4549,3450,1661626,3233819,3428,4564,1937479,2617518,6066,4439,2172415,4112442,5683,7741,3076070,4401148,3369,4552,1860508,2684963,4577,3365,1711549,3085432";2022-04-25T19:31:35.798Z
70645f;temperatura;5;2022-04-25T19:31:36.890Z
70645f;umidade;66;2022-04-25T19:31:36.890Z
70645f;tempo;1650915095214195000;2022-04-25T19:31:36.890Z
70645f;data;"1479626117,4632,6545,2458902,3730554,4798,3487,1745749,3024816,4565,3259,1718775,2842493,3258,4549,1720955,2697535,4814,6500,2614468,3615482,6468,4818,2327050,4221265,4549,3450,1661626,3233819,3428,4564,1937479,2617518,6066,4439,2172415,4112442,5683,7741,3076070,4401148,3369,4552,1860508,2684963,4577,3365,1711549,3085432";2022-04-25T19:31:36.890Z
70645f;temperatura;37;2022-04-25T19:32:06.356Z
70645f;umidade;53;2022-04-25T19:32:06.356Z
70645f;tempo;1650915124757800200;2022-04-25T19:32:06.356Z
70645f;data;"1479626119,4473,5985,2599124,3247205,4490,3385,1554739,3304154,4390,3291,1542605,3117219,3279,4393,1894034,2379879,4465,5917,2538740,3252175,5952,4447,2072775,4188714,4350,3302,1434799,3194950,3358,4359,2018707,2196749,5907,4416,1958816,4356639,5603,7431,3275885,3908023,3359,4384,2003619,2352490,4381,3349,1525045,3250106";2022-04-25T19:32:06.356Z
70645f;temperatura;25;2022-04-25T19:32:07.442Z
70645f;umidade;100;2022-04-25T19:32:07.442Z
70645f;tempo;1650915125758345700;2022-04-25T19:32:07.442Z
70645f;data;"1479626119,4473,5985,2599124,3247205,4490,3385,1554739,3304154,4390,3291,1542605,3117219,3279,4393,1894034,2379879,4465,5917,2538740,3252175,5952,4447,2072775,4188714,4350,3302,1434799,3194950,3358,4359,2018707,2196749,5907,4416,1958816,4356639,5603,7431,3275885,3908023,3359,4384,2003619,2352490,4381,3349,1525045,3250106";2022-04-25T19:32:07.442Z
70645f;temperatura;26;2022-04-25T19:32:36.901Z
70645f;umidade;9;2022-04-25T19:32:36.901Z
70645f;tempo;1650915155305625600;2022-04-25T19:32:36.901Z
70645f;data;"1479626120,4248,5710,2441210,3042104,4271,3130,1479410,2852417,4378,3226,1486994,2889731,3226,4357,1787558,2274124,4308,5808,2521535,2966172,5761,4319,1928573,4166727,4471,3241,1609377,2838901,3194,4476,1754333,2485310,5930,4429,2130734,3927427,5545,7483,3018034,4113813,3204,4302,1765918,2365377,4299,3190,1496365,2835014";2022-04-25T19:32:36.901Z
70645f;temperatura;9;2022-04-25T19:32:37.991Z
70645f;umidade;36;2022-04-25T19:32:37.991Z
70645f;tempo;1650915156311010800;2022-04-25T19:32:37.991Z
70645f;data;"1479626120,4248,5710,2441210,3042104,4271,3130,1479410,2852417,4378,3226,1486994,2889731,3226,4357,1787558,2274124,4308,5808,2521535,2966172,5761,4319,1928573,4166727,4471,3241,1609377,2838901,3194,4476,1754333,2485310,5930,4429,2130734,3927427,5545,7483,3018034,4113813,3204,4302,1765918,2365377,4299,3190,1496365,2835014";2022-04-25T19:32:37.991Z
70645f;temperatura;28;2022-04-25T19:33:07.439Z
70645f;umidade;14;2022-04-25T19:33:07.439Z
70645f;tempo;1650915185850435000;2022-04-25T19:33:07.439Z
70645f;data;"1479626121,4513,5984,2518034,3119648,4557,3420,1545646,2993336,4720,3494,1641788,3033050,3499,4725,1962109,2484039,4393,5867,2405939,3245337,5870,4405,2107100,3895242,4683,3392,1594732,2782556,3416,4665,1807751,2428016,6105,4572,2080849,4160408,5763,7592,3271335,3961618,3431,4692,1885191,2478851,4694,3432,1608139,2899972";2022-04-25T19:33:07.439Z
70645f;temperatura;8;2022-04-25T19:33:08.543Z
70645f;umidade;37;2022-04-25T19:33:08.543Z
70645f;tempo;1650915186857611500;2022-04-25T19:33:08.543Z
70645f;data;"1479626121,4513,5984,2518034,3119648,4557,3420,1545646,2993336,4720,3494,1641788,3033050,3499,4725,1962109,2484039,4393,5867,2405939,3245337,5870,4405,2107100,3895242,4683,3392,1594732,2782556,3416,4665,1807751,2428016,6105,4572,2080849,4160408,5763,7592,3271335,3961618,3431,4692,1885191,2478851,4694,3432,1608139,2899972";2022-04-25T19:33:08.543Z
