ID,KBIn,PktIn,KBOut,PktOut,Data_original,Unix_time  
1,ï»¿1,4,6,1,2022-04-25-16:02:31,1650927751000031
2,0,1,2,0,2022-04-25-16:02:32,1650927752000032
3,0,2,4,1,2022-04-25-16:02:33,1650927753000033
4,0,1,1,0,2022-04-25-16:02:34,1650927754000034
5,1,8,9,1,2022-04-25-16:02:35,1650927755000035
6,1,8,7,1,2022-04-25-16:02:36,1650927756000036
7,1,5,7,2,2022-04-25-16:02:37,1650927757000037
8,0,1,1,0,2022-04-25-16:02:38,1650927758000038
9,0,2,4,0,2022-04-25-16:02:39,1650927759000039
10,0,1,2,0,2022-04-25-16:02:40,165092776000004
11,6,19,19,2,2022-04-25-16:02:41,1650927761000041
12,0,5,9,13,2022-04-25-16:02:42,1650927762000042
13,6,11,19,17,2022-04-25-16:02:43,1650927763000043
14,3,7,12,5,2022-04-25-16:02:44,1650927764000044
15,5,14,20,6,2022-04-25-16:02:45,1650927765000045
16,0,1,1,0,2022-04-25-16:02:46,1650927766000046
17,0,1,4,1,2022-04-25-16:02:47,1650927767000047
18,0,1,2,0,2022-04-25-16:02:48,1650927768000048
19,0,1,3,0,2022-04-25-16:02:49,1650927769000049
20,0,1,1,0,2022-04-25-16:02:50,165092777000005
21,0,1,3,0,2022-04-25-16:02:51,1650927771000051
22,1,3,2,0,2022-04-25-16:02:52,1650927772000052
23,0,1,3,0,2022-04-25-16:02:53,1650927773000053
24,0,1,1,0,2022-04-25-16:02:54,1650927774000054
25,0,7,10,1,2022-04-25-16:02:55,1650927775000055
26,0,1,2,0,2022-04-25-16:02:56,1650927776000056
27,0,1,4,1,2022-04-25-16:02:57,1650927777000057
28,0,1,1,0,2022-04-25-16:02:58,1650927778000058
29,0,1,3,0,2022-04-25-16:02:59,1650927779000059
30,0,2,2,0,2022-04-25-16:03:0,16509277800
31,0,2,3,0,2022-04-25-16:03:1,1650927781000001
32,0,1,1,0,2022-04-25-16:03:2,1650927782000002
33,0,1,3,0,2022-04-25-16:03:3,1650927783000003
34,0,1,2,0,2022-04-25-16:03:4,1650927784000004
35,0,7,9,1,2022-04-25-16:03:5,1650927785000005
36,1,8,6,1,2022-04-25-16:03:6,1650927786000006
37,2,12,12,2,2022-04-25-16:03:7,1650927787000007
38,1,5,6,2,2022-04-25-16:03:8,1650927788000008
39,0,3,4,0,2022-04-25-16:03:9,1650927789000009
40,2,6,5,1,2022-04-25-16:03:10,165092779000001
41,0,1,3,0,2022-04-25-16:03:11,1650927791000011
42,0,1,2,0,2022-04-25-16:03:12,1650927792000012
43,0,1,3,0,2022-04-25-16:03:13,1650927793000013
44,0,1,1,0,2022-04-25-16:03:14,1650927794000014
45,1,4,5,0,2022-04-25-16:03:15,1650927795000015
46,0,1,2,0,2022-04-25-16:03:16,1650927796000016
47,0,2,3,0,2022-04-25-16:03:17,1650927797000017
48,0,2,2,0,2022-04-25-16:03:18,1650927798000018
49,0,1,3,0,2022-04-25-16:03:19,1650927799000019
50,1,5,5,0,2022-04-25-16:03:20,165092780000002
51,0,1,3,0,2022-04-25-16:03:21,1650927801000021
52,0,1,2,0,2022-04-25-16:03:22,1650927802000022
53,0,1,3,0,2022-04-25-16:03:23,1650927803000023
54,0,2,2,0,2022-04-25-16:03:24,1650927804000024
55,0,3,5,0,2022-04-25-16:03:25,1650927805000025
56,0,1,2,1,2022-04-25-16:03:26,1650927806000026
57,0,1,3,0,2022-04-25-16:03:27,1650927807000027
58,0,2,3,0,2022-04-25-16:03:28,1650927808000028
59,0,2,4,0,2022-04-25-16:03:29,1650927809000029
60,0,4,5,0,2022-04-25-16:03:30,165092781000003
61,0,1,4,0,2022-04-25-16:03:31,1650927811000031
62,0,1,2,0,2022-04-25-16:03:32,1650927812000032
63,0,1,3,0,2022-04-25-16:03:33,1650927813000033
64,0,1,1,0,2022-04-25-16:03:34,1650927814000034
65,1,7,9,1,2022-04-25-16:03:35,1650927815000035
66,1,8,7,1,2022-04-25-16:03:36,1650927816000036
67,2,12,12,2,2022-04-25-16:03:37,1650927817000037
68,0,1,1,0,2022-04-25-16:03:38,1650927818000038
69,2,8,9,2,2022-04-25-16:03:39,1650927819000039
70,0,2,2,0,2022-04-25-16:03:40,165092782000004
71,0,1,3,0,2022-04-25-16:03:41,1650927821000041
72,0,1,2,1,2022-04-25-16:03:42,1650927822000042
73,0,1,3,0,2022-04-25-16:03:43,1650927823000043
74,0,1,2,0,2022-04-25-16:03:44,1650927824000044
75,0,3,5,0,2022-04-25-16:03:45,1650927825000045
76,0,1,1,0,2022-04-25-16:03:46,1650927826000046
77,0,2,4,0,2022-04-25-16:03:47,1650927827000047
78,0,1,2,0,2022-04-25-16:03:48,1650927828000048
79,0,5,6,1,2022-04-25-16:03:49,1650927829000049
80,0,3,3,0,2022-04-25-16:03:50,165092783000005
81,0,2,3,0,2022-04-25-16:03:51,1650927831000051
82,0,1,2,0,2022-04-25-16:03:52,1650927832000052
83,0,1,3,0,2022-04-25-16:03:53,1650927833000053
84,0,1,1,0,2022-04-25-16:03:54,1650927834000054
85,0,3,5,0,2022-04-25-16:03:55,1650927835000055
86,0,1,2,0,2022-04-25-16:03:56,1650927836000056
87,0,3,5,1,2022-04-25-16:03:57,1650927837000057
88,0,1,1,0,2022-04-25-16:03:58,1650927838000058
89,0,3,5,0,2022-04-25-16:03:59,1650927839000059
90,1,9,10,2,2022-04-25-16:04:0,16509278400
91,0,2,3,0,2022-04-25-16:04:1,1650927841000001
92,0,2,1,0,2022-04-25-16:04:2,1650927842000002
93,0,1,3,0,2022-04-25-16:04:3,1650927843000003
94,0,1,2,0,2022-04-25-16:04:4,1650927844000004
95,0,3,3,0,2022-04-25-16:04:5,1650927845000005
96,0,1,1,0,2022-04-25-16:04:6,1650927846000006
97,1,8,8,1,2022-04-25-16:04:7,1650927847000007
98,2,12,11,2,2022-04-25-16:04:8,1650927848000008
99,1,6,8,2,2022-04-25-16:04:9,1650927849000009
100,1,4,3,0,2022-04-25-16:04:10,165092785000001
101,0,1,3,0,2022-04-25-16:04:11,1650927851000011
102,0,1,2,0,2022-04-25-16:04:12,1650927852000012
103,0,1,4,1,2022-04-25-16:04:13,1650927853000013
104,0,1,1,0,2022-04-25-16:04:14,1650927854000014
105,0,2,3,0,2022-04-25-16:04:15,1650927855000015
106,0,2,1,0,2022-04-25-16:04:16,1650927856000016
107,0,1,2,0,2022-04-25-16:04:17,1650927857000017
108,0,1,1,0,2022-04-25-16:04:18,1650927858000018
109,0,4,4,0,2022-04-25-16:04:19,1650927859000019
110,0,1,1,0,2022-04-25-16:04:20,165092786000002
111,0,2,2,0,2022-04-25-16:04:21,1650927861000021
112,0,1,1,0,2022-04-25-16:04:22,1650927862000022
113,0,1,1,0,2022-04-25-16:04:23,1650927863000023
114,0,1,1,0,2022-04-25-16:04:24,1650927864000024
115,1,5,5,1,2022-04-25-16:04:25,1650927865000025
116,0,1,1,0,2022-04-25-16:04:26,1650927866000026
117,0,2,2,0,2022-04-25-16:04:27,1650927867000027
118,0,1,2,0,2022-04-25-16:04:28,1650927868000028
119,0,2,2,0,2022-04-25-16:04:29,1650927869000029
120,0,1,3,1,2022-04-25-16:04:30,165092787000003
121,0,1,2,0,2022-04-25-16:04:31,1650927871000031
122,0,1,1,0,2022-04-25-16:04:32,1650927872000032
123,0,1,1,0,2022-04-25-16:04:33,1650927873000033
124,0,1,2,0,2022-04-25-16:04:34,1650927874000034
125,1,5,5,0,2022-04-25-16:04:35,1650927875000035
126,0,1,2,0,2022-04-25-16:04:36,1650927876000036
127,1,9,6,1,2022-04-25-16:04:37,1650927877000037
128,2,12,10,2,2022-04-25-16:04:38,1650927878000038
129,0,2,2,0,2022-04-25-16:04:39,1650927879000039
130,1,5,5,2,2022-04-25-16:04:40,165092788000004
131,0,1,1,0,2022-04-25-16:04:41,1650927881000041
132,0,1,1,0,2022-04-25-16:04:42,1650927882000042
133,0,1,1,0,2022-04-25-16:04:43,1650927883000043
134,0,1,1,0,2022-04-25-16:04:44,1650927884000044
135,0,3,2,1,2022-04-25-16:04:45,1650927885000045
136,0,1,1,0,2022-04-25-16:04:46,1650927886000046
137,0,1,1,0,2022-04-25-16:04:47,1650927887000047
138,0,1,2,0,2022-04-25-16:04:48,1650927888000048
139,0,1,2,0,2022-04-25-16:04:49,1650927889000049
140,2,6,6,1,2022-04-25-16:04:50,165092789000005
141,0,1,1,0,2022-04-25-16:04:51,1650927891000051
142,0,1,1,0,2022-04-25-16:04:52,1650927892000052
143,0,2,1,0,2022-04-25-16:04:53,1650927893000053
144,0,1,1,0,2022-04-25-16:04:54,1650927894000054
145,0,1,1,0,2022-04-25-16:04:55,1650927895000055
146,0,1,1,0,2022-04-25-16:04:56,1650927896000056
147,0,1,1,0,2022-04-25-16:04:57,1650927897000057
148,0,2,1,0,2022-04-25-16:04:58,1650927898000058
149,0,1,1,0,2022-04-25-16:04:59,1650927899000059
150,0,4,4,0,2022-04-25-16:05:0,16509279000
151,0,1,1,0,2022-04-25-16:05:1,1650927901000001
152,0,1,2,0,2022-04-25-16:05:2,1650927902000002
153,0,1,2,0,2022-04-25-16:05:3,1650927903000003
154,0,1,3,0,2022-04-25-16:05:4,1650927904000004
155,0,1,1,0,2022-04-25-16:05:5,1650927905000005
156,0,2,2,1,2022-04-25-16:05:6,1650927906000006
157,0,1,1,0,2022-04-25-16:05:7,1650927907000007
158,1,8,6,1,2022-04-25-16:05:8,1650927908000008
159,2,14,11,2,2022-04-25-16:05:9,1650927909000009
160,0,1,2,1,2022-04-25-16:05:10,165092791000001
161,1,6,4,1,2022-04-25-16:05:11,1650927911000011
162,0,1,1,0,2022-04-25-16:05:12,1650927912000012
163,0,1,1,0,2022-04-25-16:05:13,1650927913000013
164,0,2,1,0,2022-04-25-16:05:14,1650927914000014
165,2,7,5,1,2022-04-25-16:05:15,1650927915000015
166,0,1,1,0,2022-04-25-16:05:16,1650927916000016
167,0,2,1,0,2022-04-25-16:05:17,1650927917000017
168,0,2,1,0,2022-04-25-16:05:18,1650927918000018
169,0,1,3,1,2022-04-25-16:05:19,1650927919000019
170,0,1,2,0,2022-04-25-16:05:20,165092792000002
171,0,1,2,0,2022-04-25-16:05:21,1650927921000021
172,0,1,1,0,2022-04-25-16:05:22,1650927922000022
173,0,1,1,0,2022-04-25-16:05:23,1650927923000023
174,0,1,1,0,2022-04-25-16:05:24,1650927924000024
175,0,5,4,0,2022-04-25-16:05:25,1650927925000025
176,0,2,1,0,2022-04-25-16:05:26,1650927926000026
177,0,2,1,0,2022-04-25-16:05:27,1650927927000027
178,0,1,1,0,2022-04-25-16:05:28,1650927928000028
179,0,2,1,0,2022-04-25-16:05:29,1650927929000029
180,0,1,1,0,2022-04-25-16:05:30,165092793000003
181,0,1,1,0,2022-04-25-16:05:31,1650927931000031
182,0,1,1,0,2022-04-25-16:05:32,1650927932000032
183,0,3,2,0,2022-04-25-16:05:33,1650927933000033
184,0,1,1,0,2022-04-25-16:05:34,1650927934000034
185,0,4,6,1,2022-04-25-16:05:35,1650927935000035
186,0,1,1,0,2022-04-25-16:05:36,1650927936000036
187,0,2,1,0,2022-04-25-16:05:37,1650927937000037
188,1,8,6,1,2022-04-25-16:05:38,1650927938000038
189,2,11,11,2,2022-04-25-16:05:39,1650927939000039
190,1,7,7,1,2022-04-25-16:05:40,165092794000004
191,2,7,6,2,2022-04-25-16:05:41,1650927941000041
192,0,1,1,0,2022-04-25-16:05:42,1650927942000042
193,0,1,1,0,2022-04-25-16:05:43,1650927943000043
194,0,1,1,0,2022-04-25-16:05:44,1650927944000044
195,0,1,1,0,2022-04-25-16:05:45,1650927945000045
196,0,1,2,1,2022-04-25-16:05:46,1650927946000046
197,0,1,1,0,2022-04-25-16:05:47,1650927947000047
198,1,3,1,0,2022-04-25-16:05:48,1650927948000048
199,0,2,1,0,2022-04-25-16:05:49,1650927949000049
200,0,1,1,0,2022-04-25-16:05:50,165092795000005
201,0,4,4,0,2022-04-25-16:05:51,1650927951000051
202,0,1,1,0,2022-04-25-16:05:52,1650927952000052
203,0,1,1,0,2022-04-25-16:05:53,1650927953000053
204,0,1,1,0,2022-04-25-16:05:54,1650927954000054
205,0,2,1,0,2022-04-25-16:05:55,1650927955000055
206,0,2,1,0,2022-04-25-16:05:56,1650927956000056
207,0,2,1,0,2022-04-25-16:05:57,1650927957000057
208,0,1,1,0,2022-04-25-16:05:58,1650927958000058
209,0,1,1,0,2022-04-25-16:05:59,1650927959000059
210,0,1,2,0,2022-04-25-16:06:0,16509279600
211,0,4,6,1,2022-04-25-16:06:1,1650927961000001
212,0,2,2,0,2022-04-25-16:06:2,1650927962000002
213,0,2,1,0,2022-04-25-16:06:3,1650927963000003
214,0,1,1,0,2022-04-25-16:06:4,1650927964000004
215,1,6,5,1,2022-04-25-16:06:5,1650927965000005
216,0,2,1,0,2022-04-25-16:06:6,1650927966000006
217,0,1,1,0,2022-04-25-16:06:7,1650927967000007
218,0,1,1,0,2022-04-25-16:06:8,1650927968000008
219,1,9,7,1,2022-04-25-16:06:9,1650927969000009
220,2,12,10,2,2022-04-25-16:06:10,165092797000001
221,1,5,5,2,2022-04-25-16:06:11,1650927971000011
222,0,1,1,0,2022-04-25-16:06:12,1650927972000012
223,0,2,1,0,2022-04-25-16:06:13,1650927973000013
224,0,1,1,0,2022-04-25-16:06:14,1650927974000014
225,0,1,1,0,2022-04-25-16:06:15,1650927975000015
226,0,2,1,0,2022-04-25-16:06:16,1650927976000016
227,0,1,2,1,2022-04-25-16:06:17,1650927977000017
228,0,1,1,0,2022-04-25-16:06:18,1650927978000018
229,0,1,2,0,2022-04-25-16:06:19,1650927979000019
230,0,1,2,0,2022-04-25-16:06:20,165092798000002
231,1,6,5,0,2022-04-25-16:06:21,1650927981000021
232,0,2,1,0,2022-04-25-16:06:22,1650927982000022
233,0,1,1,0,2022-04-25-16:06:23,1650927983000023
234,0,1,1,0,2022-04-25-16:06:24,1650927984000024
235,0,1,1,0,2022-04-25-16:06:25,1650927985000025
236,0,1,1,0,2022-04-25-16:06:26,1650927986000026
237,0,1,1,0,2022-04-25-16:06:27,1650927987000027
238,0,1,1,0,2022-04-25-16:06:28,1650927988000028
239,0,2,1,0,2022-04-25-16:06:29,1650927989000029
240,1,5,5,1,2022-04-25-16:06:30,165092799000003
241,1,3,2,0,2022-04-25-16:06:31,1650927991000031
242,0,1,1,0,2022-04-25-16:06:32,1650927992000032
243,0,1,1,0,2022-04-25-16:06:33,1650927993000033
244,0,1,1,0,2022-04-25-16:06:34,1650927994000034
245,0,1,2,1,2022-04-25-16:06:35,1650927995000035
246,0,1,1,0,2022-04-25-16:06:36,1650927996000036
247,0,2,2,0,2022-04-25-16:06:37,1650927997000037
248,0,1,2,0,2022-04-25-16:06:38,1650927998000038
249,1,9,9,1,2022-04-25-16:06:39,1650927999000039
250,0,5,4,0,2022-04-25-16:06:40,165092800000004
251,2,12,10,2,2022-04-25-16:06:41,1650928001000041
252,1,5,5,2,2022-04-25-16:06:42,1650928002000042
253,0,1,1,0,2022-04-25-16:06:43,1650928003000043
254,0,1,2,1,2022-04-25-16:06:44,1650928004000044
255,0,3,2,0,2022-04-25-16:06:45,1650928005000045
256,0,1,2,0,2022-04-25-16:06:46,1650928006000046
257,0,1,3,0,2022-04-25-16:06:47,1650928007000047
258,0,1,2,0,2022-04-25-16:06:48,1650928008000048
259,0,2,2,0,2022-04-25-16:06:49,1650928009000049
260,0,1,2,0,2022-04-25-16:06:50,165092801000005
261,0,1,3,1,2022-04-25-16:06:51,1650928011000051
262,0,4,5,0,2022-04-25-16:06:52,1650928012000052
263,0,2,1,0,2022-04-25-16:06:53,1650928013000053
264,0,1,1,0,2022-04-25-16:06:54,1650928014000054
265,1,5,5,1,2022-04-25-16:06:55,1650928015000055
266,0,1,1,0,2022-04-25-16:06:56,1650928016000056
267,0,1,2,0,2022-04-25-16:06:57,1650928017000057
268,0,1,1,0,2022-04-25-16:06:58,1650928018000058
269,0,2,1,0,2022-04-25-16:06:59,1650928019000059
270,0,1,1,0,2022-04-25-16:07:0,16509280200
271,0,2,1,0,2022-04-25-16:07:1,1650928021000001
272,0,1,1,0,2022-04-25-16:07:2,1650928022000002
273,0,1,1,0,2022-04-25-16:07:3,1650928023000003
274,0,1,1,0,2022-04-25-16:07:4,1650928024000004
275,0,4,5,1,2022-04-25-16:07:5,1650928025000005
276,0,1,2,0,2022-04-25-16:07:6,1650928026000006
277,0,2,2,0,2022-04-25-16:07:7,1650928027000007
278,0,1,2,0,2022-04-25-16:07:8,1650928028000008
279,0,2,2,0,2022-04-25-16:07:9,1650928029000009
280,1,8,6,1,2022-04-25-16:07:10,165092803000001
281,2,12,12,3,2022-04-25-16:07:11,1650928031000011
282,1,5,5,2,2022-04-25-16:07:12,1650928032000012
283,0,1,1,0,2022-04-25-16:07:13,1650928033000013
284,0,1,1,0,2022-04-25-16:07:14,1650928034000014
285,0,2,1,0,2022-04-25-16:07:15,1650928035000015
286,0,1,2,1,2022-04-25-16:07:16,1650928036000016
287,0,3,1,0,2022-04-25-16:07:17,1650928037000017
288,0,1,1,0,2022-04-25-16:07:18,1650928038000018
289,0,1,1,0,2022-04-25-16:07:19,1650928039000019
290,1,5,6,1,2022-04-25-16:07:20,165092804000002
291,0,1,2,0,2022-04-25-16:07:21,1650928041000021
292,0,1,2,0,2022-04-25-16:07:22,1650928042000022
293,0,1,1,0,2022-04-25-16:07:23,1650928043000023
294,0,1,1,0,2022-04-25-16:07:24,1650928044000024
295,0,3,1,0,2022-04-25-16:07:25,1650928045000025
296,0,1,1,0,2022-04-25-16:07:26,1650928046000026
297,0,2,2,0,2022-04-25-16:07:27,1650928047000027
298,0,1,1,0,2022-04-25-16:07:28,1650928048000028
299,0,2,1,0,2022-04-25-16:07:29,1650928049000029
300,0,4,4,0,2022-04-25-16:07:30,165092805000003
301,0,1,1,0,2022-04-25-16:07:31,1650928051000031
302,0,1,1,0,2022-04-25-16:07:32,1650928052000032
303,0,3,1,0,2022-04-25-16:07:33,1650928053000033
304,0,1,2,1,2022-04-25-16:07:34,1650928054000034
305,0,1,1,0,2022-04-25-16:07:35,1650928055000035
306,0,1,1,0,2022-04-25-16:07:36,1650928056000036
307,0,2,2,0,2022-04-25-16:07:37,1650928057000037
308,0,1,2,0,2022-04-25-16:07:38,1650928058000038
309,0,2,3,0,2022-04-25-16:07:39,1650928059000039
310,1,5,4,1,2022-04-25-16:07:40,165092806000004
311,1,8,6,1,2022-04-25-16:07:41,1650928061000041
312,2,12,10,2,2022-04-25-16:07:42,1650928062000042
313,1,6,5,2,2022-04-25-16:07:43,1650928063000043
314,0,1,1,0,2022-04-25-16:07:44,1650928064000044
315,1,5,6,1,2022-04-25-16:07:45,1650928065000045
316,0,1,4,1,2022-04-25-16:07:46,1650928066000046
317,0,1,2,0,2022-04-25-16:07:47,1650928067000047
318,0,1,1,0,2022-04-25-16:07:48,1650928068000048
319,0,1,1,0,2022-04-25-16:07:49,1650928069000049
320,0,1,1,0,2022-04-25-16:07:50,165092807000005
321,0,1,1,0,2022-04-25-16:07:51,1650928071000051
322,0,1,1,0,2022-04-25-16:07:52,1650928072000052
323,0,2,1,0,2022-04-25-16:07:53,1650928073000053
324,0,2,2,0,2022-04-25-16:07:54,1650928074000054
325,0,4,5,0,2022-04-25-16:07:55,1650928075000055
326,0,1,2,0,2022-04-25-16:07:56,1650928076000056
327,0,1,1,0,2022-04-25-16:07:57,1650928077000057
328,0,1,1,0,2022-04-25-16:07:58,1650928078000058
329,0,2,1,0,2022-04-25-16:07:59,1650928079000059
330,0,1,1,0,2022-04-25-16:08:0,16509280800
331,0,1,1,0,2022-04-25-16:08:1,1650928081000001
332,0,1,1,0,2022-04-25-16:08:2,1650928082000002
333,0,1,2,1,2022-04-25-16:08:3,1650928083000003
334,0,1,1,0,2022-04-25-16:08:4,1650928084000004
335,0,4,4,0,2022-04-25-16:08:5,1650928085000005
336,0,1,1,0,2022-04-25-16:08:6,1650928086000006
337,0,1,1,0,2022-04-25-16:08:7,1650928087000007
338,0,2,1,0,2022-04-25-16:08:8,1650928088000008
339,0,2,2,0,2022-04-25-16:08:9,1650928089000009
340,2,6,5,1,2022-04-25-16:08:10,165092809000001
341,1,8,6,1,2022-04-25-16:08:11,1650928091000011
342,2,12,10,2,2022-04-25-16:08:12,1650928092000012
343,1,6,6,2,2022-04-25-16:08:13,1650928093000013
344,0,1,2,0,2022-04-25-16:08:14,1650928094000014
345,0,1,1,0,2022-04-25-16:08:15,1650928095000015
346,0,1,1,0,2022-04-25-16:08:16,1650928096000016
347,0,2,1,0,2022-04-25-16:08:17,1650928097000017
348,0,1,1,0,2022-04-25-16:08:18,1650928098000018
349,0,1,2,0,2022-04-25-16:08:19,1650928099000019
350,0,2,2,0,2022-04-25-16:08:20,165092810000002
351,0,1,2,0,2022-04-25-16:08:21,1650928101000021
352,0,1,1,0,2022-04-25-16:08:22,1650928102000022
353,0,4,4,0,2022-04-25-16:08:23,1650928103000023
354,0,1,2,1,2022-04-25-16:08:24,1650928104000024
355,0,1,1,0,2022-04-25-16:08:25,1650928105000025
356,0,1,1,0,2022-04-25-16:08:26,1650928106000026
357,0,1,1,0,2022-04-25-16:08:27,1650928107000027
358,0,1,1,0,2022-04-25-16:08:28,1650928108000028
359,0,2,1,0,2022-04-25-16:08:29,1650928109000029
360,0,1,1,0,2022-04-25-16:08:30,165092811000003
361,0,1,2,1,2022-04-25-16:08:31,1650928111000031
362,0,1,1,0,2022-04-25-16:08:32,1650928112000032
363,0,4,4,0,2022-04-25-16:08:33,1650928113000033
364,0,1,2,0,2022-04-25-16:08:34,1650928114000034
365,1,5,6,1,2022-04-25-16:08:35,1650928115000035
366,0,2,2,0,2022-04-25-16:08:36,1650928116000036
367,0,1,1,0,2022-04-25-16:08:37,1650928117000037
368,0,1,2,1,2022-04-25-16:08:38,1650928118000038
369,0,2,2,0,2022-04-25-16:08:39,1650928119000039
370,0,1,1,0,2022-04-25-16:08:40,165092812000004
371,0,1,1,0,2022-04-25-16:08:41,1650928121000041
372,1,8,6,1,2022-04-25-16:08:42,1650928122000042
373,2,12,10,2,2022-04-25-16:08:43,1650928123000043
374,1,6,5,2,2022-04-25-16:08:44,1650928124000044
375,0,1,1,0,2022-04-25-16:08:45,1650928125000045
376,0,1,3,1,2022-04-25-16:08:46,1650928126000046
377,0,1,2,0,2022-04-25-16:08:47,1650928127000047
378,0,1,2,0,2022-04-25-16:08:48,1650928128000048
379,0,1,1,0,2022-04-25-16:08:49,1650928129000049
380,0,2,2,0,2022-04-25-16:08:50,165092813000005
381,0,1,1,0,2022-04-25-16:08:51,1650928131000051
382,0,2,1,0,2022-04-25-16:08:52,1650928132000052
383,0,2,2,0,2022-04-25-16:08:53,1650928133000053
384,0,4,4,0,2022-04-25-16:08:54,1650928134000054
385,0,1,1,0,2022-04-25-16:08:55,1650928135000055
386,0,1,1,0,2022-04-25-16:08:56,1650928136000056
387,0,1,1,0,2022-04-25-16:08:57,1650928137000057
388,0,1,1,0,2022-04-25-16:08:58,1650928138000058
389,0,2,1,0,2022-04-25-16:08:59,1650928139000059
390,1,5,5,1,2022-04-25-16:09:0,16509281400
391,0,1,2,0,2022-04-25-16:09:1,1650928141000001
392,0,1,2,0,2022-04-25-16:09:2,1650928142000002
393,0,1,3,1,2022-04-25-16:09:3,1650928143000003
394,0,1,1,0,2022-04-25-16:09:4,1650928144000004
395,0,1,1,0,2022-04-25-16:09:5,1650928145000005
396,0,2,1,0,2022-04-25-16:09:6,1650928146000006
397,0,1,1,0,2022-04-25-16:09:7,1650928147000007
398,0,1,1,0,2022-04-25-16:09:8,1650928148000008
399,0,4,2,0,2022-04-25-16:09:9,1650928149000009
400,1,7,7,1,2022-04-25-16:09:10,165092815000001
401,0,1,3,0,2022-04-25-16:09:11,1650928151000011
402,1,8,8,1,2022-04-25-16:09:12,1650928152000012
403,2,12,10,2,2022-04-25-16:09:13,1650928153000013
404,1,5,5,2,2022-04-25-16:09:14,1650928154000014
405,0,2,2,0,2022-04-25-16:09:15,1650928155000015
406,0,1,1,0,2022-04-25-16:09:16,1650928156000016
407,0,2,1,0,2022-04-25-16:09:17,1650928157000017
408,0,1,1,0,2022-04-25-16:09:18,1650928158000018
409,0,1,1,0,2022-04-25-16:09:19,1650928159000019
410,0,1,1,0,2022-04-25-16:09:20,165092816000002
411,0,1,1,0,2022-04-25-16:09:21,1650928161000021
412,0,1,1,0,2022-04-25-16:09:22,1650928162000022
413,0,1,1,0,2022-04-25-16:09:23,1650928163000023
414,1,5,4,0,2022-04-25-16:09:24,1650928164000024
415,1,5,5,1,2022-04-25-16:09:25,1650928165000025
416,0,2,1,0,2022-04-25-16:09:26,1650928166000026
417,0,1,1,0,2022-04-25-16:09:27,1650928167000027
418,0,1,1,0,2022-04-25-16:09:28,1650928168000028
419,0,1,2,1,2022-04-25-16:09:29,1650928169000029
420,0,1,3,1,2022-04-25-16:09:30,165092817000003
421,0,1,2,0,2022-04-25-16:09:31,1650928171000031
422,0,1,2,0,2022-04-25-16:09:32,1650928172000032
423,0,2,1,0,2022-04-25-16:09:33,1650928173000033
424,0,1,1,0,2022-04-25-16:09:34,1650928174000034
425,0,4,4,0,2022-04-25-16:09:35,1650928175000035
426,0,2,1,0,2022-04-25-16:09:36,1650928176000036
427,0,1,1,0,2022-04-25-16:09:37,1650928177000037
428,0,1,1,0,2022-04-25-16:09:38,1650928178000038
429,0,2,2,0,2022-04-25-16:09:39,1650928179000039
430,0,2,1,0,2022-04-25-16:09:40,165092818000004
431,0,1,1,0,2022-04-25-16:09:41,1650928181000041
432,0,1,1,0,2022-04-25-16:09:42,1650928182000042
433,1,8,6,1,2022-04-25-16:09:43,1650928183000043
434,2,13,11,2,2022-04-25-16:09:44,1650928184000044
435,1,5,6,2,2022-04-25-16:09:45,1650928185000045
436,0,1,2,0,2022-04-25-16:09:46,1650928186000046
437,0,1,1,0,2022-04-25-16:09:47,1650928187000047
438,0,1,1,0,2022-04-25-16:09:48,1650928188000048
439,0,2,2,1,2022-04-25-16:09:49,1650928189000049
440,1,5,5,1,2022-04-25-16:09:50,165092819000005
441,0,2,1,0,2022-04-25-16:09:51,1650928191000051
442,0,1,1,0,2022-04-25-16:09:52,1650928192000052
443,0,1,2,0,2022-04-25-16:09:53,1650928193000053
444,0,1,2,0,2022-04-25-16:09:54,1650928194000054
445,0,1,2,0,2022-04-25-16:09:55,1650928195000055
446,0,1,1,0,2022-04-25-16:09:56,1650928196000056
447,0,3,1,0,2022-04-25-16:09:57,1650928197000057
448,0,2,1,0,2022-04-25-16:09:58,1650928198000058
449,0,1,1,0,2022-04-25-16:09:59,1650928199000059
450,0,4,5,0,2022-04-25-16:10:0,16509282000
451,0,1,2,0,2022-04-25-16:10:1,1650928201000001
452,0,1,2,0,2022-04-25-16:10:2,1650928202000002
453,0,2,1,0,2022-04-25-16:10:3,1650928203000003
454,0,1,2,1,2022-04-25-16:10:4,1650928204000004
455,0,2,1,0,2022-04-25-16:10:5,1650928205000005
456,0,1,1,0,2022-04-25-16:10:6,1650928206000006
457,0,1,1,0,2022-04-25-16:10:7,1650928207000007
458,0,1,2,0,2022-04-25-16:10:8,1650928208000008
459,0,2,3,0,2022-04-25-16:10:9,1650928209000009
460,0,4,5,0,2022-04-25-16:10:10,165092821000001
461,0,1,1,0,2022-04-25-16:10:11,1650928211000011
462,0,1,1,0,2022-04-25-16:10:12,1650928212000012
463,1,8,6,1,2022-04-25-16:10:13,1650928213000013
464,2,12,10,2,2022-04-25-16:10:14,1650928214000014
465,1,5,5,1,2022-04-25-16:10:15,1650928215000015
466,1,5,4,2,2022-04-25-16:10:16,1650928216000016
467,0,2,1,0,2022-04-25-16:10:17,1650928217000017
468,0,1,1,0,2022-04-25-16:10:18,1650928218000018
469,0,1,1,0,2022-04-25-16:10:19,1650928219000019
470,0,1,1,0,2022-04-25-16:10:20,165092822000002
471,0,1,1,0,2022-04-25-16:10:21,1650928221000021
472,0,1,2,1,2022-04-25-16:10:22,1650928222000022
473,0,1,1,0,2022-04-25-16:10:23,1650928223000023
474,0,1,1,0,2022-04-25-16:10:24,1650928224000024
475,0,1,2,0,2022-04-25-16:10:25,1650928225000025
476,0,4,5,0,2022-04-25-16:10:26,1650928226000026
477,0,1,2,0,2022-04-25-16:10:27,1650928227000027
478,0,1,1,0,2022-04-25-16:10:28,1650928228000028
479,0,2,1,0,2022-04-25-16:10:29,1650928229000029
480,0,1,1,0,2022-04-25-16:10:30,165092823000003
481,0,1,1,0,2022-04-25-16:10:31,1650928231000031
482,0,1,1,0,2022-04-25-16:10:32,1650928232000032
483,0,2,1,0,2022-04-25-16:10:33,1650928233000033
484,0,1,1,0,2022-04-25-16:10:34,1650928234000034
485,0,1,2,1,2022-04-25-16:10:35,1650928235000035
486,0,4,4,1,2022-04-25-16:10:36,1650928236000036
487,0,1,1,0,2022-04-25-16:10:37,1650928237000037
488,0,1,1,0,2022-04-25-16:10:38,1650928238000038
489,0,2,3,0,2022-04-25-16:10:39,1650928239000039
490,1,5,6,1,2022-04-25-16:10:40,165092824000004
491,0,1,2,0,2022-04-25-16:10:41,1650928241000041
492,0,1,1,0,2022-04-25-16:10:42,1650928242000042
493,0,1,1,0,2022-04-25-16:10:43,1650928243000043
494,1,8,6,1,2022-04-25-16:10:44,1650928244000044
495,2,14,9,2,2022-04-25-16:10:45,1650928245000045
496,0,1,3,1,2022-04-25-16:10:46,1650928246000046
497,1,5,4,1,2022-04-25-16:10:47,1650928247000047
498,0,1,2,0,2022-04-25-16:10:48,1650928248000048
499,0,1,2,0,2022-04-25-16:10:49,1650928249000049
500,0,1,2,0,2022-04-25-16:10:50,165092825000005
501,0,1,1,0,2022-04-25-16:10:51,1650928251000051
502,0,1,1,0,2022-04-25-16:10:52,1650928252000052
503,0,1,1,0,2022-04-25-16:10:53,1650928253000053
504,0,2,1,0,2022-04-25-16:10:54,1650928254000054
505,0,1,1,0,2022-04-25-16:10:55,1650928255000055
506,0,2,2,0,2022-04-25-16:10:56,1650928256000056
507,0,3,3,0,2022-04-25-16:10:57,1650928257000057
508,0,1,1,0,2022-04-25-16:10:58,1650928258000058
509,0,1,2,1,2022-04-25-16:10:59,1650928259000059
510,0,1,1,0,2022-04-25-16:11:0,16509282600
511,0,1,1,0,2022-04-25-16:11:1,1650928261000001
512,0,1,1,0,2022-04-25-16:11:2,1650928262000002
513,0,1,2,0,2022-04-25-16:11:3,1650928263000003
514,0,1,2,0,2022-04-25-16:11:4,1650928264000004
515,2,6,6,1,2022-04-25-16:11:5,1650928265000005
516,0,1,1,0,2022-04-25-16:11:6,1650928266000006
517,0,1,2,1,2022-04-25-16:11:7,1650928267000007
518,0,1,1,0,2022-04-25-16:11:8,1650928268000008
519,0,2,1,0,2022-04-25-16:11:9,1650928269000009
520,0,2,2,0,2022-04-25-16:11:10,165092827000001
521,0,1,1,0,2022-04-25-16:11:11,1650928271000011
522,0,1,1,0,2022-04-25-16:11:12,1650928272000012
523,0,1,1,0,2022-04-25-16:11:13,1650928273000013
524,1,8,6,1,2022-04-25-16:11:14,1650928274000014
525,2,12,12,2,2022-04-25-16:11:15,1650928275000015
526,0,4,4,0,2022-04-25-16:11:16,1650928276000016
527,1,5,6,2,2022-04-25-16:11:17,1650928277000017
528,0,1,4,1,2022-04-25-16:11:18,1650928278000018
529,0,1,2,0,2022-04-25-16:11:19,1650928279000019
530,0,1,2,0,2022-04-25-16:11:20,165092828000002
531,0,1,1,0,2022-04-25-16:11:21,1650928281000021
532,0,1,1,0,2022-04-25-16:11:22,1650928282000022
533,0,1,3,0,2022-04-25-16:11:23,1650928283000023
534,0,1,1,0,2022-04-25-16:11:24,1650928284000024
535,0,2,1,0,2022-04-25-16:11:25,1650928285000025
536,0,1,1,0,2022-04-25-16:11:26,1650928286000026
537,0,4,5,0,2022-04-25-16:11:27,1650928287000027
538,0,1,2,0,2022-04-25-16:11:28,1650928288000028
539,0,1,2,0,2022-04-25-16:11:29,1650928289000029
540,1,5,6,1,2022-04-25-16:11:30,165092829000003
541,0,1,1,0,2022-04-25-16:11:31,1650928291000031
542,0,1,2,1,2022-04-25-16:11:32,1650928292000032
543,0,2,1,0,2022-04-25-16:11:33,1650928293000033
544,0,1,2,0,2022-04-25-16:11:34,1650928294000034
545,0,1,2,0,2022-04-25-16:11:35,1650928295000035
546,0,1,2,0,2022-04-25-16:11:36,1650928296000036
547,0,1,3,0,2022-04-25-16:11:37,1650928297000037
548,0,1,1,0,2022-04-25-16:11:38,1650928298000038
549,0,2,1,0,2022-04-25-16:11:39,1650928299000039
550,0,5,6,1,2022-04-25-16:11:40,165092830000004
551,0,1,1,0,2022-04-25-16:11:41,1650928301000041
552,0,1,1,0,2022-04-25-16:11:42,1650928302000042
553,0,1,2,0,2022-04-25-16:11:43,1650928303000043
554,0,1,2,0,2022-04-25-16:11:44,1650928304000044
555,1,8,7,1,2022-04-25-16:11:45,1650928305000045
556,2,12,10,2,2022-04-25-16:11:46,1650928306000046
557,1,5,5,2,2022-04-25-16:11:47,1650928307000047
558,0,1,2,0,2022-04-25-16:11:48,1650928308000048
559,0,3,3,0,2022-04-25-16:11:49,1650928309000049
560,0,1,3,1,2022-04-25-16:11:50,165092831000005
561,0,1,3,0,2022-04-25-16:11:51,1650928311000051
562,0,1,1,0,2022-04-25-16:11:52,1650928312000052
563,0,1,1,0,2022-04-25-16:11:53,1650928313000053
564,0,2,1,0,2022-04-25-16:11:54,1650928314000054
565,1,5,5,1,2022-04-25-16:11:55,1650928315000055
566,0,1,2,0,2022-04-25-16:11:56,1650928316000056
567,0,2,2,0,2022-04-25-16:11:57,1650928317000057
568,0,1,2,0,2022-04-25-16:11:58,1650928318000058
569,0,1,1,0,2022-04-25-16:11:59,1650928319000059
570,0,1,1,0,2022-04-25-16:12:0,16509283200
571,0,2,1,0,2022-04-25-16:12:1,1650928321000001
572,0,1,2,0,2022-04-25-16:12:2,1650928322000002
573,0,1,3,0,2022-04-25-16:12:3,1650928323000003
574,0,1,3,1,2022-04-25-16:12:4,1650928324000004
575,0,4,6,1,2022-04-25-16:12:5,1650928325000005
576,0,1,1,0,2022-04-25-16:12:6,1650928326000006
577,0,1,1,0,2022-04-25-16:12:7,1650928327000007
578,0,1,1,0,2022-04-25-16:12:8,1650928328000008
579,0,1,1,0,2022-04-25-16:12:9,1650928329000009
580,0,2,2,0,2022-04-25-16:12:10,165092833000001
581,0,1,2,0,2022-04-25-16:12:11,1650928331000011
582,0,1,2,0,2022-04-25-16:12:12,1650928332000012
583,0,3,2,0,2022-04-25-16:12:13,1650928333000013
584,0,1,1,0,2022-04-25-16:12:14,1650928334000014
585,1,10,7,1,2022-04-25-16:12:15,1650928335000015
586,0,2,4,1,2022-04-25-16:12:16,1650928336000016
587,2,12,10,2,2022-04-25-16:12:17,1650928337000017
588,1,5,5,2,2022-04-25-16:12:18,1650928338000018
589,0,1,1,0,2022-04-25-16:12:19,1650928339000019
590,1,6,7,1,2022-04-25-16:12:20,165092834000002
591,0,1,2,0,2022-04-25-16:12:21,1650928341000021
592,0,1,2,0,2022-04-25-16:12:22,1650928342000022
593,0,1,2,0,2022-04-25-16:12:23,1650928343000023
594,0,1,1,0,2022-04-25-16:12:24,1650928344000024
595,0,1,1,0,2022-04-25-16:12:25,1650928345000025
596,0,1,1,0,2022-04-25-16:12:26,1650928346000026
597,0,1,1,0,2022-04-25-16:12:27,1650928347000027
598,0,2,2,1,2022-04-25-16:12:28,1650928348000028
599,0,3,1,0,2022-04-25-16:12:29,1650928349000029
600,0,3,3,0,2022-04-25-16:12:30,165092835000003
601,0,1,1,0,2022-04-25-16:12:31,1650928351000031
602,0,1,1,0,2022-04-25-16:12:32,1650928352000032
603,0,1,1,0,2022-04-25-16:12:33,1650928353000033
604,0,1,2,0,2022-04-25-16:12:34,1650928354000034
605,0,1,3,0,2022-04-25-16:12:35,1650928355000035
606,0,1,2,0,2022-04-25-16:12:36,1650928356000036
607,0,2,1,0,2022-04-25-16:12:37,1650928357000037
608,0,1,1,0,2022-04-25-16:12:38,1650928358000038
609,0,1,1,0,2022-04-25-16:12:39,1650928359000039
610,0,4,4,0,2022-04-25-16:12:40,165092836000004
611,0,1,1,0,2022-04-25-16:12:41,1650928361000041
612,0,1,1,0,2022-04-25-16:12:42,1650928362000042
613,0,1,1,0,2022-04-25-16:12:43,1650928363000043
614,0,1,1,0,2022-04-25-16:12:44,1650928364000044
615,2,6,5,1,2022-04-25-16:12:45,1650928365000045
616,1,8,6,1,2022-04-25-16:12:46,1650928366000046
617,2,11,10,3,2022-04-25-16:12:47,1650928367000047
618,1,4,4,2,2022-04-25-16:12:48,1650928368000048
619,0,1,1,0,2022-04-25-16:12:49,1650928369000049
620,0,2,4,1,2022-04-25-16:12:50,165092837000005
621,0,1,2,0,2022-04-25-16:12:51,1650928371000051
622,0,1,2,0,2022-04-25-16:12:52,1650928372000052
623,0,2,1,0,2022-04-25-16:12:53,1650928373000053
624,0,1,1,0,2022-04-25-16:12:54,1650928374000054
625,0,1,1,0,2022-04-25-16:12:55,1650928375000055
626,0,2,1,0,2022-04-25-16:12:56,1650928376000056
627,0,1,1,0,2022-04-25-16:12:57,1650928377000057
628,0,3,3,0,2022-04-25-16:12:58,1650928378000058
629,0,2,1,0,2022-04-25-16:12:59,1650928379000059
630,0,1,2,0,2022-04-25-16:13:0,16509283800
631,0,3,3,0,2022-04-25-16:13:1,1650928381000001
632,0,1,3,1,2022-04-25-16:13:2,1650928382000002
633,0,1,1,0,2022-04-25-16:13:3,1650928383000003
634,0,1,1,0,2022-04-25-16:13:4,1650928384000004
635,0,2,1,0,2022-04-25-16:13:5,1650928385000005
636,0,1,1,0,2022-04-25-16:13:6,1650928386000006
637,0,1,1,0,2022-04-25-16:13:7,1650928387000007
638,0,3,3,0,2022-04-25-16:13:8,1650928388000008
639,0,2,1,0,2022-04-25-16:13:9,1650928389000009
640,1,5,6,1,2022-04-25-16:13:10,165092839000001
641,0,1,1,0,2022-04-25-16:13:11,1650928391000011
642,0,2,1,0,2022-04-25-16:13:12,1650928392000012
643,0,1,1,0,2022-04-25-16:13:13,1650928393000013
644,0,1,1,0,2022-04-25-16:13:14,1650928394000014
645,0,1,2,0,2022-04-25-16:13:15,1650928395000015
646,0,2,2,0,2022-04-25-16:13:16,1650928396000016
647,1,9,8,1,2022-04-25-16:13:17,1650928397000017
648,2,11,9,2,2022-04-25-16:13:18,1650928398000018
649,1,5,5,2,2022-04-25-16:13:19,1650928399000019
650,0,1,1,0,2022-04-25-16:13:20,165092840000002
651,0,1,1,0,2022-04-25-16:13:21,1650928401000021
652,0,1,1,0,2022-04-25-16:13:22,1650928402000022
653,0,1,1,0,2022-04-25-16:13:23,1650928403000023
654,0,1,1,0,2022-04-25-16:13:24,1650928404000024
655,0,2,2,0,2022-04-25-16:13:25,1650928405000025
656,0,1,1,0,2022-04-25-16:13:26,1650928406000026
657,0,1,2,1,2022-04-25-16:13:27,1650928407000027
658,0,1,2,0,2022-04-25-16:13:28,1650928408000028
659,1,4,3,0,2022-04-25-16:13:29,1650928409000029
660,0,1,2,0,2022-04-25-16:13:30,165092841000003
661,0,2,2,0,2022-04-25-16:13:31,1650928411000031
662,0,1,3,1,2022-04-25-16:13:32,1650928412000032
663,0,1,1,0,2022-04-25-16:13:33,1650928413000033
664,0,1,1,0,2022-04-25-16:13:34,1650928414000034
665,1,4,5,1,2022-04-25-16:13:35,1650928415000035
666,0,1,1,0,2022-04-25-16:13:36,1650928416000036
667,0,1,1,0,2022-04-25-16:13:37,1650928417000037
668,1,3,1,0,2022-04-25-16:13:38,1650928418000038
669,0,1,1,0,2022-04-25-16:13:39,1650928419000039
670,0,3,3,0,2022-04-25-16:13:40,165092842000004
671,0,2,1,0,2022-04-25-16:13:41,1650928421000041
672,0,1,1,0,2022-04-25-16:13:42,1650928422000042
673,0,1,2,1,2022-04-25-16:13:43,1650928423000043
674,0,1,1,0,2022-04-25-16:13:44,1650928424000044
675,0,4,5,0,2022-04-25-16:13:45,1650928425000045
676,0,1,3,0,2022-04-25-16:13:46,1650928426000046
677,1,8,7,1,2022-04-25-16:13:47,1650928427000047
678,2,12,10,2,2022-04-25-16:13:48,1650928428000048
679,1,5,5,2,2022-04-25-16:13:49,1650928429000049
680,0,1,1,0,2022-04-25-16:13:50,165092843000005
681,0,1,1,0,2022-04-25-16:13:51,1650928431000051
682,0,1,1,0,2022-04-25-16:13:52,1650928432000052
683,0,2,1,0,2022-04-25-16:13:53,1650928433000053
684,0,1,1,0,2022-04-25-16:13:54,1650928434000054
685,0,1,2,0,2022-04-25-16:13:55,1650928435000055
686,0,1,2,0,2022-04-25-16:13:56,1650928436000056
687,0,3,2,0,2022-04-25-16:13:57,1650928437000057
688,0,2,2,1,2022-04-25-16:13:58,1650928438000058
689,0,3,3,0,2022-04-25-16:13:59,1650928439000059
690,1,4,5,1,2022-04-25-16:14:0,16509284400
691,0,1,1,0,2022-04-25-16:14:1,1650928441000001
692,1,5,3,0,2022-04-25-16:14:2,1650928442000002
693,0,1,1,0,2022-04-25-16:14:3,1650928443000003
694,0,1,2,0,2022-04-25-16:14:4,1650928444000004
695,0,1,1,0,2022-04-25-16:14:5,1650928445000005
696,0,1,1,0,2022-04-25-16:14:6,1650928446000006
697,0,3,2,0,2022-04-25-16:14:7,1650928447000007
698,0,1,2,0,2022-04-25-16:14:8,1650928448000008
699,0,2,1,0,2022-04-25-16:14:9,1650928449000009
700,0,4,4,0,2022-04-25-16:14:10,165092845000001
701,0,1,2,0,2022-04-25-16:14:11,1650928451000011
702,0,1,1,0,2022-04-25-16:14:12,1650928452000012
703,0,1,2,1,2022-04-25-16:14:13,1650928453000013
704,0,2,1,0,2022-04-25-16:14:14,1650928454000014
705,0,1,2,0,2022-04-25-16:14:15,1650928455000015
706,0,1,2,0,2022-04-25-16:14:16,1650928456000016
707,0,1,2,0,2022-04-25-16:14:17,1650928457000017
708,1,8,6,1,2022-04-25-16:14:18,1650928458000018
709,2,11,10,2,2022-04-25-16:14:19,1650928459000019
710,1,5,4,2,2022-04-25-16:14:20,165092846000002
711,0,3,1,0,2022-04-25-16:14:21,1650928461000021
712,0,1,1,0,2022-04-25-16:14:22,1650928462000022
713,0,1,1,0,2022-04-25-16:14:23,1650928463000023
714,0,1,1,0,2022-04-25-16:14:24,1650928464000024
715,1,4,5,1,2022-04-25-16:14:25,1650928465000025
716,0,1,2,0,2022-04-25-16:14:26,1650928466000026
717,0,1,1,0,2022-04-25-16:14:27,1650928467000027
718,0,2,1,0,2022-04-25-16:14:28,1650928468000028
719,0,2,1,0,2022-04-25-16:14:29,1650928469000029
720,1,3,1,0,2022-04-25-16:14:30,165092847000003
721,0,1,1,0,2022-04-25-16:14:31,1650928471000031
722,0,1,1,0,2022-04-25-16:14:32,1650928472000032
723,0,1,1,0,2022-04-25-16:14:33,1650928473000033
724,0,1,2,0,2022-04-25-16:14:34,1650928474000034
725,0,3,5,1,2022-04-25-16:14:35,1650928475000035
726,0,1,2,0,2022-04-25-16:14:36,1650928476000036
727,0,2,1,0,2022-04-25-16:14:37,1650928477000037
728,0,1,1,0,2022-04-25-16:14:38,1650928478000038
729,0,1,1,0,2022-04-25-16:14:39,1650928479000039
730,0,2,2,0,2022-04-25-16:14:40,165092848000004
731,0,1,1,0,2022-04-25-16:14:41,1650928481000041
732,0,1,1,0,2022-04-25-16:14:42,1650928482000042
733,0,1,1,0,2022-04-25-16:14:43,1650928483000043
734,0,1,1,0,2022-04-25-16:14:44,1650928484000044
735,0,4,3,0,2022-04-25-16:14:45,1650928485000045
736,0,1,1,0,2022-04-25-16:14:46,1650928486000046
737,1,3,1,0,2022-04-25-16:14:47,1650928487000047
738,1,8,7,1,2022-04-25-16:14:48,1650928488000048
739,2,12,10,2,2022-04-25-16:14:49,1650928489000049
740,2,7,7,3,2022-04-25-16:14:50,165092849000005
741,0,1,1,0,2022-04-25-16:14:51,1650928491000051
742,0,1,1,0,2022-04-25-16:14:52,1650928492000052
743,0,1,1,0,2022-04-25-16:14:53,1650928493000053
744,0,1,1,0,2022-04-25-16:14:54,1650928494000054
745,0,1,2,0,2022-04-25-16:14:55,1650928495000055
746,0,1,3,1,2022-04-25-16:14:56,1650928496000056
747,0,1,2,0,2022-04-25-16:14:57,1650928497000057
748,0,2,1,0,2022-04-25-16:14:58,1650928498000058
749,0,1,1,0,2022-04-25-16:14:59,1650928499000059
750,1,4,3,0,2022-04-25-16:15:0,16509285000
751,0,2,1,0,2022-04-25-16:15:1,1650928501000001
752,0,1,1,0,2022-04-25-16:15:2,1650928502000002
753,0,1,1,0,2022-04-25-16:15:3,1650928503000003
754,0,1,1,0,2022-04-25-16:15:4,1650928504000004
755,0,1,2,0,2022-04-25-16:15:5,1650928505000005
756,0,1,2,0,2022-04-25-16:15:6,1650928506000006
757,0,1,2,0,2022-04-25-16:15:7,1650928507000007
758,0,1,1,0,2022-04-25-16:15:8,1650928508000008
759,0,3,1,0,2022-04-25-16:15:9,1650928509000009
760,0,4,5,1,2022-04-25-16:15:10,165092851000001
761,0,1,1,0,2022-04-25-16:15:11,1650928511000011
762,0,2,1,0,2022-04-25-16:15:12,1650928512000012
763,0,1,1,0,2022-04-25-16:15:13,1650928513000013
764,0,1,1,0,2022-04-25-16:15:14,1650928514000014
765,1,4,5,1,2022-04-25-16:15:15,1650928515000015
766,0,2,1,0,2022-04-25-16:15:16,1650928516000016
767,0,2,1,0,2022-04-25-16:15:17,1650928517000017
768,0,1,1,0,2022-04-25-16:15:18,1650928518000018
769,1,8,6,1,2022-04-25-16:15:19,1650928519000019
770,2,11,10,2,2022-04-25-16:15:20,165092852000002
771,1,4,5,2,2022-04-25-16:15:21,1650928521000021
772,0,1,2,0,2022-04-25-16:15:22,1650928522000022
773,0,1,1,0,2022-04-25-16:15:23,1650928523000023
774,0,1,1,0,2022-04-25-16:15:24,1650928524000024
775,0,3,1,0,2022-04-25-16:15:25,1650928525000025
776,0,1,1,0,2022-04-25-16:15:26,1650928526000026
777,0,2,1,0,2022-04-25-16:15:27,1650928527000027
778,0,2,1,0,2022-04-25-16:15:28,1650928528000028
779,0,1,1,0,2022-04-25-16:15:29,1650928529000029
780,0,1,2,1,2022-04-25-16:15:30,165092853000003
781,0,3,3,0,2022-04-25-16:15:31,1650928531000031
782,0,1,1,0,2022-04-25-16:15:32,1650928532000032
783,0,2,1,0,2022-04-25-16:15:33,1650928533000033
784,0,1,1,0,2022-04-25-16:15:34,1650928534000034
785,0,1,1,0,2022-04-25-16:15:35,1650928535000035
786,0,1,1,0,2022-04-25-16:15:36,1650928536000036
787,0,1,2,0,2022-04-25-16:15:37,1650928537000037
788,0,1,2,0,2022-04-25-16:15:38,1650928538000038
789,0,2,2,0,2022-04-25-16:15:39,1650928539000039
790,1,5,6,1,2022-04-25-16:15:40,165092854000004
791,0,3,2,1,2022-04-25-16:15:41,1650928541000041
792,0,1,1,0,2022-04-25-16:15:42,1650928542000042
793,0,1,1,0,2022-04-25-16:15:43,1650928543000043
794,0,1,1,0,2022-04-25-16:15:44,1650928544000044
795,0,2,1,0,2022-04-25-16:15:45,1650928545000045
796,0,1,1,0,2022-04-25-16:15:46,1650928546000046
797,0,1,1,0,2022-04-25-16:15:47,1650928547000047
798,0,2,1,0,2022-04-25-16:15:48,1650928548000048
799,1,11,6,1,2022-04-25-16:15:49,1650928549000049
800,2,13,12,2,2022-04-25-16:15:50,165092855000005
801,1,3,4,2,2022-04-25-16:15:51,1650928551000051
802,0,2,1,0,2022-04-25-16:15:52,1650928552000052
803,1,3,1,0,2022-04-25-16:15:53,1650928553000053
804,0,1,2,0,2022-04-25-16:15:54,1650928554000054
805,0,1,1,0,2022-04-25-16:15:55,1650928555000055
806,0,2,2,0,2022-04-25-16:15:56,1650928556000056
807,0,2,2,0,2022-04-25-16:15:57,1650928557000057
808,0,1,2,0,2022-04-25-16:15:58,1650928558000058
809,0,1,1,0,2022-04-25-16:15:59,1650928559000059
810,0,1,1,0,2022-04-25-16:16:0,16509285600
811,0,3,3,0,2022-04-25-16:16:1,1650928561000001
812,0,1,2,1,2022-04-25-16:16:2,1650928562000002
813,0,1,2,0,2022-04-25-16:16:3,1650928563000003
814,0,2,2,1,2022-04-25-16:16:4,1650928564000004
815,1,5,5,1,2022-04-25-16:16:5,1650928565000005
816,1,3,1,0,2022-04-25-16:16:6,1650928566000006
817,0,2,1,0,2022-04-25-16:16:7,1650928567000007
818,0,1,3,0,2022-04-25-16:16:8,1650928568000008
819,0,2,3,0,2022-04-25-16:16:9,1650928569000009
820,0,2,4,1,2022-04-25-16:16:10,165092857000001
821,0,1,1,0,2022-04-25-16:16:11,1650928571000011
822,0,2,1,0,2022-04-25-16:16:12,1650928572000012
823,0,1,1,0,2022-04-25-16:16:13,1650928573000013
824,0,2,1,0,2022-04-25-16:16:14,1650928574000014
825,0,4,3,0,2022-04-25-16:16:15,1650928575000015
826,0,1,1,0,2022-04-25-16:16:16,1650928576000016
827,0,1,2,0,2022-04-25-16:16:17,1650928577000017
828,0,1,3,0,2022-04-25-16:16:18,1650928578000018
829,0,1,4,1,2022-04-25-16:16:19,1650928579000019
830,1,9,6,1,2022-04-25-16:16:20,165092858000002
831,2,13,10,2,2022-04-25-16:16:21,1650928581000021
832,1,5,4,2,2022-04-25-16:16:22,1650928582000022
833,0,1,1,0,2022-04-25-16:16:23,1650928583000023
834,0,1,1,0,2022-04-25-16:16:24,1650928584000024
835,0,1,1,0,2022-04-25-16:16:25,1650928585000025
836,0,2,1,0,2022-04-25-16:16:26,1650928586000026
837,0,2,2,0,2022-04-25-16:16:27,1650928587000027
838,0,1,3,1,2022-04-25-16:16:28,1650928588000028
839,0,3,2,0,2022-04-25-16:16:29,1650928589000029
840,1,4,4,1,2022-04-25-16:16:30,165092859000003
841,0,1,1,0,2022-04-25-16:16:31,1650928591000031
842,0,1,1,0,2022-04-25-16:16:32,1650928592000032
843,0,1,1,0,2022-04-25-16:16:33,1650928593000033
844,0,1,1,0,2022-04-25-16:16:34,1650928594000034
845,0,1,1,0,2022-04-25-16:16:35,1650928595000035
846,0,1,1,0,2022-04-25-16:16:36,1650928596000036
847,0,2,1,0,2022-04-25-16:16:37,1650928597000037
848,0,1,1,0,2022-04-25-16:16:38,1650928598000038
849,0,1,1,0,2022-04-25-16:16:39,1650928599000039
850,0,4,5,1,2022-04-25-16:16:40,165092860000004
851,0,2,1,0,2022-04-25-16:16:41,1650928601000041
852,0,1,1,0,2022-04-25-16:16:42,1650928602000042
853,0,2,1,0,2022-04-25-16:16:43,1650928603000043
854,0,1,1,0,2022-04-25-16:16:44,1650928604000044
855,0,2,1,0,2022-04-25-16:16:45,1650928605000045
856,1,3,1,0,2022-04-25-16:16:46,1650928606000046
857,0,1,3,1,2022-04-25-16:16:47,1650928607000047
858,0,1,2,0,2022-04-25-16:16:48,1650928608000048
859,0,1,2,0,2022-04-25-16:16:49,1650928609000049
860,1,10,8,1,2022-04-25-16:16:50,165092861000005
861,0,3,2,0,2022-04-25-16:16:51,1650928611000051
862,2,10,9,2,2022-04-25-16:16:52,1650928612000052
863,1,5,4,2,2022-04-25-16:16:53,1650928613000053
864,0,2,1,0,2022-04-25-16:16:54,1650928614000054
865,1,4,4,1,2022-04-25-16:16:55,1650928615000055
866,0,1,1,0,2022-04-25-16:16:56,1650928616000056
867,0,1,2,0,2022-04-25-16:16:57,1650928617000057
868,0,1,2,0,2022-04-25-16:16:58,1650928618000058
869,0,1,2,0,2022-04-25-16:16:59,1650928619000059
870,0,1,1,0,2022-04-25-16:17:0,16509286200
871,0,2,2,0,2022-04-25-16:17:1,1650928621000001
872,0,1,1,0,2022-04-25-16:17:2,1650928622000002
873,0,1,1,0,2022-04-25-16:17:3,1650928623000003
874,0,2,1,0,2022-04-25-16:17:4,1650928624000004
875,1,4,3,0,2022-04-25-16:17:5,1650928625000005
876,0,1,2,1,2022-04-25-16:17:6,1650928626000006
877,0,2,1,0,2022-04-25-16:17:7,1650928627000007
878,0,1,1,0,2022-04-25-16:17:8,1650928628000008
879,0,3,1,0,2022-04-25-16:17:9,1650928629000009
880,0,2,2,0,2022-04-25-16:17:10,165092863000001
881,0,1,1,0,2022-04-25-16:17:11,1650928631000011
882,0,1,2,0,2022-04-25-16:17:12,1650928632000012
883,0,1,2,0,2022-04-25-16:17:13,1650928633000013
884,0,1,2,0,2022-04-25-16:17:14,1650928634000014
885,1,5,3,0,2022-04-25-16:17:15,1650928635000015
886,0,1,2,1,2022-04-25-16:17:16,1650928636000016
887,0,3,1,0,2022-04-25-16:17:17,1650928637000017
888,0,1,1,0,2022-04-25-16:17:18,1650928638000018
889,0,1,1,0,2022-04-25-16:17:19,1650928639000019
890,2,5,5,1,2022-04-25-16:17:20,165092864000002
891,1,8,6,1,2022-04-25-16:17:21,1650928641000021
892,2,11,9,2,2022-04-25-16:17:22,1650928642000022
893,1,4,4,2,2022-04-25-16:17:23,1650928643000023
894,0,2,1,0,2022-04-25-16:17:24,1650928644000024
895,0,2,1,0,2022-04-25-16:17:25,1650928645000025
896,0,2,2,1,2022-04-25-16:17:26,1650928646000026
897,0,1,1,0,2022-04-25-16:17:27,1650928647000027
898,0,1,1,0,2022-04-25-16:17:28,1650928648000028
899,0,1,1,0,2022-04-25-16:17:29,1650928649000029
900,0,2,1,0,2022-04-25-16:17:30,165092865000003
901,0,1,1,0,2022-04-25-16:17:31,1650928651000031
902,0,2,1,0,2022-04-25-16:17:32,1650928652000032
903,0,3,4,0,2022-04-25-16:17:33,1650928653000033
904,0,2,2,0,2022-04-25-16:17:34,1650928654000034
905,0,1,2,0,2022-04-25-16:17:35,1650928655000035
906,0,1,2,1,2022-04-25-16:17:36,1650928656000036
907,0,1,1,0,2022-04-25-16:17:37,1650928657000037
908,0,1,1,0,2022-04-25-16:17:38,1650928658000038
909,0,1,1,0,2022-04-25-16:17:39,1650928659000039
910,0,2,2,0,2022-04-25-16:17:40,165092866000004
911,0,3,2,0,2022-04-25-16:17:41,1650928661000041
912,0,1,2,0,2022-04-25-16:17:42,1650928662000042
913,0,3,4,0,2022-04-25-16:17:43,1650928663000043
914,0,1,1,0,2022-04-25-16:17:44,1650928664000044
915,2,5,6,1,2022-04-25-16:17:45,1650928665000045
916,0,1,1,0,2022-04-25-16:17:46,1650928666000046
917,0,2,1,0,2022-04-25-16:17:47,1650928667000047
918,0,1,1,0,2022-04-25-16:17:48,1650928668000048
919,0,2,1,0,2022-04-25-16:17:49,1650928669000049
920,0,1,1,0,2022-04-25-16:17:50,165092867000005
921,0,1,1,0,2022-04-25-16:17:51,1650928671000051
922,1,9,6,1,2022-04-25-16:17:52,1650928672000052
923,2,11,9,2,2022-04-25-16:17:53,1650928673000053
924,1,4,4,2,2022-04-25-16:17:54,1650928674000054
925,0,2,1,0,2022-04-25-16:17:55,1650928675000055
926,0,2,1,0,2022-04-25-16:17:56,1650928676000056
927,0,2,2,0,2022-04-25-16:17:57,1650928677000057
928,0,1,2,0,2022-04-25-16:17:58,1650928678000058
929,0,1,2,0,2022-04-25-16:17:59,1650928679000059
930,0,1,1,0,2022-04-25-16:18:0,16509286800
931,0,1,1,0,2022-04-25-16:18:1,1650928681000001
932,0,1,1,0,2022-04-25-16:18:2,1650928682000002
933,0,1,1,0,2022-04-25-16:18:3,1650928683000003
934,0,3,4,1,2022-04-25-16:18:4,1650928684000004
935,0,3,1,0,2022-04-25-16:18:5,1650928685000005
936,0,1,2,0,2022-04-25-16:18:6,1650928686000006
937,0,1,2,0,2022-04-25-16:18:7,1650928687000007
938,0,1,1,0,2022-04-25-16:18:8,1650928688000008
939,0,1,2,0,2022-04-25-16:18:9,1650928689000009
940,2,7,7,1,2022-04-25-16:18:10,165092869000001
941,0,1,1,0,2022-04-25-16:18:11,1650928691000011
942,0,1,1,0,2022-04-25-16:18:12,1650928692000012
943,0,2,1,0,2022-04-25-16:18:13,1650928693000013
944,0,1,2,0,2022-04-25-16:18:14,1650928694000014
945,0,1,2,0,2022-04-25-16:18:15,1650928695000015
946,0,2,2,0,2022-04-25-16:18:16,1650928696000016
947,0,1,1,0,2022-04-25-16:18:17,1650928697000017
948,0,1,1,0,2022-04-25-16:18:18,1650928698000018
949,0,1,1,0,2022-04-25-16:18:19,1650928699000019
950,0,3,3,0,2022-04-25-16:18:20,165092870000002
951,0,3,2,1,2022-04-25-16:18:21,1650928701000021
952,1,8,6,1,2022-04-25-16:18:22,1650928702000022
953,2,12,10,2,2022-04-25-16:18:23,1650928703000023
954,1,4,4,2,2022-04-25-16:18:24,1650928704000024
955,0,1,1,0,2022-04-25-16:18:25,1650928705000025
956,0,2,1,0,2022-04-25-16:18:26,1650928706000026
957,0,1,1,0,2022-04-25-16:18:27,1650928707000027
958,0,1,1,0,2022-04-25-16:18:28,1650928708000028
959,0,2,1,0,2022-04-25-16:18:29,1650928709000029
960,0,1,1,0,2022-04-25-16:18:30,165092871000003
961,0,1,1,0,2022-04-25-16:18:31,1650928711000031
962,0,1,1,0,2022-04-25-16:18:32,1650928712000032
963,0,1,1,0,2022-04-25-16:18:33,1650928713000033
964,0,3,4,0,2022-04-25-16:18:34,1650928714000034
965,1,4,6,1,2022-04-25-16:18:35,1650928715000035
966,0,2,2,0,2022-04-25-16:18:36,1650928716000036
967,1,4,1,0,2022-04-25-16:18:37,1650928717000037
968,0,2,1,0,2022-04-25-16:18:38,1650928718000038
969,0,1,1,0,2022-04-25-16:18:39,1650928719000039
970,0,2,2,0,2022-04-25-16:18:40,165092872000004
971,0,1,1,0,2022-04-25-16:18:41,1650928721000041
972,0,1,2,1,2022-04-25-16:18:42,1650928722000042
973,0,1,1,0,2022-04-25-16:18:43,1650928723000043
974,0,1,1,0,2022-04-25-16:18:44,1650928724000044
975,0,3,3,0,2022-04-25-16:18:45,1650928725000045
976,0,1,1,0,2022-04-25-16:18:46,1650928726000046
977,0,1,2,0,2022-04-25-16:18:47,1650928727000047
978,0,1,2,0,2022-04-25-16:18:48,1650928728000048
979,0,1,2,0,2022-04-25-16:18:49,1650928729000049
980,0,1,1,0,2022-04-25-16:18:50,165092873000005
981,0,1,1,0,2022-04-25-16:18:51,1650928731000051
982,0,1,1,0,2022-04-25-16:18:52,1650928732000052
983,1,9,6,1,2022-04-25-16:18:53,1650928733000053
984,2,12,10,2,2022-04-25-16:18:54,1650928734000054
985,1,5,4,2,2022-04-25-16:18:55,1650928735000055
986,0,2,2,0,2022-04-25-16:18:56,1650928736000056
987,0,1,1,0,2022-04-25-16:18:57,1650928737000057
988,0,1,1,0,2022-04-25-16:18:58,1650928738000058
989,0,1,1,0,2022-04-25-16:18:59,1650928739000059
990,1,4,5,1,2022-04-25-16:19:0,16509287400
991,0,2,2,0,2022-04-25-16:19:1,1650928741000001
992,0,1,3,1,2022-04-25-16:19:2,1650928742000002
993,0,1,1,0,2022-04-25-16:19:3,1650928743000003
994,0,1,1,0,2022-04-25-16:19:4,1650928744000004
995,0,1,1,0,2022-04-25-16:19:5,1650928745000005
996,0,2,1,0,2022-04-25-16:19:6,1650928746000006
997,0,1,1,0,2022-04-25-16:19:7,1650928747000007
998,0,2,1,0,2022-04-25-16:19:8,1650928748000008
999,0,2,1,0,2022-04-25-16:19:9,1650928749000009
1000,0,4,4,0,2022-04-25-16:19:10,165092875000001
1001,0,1,1,0,2022-04-25-16:19:11,1650928751000011
1002,0,1,1,0,2022-04-25-16:19:12,1650928752000012
1003,0,1,1,0,2022-04-25-16:19:13,1650928753000013
1004,0,2,1,0,2022-04-25-16:19:14,1650928754000014
1005,0,1,1,0,2022-04-25-16:19:15,1650928755000015
1006,0,3,5,1,2022-04-25-16:19:16,1650928756000016
1007,0,2,1,0,2022-04-25-16:19:17,1650928757000017
1008,0,1,1,0,2022-04-25-16:19:18,1650928758000018
1009,0,1,2,0,2022-04-25-16:19:19,1650928759000019
1010,0,3,4,0,2022-04-25-16:19:20,165092876000002
1011,0,2,4,1,2022-04-25-16:19:21,1650928761000021
1012,0,2,1,0,2022-04-25-16:19:22,1650928762000022
1013,1,8,6,1,2022-04-25-16:19:23,1650928763000023
1014,2,11,10,2,2022-04-25-16:19:24,1650928764000024
1015,2,7,7,3,2022-04-25-16:19:25,1650928765000025
1016,0,1,1,0,2022-04-25-16:19:26,1650928766000026
1017,0,2,1,0,2022-04-25-16:19:27,1650928767000027
1018,0,1,1,0,2022-04-25-16:19:28,1650928768000028
1019,0,2,1,0,2022-04-25-16:19:29,1650928769000029
1020,0,1,1,0,2022-04-25-16:19:30,165092877000003
1021,0,1,1,0,2022-04-25-16:19:31,1650928771000031
1022,0,1,1,0,2022-04-25-16:19:32,1650928772000032
1023,0,3,1,0,2022-04-25-16:19:33,1650928773000033
1024,0,1,1,0,2022-04-25-16:19:34,1650928774000034
1025,1,4,3,0,2022-04-25-16:19:35,1650928775000035
1026,0,1,1,0,2022-04-25-16:19:36,1650928776000036
1027,0,1,1,0,2022-04-25-16:19:37,1650928777000037
1028,0,2,2,0,2022-04-25-16:19:38,1650928778000038
1029,0,1,4,1,2022-04-25-16:19:39,1650928779000039
1030,0,2,4,0,2022-04-25-16:19:40,165092878000004
1031,0,2,1,0,2022-04-25-16:19:41,1650928781000041
1032,0,1,2,0,2022-04-25-16:19:42,1650928782000042
1033,0,1,1,0,2022-04-25-16:19:43,1650928783000043
1034,0,1,1,0,2022-04-25-16:19:44,1650928784000044
1035,1,4,3,0,2022-04-25-16:19:45,1650928785000045
1036,0,2,1,0,2022-04-25-16:19:46,1650928786000046
1037,0,1,1,0,2022-04-25-16:19:47,1650928787000047
1038,0,1,1,0,2022-04-25-16:19:48,1650928788000048
1039,0,3,1,0,2022-04-25-16:19:49,1650928789000049
1040,1,4,5,1,2022-04-25-16:19:50,165092879000005
1041,0,1,2,0,2022-04-25-16:19:51,1650928791000051
1042,0,2,2,0,2022-04-25-16:19:52,1650928792000052
1043,0,2,2,0,2022-04-25-16:19:53,1650928793000053
1044,1,8,7,1,2022-04-25-16:19:54,1650928794000054
1045,2,11,9,2,2022-04-25-16:19:55,1650928795000055
1046,1,5,4,2,2022-04-25-16:19:56,1650928796000056
1047,0,2,1,0,2022-04-25-16:19:57,1650928797000057
1048,0,1,1,0,2022-04-25-16:19:58,1650928798000058
1049,0,1,1,0,2022-04-25-16:19:59,1650928799000059
1050,0,1,1,0,2022-04-25-16:20:0,16509288000
1051,0,1,1,0,2022-04-25-16:20:1,1650928801000001
1052,0,1,1,0,2022-04-25-16:20:2,1650928802000002
1053,0,1,1,0,2022-04-25-16:20:3,1650928803000003
1054,0,1,1,0,2022-04-25-16:20:4,1650928804000004
1055,0,1,1,0,2022-04-25-16:20:5,1650928805000005
1056,0,3,4,0,2022-04-25-16:20:6,1650928806000006
1057,0,2,2,0,2022-04-25-16:20:7,1650928807000007
1058,0,2,2,0,2022-04-25-16:20:8,1650928808000008
1059,0,1,1,0,2022-04-25-16:20:9,1650928809000009
1060,0,2,2,0,2022-04-25-16:20:10,165092881000001
1061,0,2,2,1,2022-04-25-16:20:11,1650928811000011
1062,0,1,1,0,2022-04-25-16:20:12,1650928812000012
1063,0,2,1,0,2022-04-25-16:20:13,1650928813000013
1064,0,1,1,0,2022-04-25-16:20:14,1650928814000014
1065,1,4,6,1,2022-04-25-16:20:15,1650928815000015
1066,0,2,2,0,2022-04-25-16:20:16,1650928816000016
1067,0,1,2,0,2022-04-25-16:20:17,1650928817000017
1068,0,1,1,0,2022-04-25-16:20:18,1650928818000018
1069,0,1,1,0,2022-04-25-16:20:19,1650928819000019
1070,0,1,1,0,2022-04-25-16:20:20,165092882000002
1071,0,2,1,0,2022-04-25-16:20:21,1650928821000021
1072,0,1,1,0,2022-04-25-16:20:22,1650928822000022
1073,0,1,1,0,2022-04-25-16:20:23,1650928823000023
1074,1,8,6,1,2022-04-25-16:20:24,1650928824000024
1075,2,11,9,2,2022-04-25-16:20:25,1650928825000025
1076,2,6,4,2,2022-04-25-16:20:26,1650928826000026
1077,0,1,1,0,2022-04-25-16:20:27,1650928827000027
1078,0,2,1,0,2022-04-25-16:20:28,1650928828000028
1079,0,1,1,0,2022-04-25-16:20:29,1650928829000029
1080,0,1,1,0,2022-04-25-16:20:30,165092883000003
1081,0,1,3,1,2022-04-25-16:20:31,1650928831000031
1082,0,1,2,0,2022-04-25-16:20:32,1650928832000032
1083,0,1,2,0,2022-04-25-16:20:33,1650928833000033
1084,0,1,1,0,2022-04-25-16:20:34,1650928834000034
1085,0,1,1,0,2022-04-25-16:20:35,1650928835000035
1086,0,3,3,0,2022-04-25-16:20:36,1650928836000036
1087,1,4,1,0,2022-04-25-16:20:37,1650928837000037
1088,0,1,1,0,2022-04-25-16:20:38,1650928838000038
1089,0,2,1,0,2022-04-25-16:20:39,1650928839000039
1090,1,4,6,1,2022-04-25-16:20:40,165092884000004
1091,0,2,1,0,2022-04-25-16:20:41,1650928841000041
1092,0,1,1,0,2022-04-25-16:20:42,1650928842000042
1093,0,2,1,0,2022-04-25-16:20:43,1650928843000043
1094,0,1,1,0,2022-04-25-16:20:44,1650928844000044
1095,0,2,1,0,2022-04-25-16:20:45,1650928845000045
1096,0,1,1,0,2022-04-25-16:20:46,1650928846000046
1097,0,1,2,0,2022-04-25-16:20:47,1650928847000047
1098,0,1,2,0,2022-04-25-16:20:48,1650928848000048
1099,0,1,2,0,2022-04-25-16:20:49,1650928849000049
1100,1,4,3,0,2022-04-25-16:20:50,165092885000005
1101,0,2,1,0,2022-04-25-16:20:51,1650928851000051
1102,0,1,2,1,2022-04-25-16:20:52,1650928852000052
1103,0,2,1,0,2022-04-25-16:20:53,1650928853000053
1104,0,1,1,0,2022-04-25-16:20:54,1650928854000054
1105,1,8,6,1,2022-04-25-16:20:55,1650928855000055
1106,2,11,10,2,2022-04-25-16:20:56,1650928856000056
1107,1,4,4,2,2022-04-25-16:20:57,1650928857000057
1108,0,2,1,0,2022-04-25-16:20:58,1650928858000058
1109,0,2,1,0,2022-04-25-16:20:59,1650928859000059
1110,0,1,1,0,2022-04-25-16:21:0,16509288600
1111,0,2,1,0,2022-04-25-16:21:1,1650928861000001
1112,0,1,1,0,2022-04-25-16:21:2,1650928862000002
1113,0,1,1,0,2022-04-25-16:21:3,1650928863000003
1114,0,1,1,0,2022-04-25-16:21:4,1650928864000004
1115,1,5,6,1,2022-04-25-16:21:5,1650928865000005
1116,0,2,3,0,2022-04-25-16:21:6,1650928866000006
1117,0,1,2,0,2022-04-25-16:21:7,1650928867000007
1118,0,1,1,0,2022-04-25-16:21:8,1650928868000008
1119,0,3,1,0,2022-04-25-16:21:9,1650928869000009
1120,0,2,3,1,2022-04-25-16:21:10,165092887000001
1121,0,1,2,0,2022-04-25-16:21:11,1650928871000011
1122,0,2,1,0,2022-04-25-16:21:12,1650928872000012
1123,0,1,1,0,2022-04-25-16:21:13,1650928873000013
1124,0,1,1,0,2022-04-25-16:21:14,1650928874000014
1125,0,1,1,0,2022-04-25-16:21:15,1650928875000015
1126,0,3,2,0,2022-04-25-16:21:16,1650928876000016
1127,0,1,2,0,2022-04-25-16:21:17,1650928877000017
1128,0,1,2,0,2022-04-25-16:21:18,1650928878000018
1129,0,2,2,0,2022-04-25-16:21:19,1650928879000019
1130,0,1,1,0,2022-04-25-16:21:20,165092888000002
1131,0,1,1,0,2022-04-25-16:21:21,1650928881000021
1132,0,1,1,0,2022-04-25-16:21:22,1650928882000022
1133,0,1,1,0,2022-04-25-16:21:23,1650928883000023
1134,0,1,2,1,2022-04-25-16:21:24,1650928884000024
1135,1,8,6,1,2022-04-25-16:21:25,1650928885000025
1136,2,12,11,2,2022-04-25-16:21:26,1650928886000026
1137,1,4,4,1,2022-04-25-16:21:27,1650928887000027
1138,1,6,5,1,2022-04-25-16:21:28,1650928888000028
1139,1,3,1,0,2022-04-25-16:21:29,1650928889000029
1140,1,6,4,1,2022-04-25-16:21:30,165092889000003
1141,1,5,3,1,2022-04-25-16:21:31,1650928891000031
1142,0,1,1,0,2022-04-25-16:21:32,1650928892000032
1143,0,1,1,0,2022-04-25-16:21:33,1650928893000033
1144,0,1,2,0,2022-04-25-16:21:34,1650928894000034
1145,0,2,2,0,2022-04-25-16:21:35,1650928895000035
1146,0,2,2,0,2022-04-25-16:21:36,1650928896000036
1147,0,1,2,0,2022-04-25-16:21:37,1650928897000037
1148,0,1,1,0,2022-04-25-16:21:38,1650928898000038
1149,0,1,1,0,2022-04-25-16:21:39,1650928899000039
1150,0,2,2,0,2022-04-25-16:21:40,165092890000004
1151,0,4,3,0,2022-04-25-16:21:41,1650928901000041
1152,0,2,1,0,2022-04-25-16:21:42,1650928902000042
1153,0,1,2,0,2022-04-25-16:21:43,1650928903000043
1154,0,1,2,0,2022-04-25-16:21:44,1650928904000044
1155,0,1,3,1,2022-04-25-16:21:45,1650928905000045
1156,0,2,1,0,2022-04-25-16:21:46,1650928906000046
1157,0,1,1,0,2022-04-25-16:21:47,1650928907000047
1158,0,1,1,0,2022-04-25-16:21:48,1650928908000048
1159,0,2,1,0,2022-04-25-16:21:49,1650928909000049
1160,0,1,1,0,2022-04-25-16:21:50,165092891000005
1161,0,3,3,0,2022-04-25-16:21:51,1650928911000051
1162,0,1,1,0,2022-04-25-16:21:52,1650928912000052
1163,0,1,2,0,2022-04-25-16:21:53,1650928913000053
1164,0,1,1,0,2022-04-25-16:21:54,1650928914000054
1165,0,1,1,0,2022-04-25-16:21:55,1650928915000055
1166,2,11,10,1,2022-04-25-16:21:56,1650928916000056
1167,1,10,6,1,2022-04-25-16:21:57,1650928917000057
1168,1,3,5,2,2022-04-25-16:21:58,1650928918000058
1169,0,1,2,1,2022-04-25-16:21:59,1650928919000059
1170,0,1,1,0,2022-04-25-16:22:0,16509289200
1171,0,2,2,0,2022-04-25-16:22:1,1650928921000001
1172,0,1,2,0,2022-04-25-16:22:2,1650928922000002
1173,0,1,2,0,2022-04-25-16:22:3,1650928923000003
1174,0,1,1,0,2022-04-25-16:22:4,1650928924000004
1175,0,1,1,0,2022-04-25-16:22:5,1650928925000005
1176,0,2,2,0,2022-04-25-16:22:6,1650928926000006
1177,0,1,1,0,2022-04-25-16:22:7,1650928927000007
1178,0,2,2,0,2022-04-25-16:22:8,1650928928000008
1179,0,1,1,0,2022-04-25-16:22:9,1650928929000009
1180,0,2,3,1,2022-04-25-16:22:10,165092893000001
1181,0,1,1,0,2022-04-25-16:22:11,1650928931000011
1182,0,1,1,0,2022-04-25-16:22:12,1650928932000012
1183,0,1,1,0,2022-04-25-16:22:13,1650928933000013
1184,0,2,1,0,2022-04-25-16:22:14,1650928934000014
1185,0,1,1,0,2022-04-25-16:22:15,1650928935000015
1186,0,2,2,0,2022-04-25-16:22:16,1650928936000016
1187,0,1,2,0,2022-04-25-16:22:17,1650928937000017
1188,0,3,3,0,2022-04-25-16:22:18,1650928938000018
1189,0,1,2,0,2022-04-25-16:22:19,1650928939000019
1190,0,1,1,0,2022-04-25-16:22:20,165092894000002
1191,1,4,5,1,2022-04-25-16:22:21,1650928941000021
1192,0,1,1,0,2022-04-25-16:22:22,1650928942000022
1193,0,1,1,0,2022-04-25-16:22:23,1650928943000023
1194,0,1,2,1,2022-04-25-16:22:24,1650928944000024
1195,0,1,1,0,2022-04-25-16:22:25,1650928945000025
1196,1,8,6,1,2022-04-25-16:22:26,1650928946000026
1197,0,1,1,0,2022-04-25-16:22:27,1650928947000027
1198,2,11,10,2,2022-04-25-16:22:28,1650928948000028
1199,1,3,5,2,2022-04-25-16:22:29,1650928949000029
1200,0,2,2,0,2022-04-25-16:22:30,165092895000003
1201,0,2,3,0,2022-04-25-16:22:31,1650928951000031
1202,0,1,2,0,2022-04-25-16:22:32,1650928952000032
1203,0,1,1,0,2022-04-25-16:22:33,1650928953000033
1204,0,1,1,0,2022-04-25-16:22:34,1650928954000034
1205,0,1,1,0,2022-04-25-16:22:35,1650928955000035
1206,0,1,1,0,2022-04-25-16:22:36,1650928956000036
1207,0,1,1,0,2022-04-25-16:22:37,1650928957000037
1208,0,1,2,0,2022-04-25-16:22:38,1650928958000038
1209,0,2,3,0,2022-04-25-16:22:39,1650928959000039
1210,0,3,4,1,2022-04-25-16:22:40,165092896000004
1211,0,2,2,0,2022-04-25-16:22:41,1650928961000041
1212,0,2,1,0,2022-04-25-16:22:42,1650928962000042
1213,0,1,1,0,2022-04-25-16:22:43,1650928963000043
1214,0,1,1,0,2022-04-25-16:22:44,1650928964000044
1215,0,1,1,0,2022-04-25-16:22:45,1650928965000045
1216,1,4,5,1,2022-04-25-16:22:46,1650928966000046
1217,0,1,1,0,2022-04-25-16:22:47,1650928967000047
1218,0,1,1,0,2022-04-25-16:22:48,1650928968000048
1219,0,1,1,0,2022-04-25-16:22:49,1650928969000049
1220,0,1,1,0,2022-04-25-16:22:50,165092897000005
1221,0,1,1,0,2022-04-25-16:22:51,1650928971000051
1222,0,1,2,0,2022-04-25-16:22:52,1650928972000052
1223,0,1,2,0,2022-04-25-16:22:53,1650928973000053
1224,0,1,3,1,2022-04-25-16:22:54,1650928974000054
1225,0,1,1,0,2022-04-25-16:22:55,1650928975000055
1226,0,3,3,0,2022-04-25-16:22:56,1650928976000056
1227,1,8,6,1,2022-04-25-16:22:57,1650928977000057
1228,2,10,10,2,2022-04-25-16:22:58,1650928978000058
1229,1,3,5,2,2022-04-25-16:22:59,1650928979000059
1230,0,2,1,0,2022-04-25-16:23:0,16509289800
1231,0,2,1,0,2022-04-25-16:23:1,1650928981000001
1232,0,1,2,1,2022-04-25-16:23:2,1650928982000002
1233,0,1,1,0,2022-04-25-16:23:3,1650928983000003
1234,0,1,1,0,2022-04-25-16:23:4,1650928984000004
1235,0,1,1,0,2022-04-25-16:23:5,1650928985000005
1236,0,2,3,0,2022-04-25-16:23:6,1650928986000006
1237,0,1,2,0,2022-04-25-16:23:7,1650928987000007
1238,0,1,2,0,2022-04-25-16:23:8,1650928988000008
1239,0,2,2,0,2022-04-25-16:23:9,1650928989000009
1240,0,3,2,0,2022-04-25-16:23:10,165092899000001
1241,1,4,6,1,2022-04-25-16:23:11,1650928991000011
1242,0,1,1,0,2022-04-25-16:23:12,1650928992000012
1243,0,2,1,0,2022-04-25-16:23:13,1650928993000013
1244,0,1,1,0,2022-04-25-16:23:14,1650928994000014
1245,0,1,1,0,2022-04-25-16:23:15,1650928995000015
1246,0,1,1,0,2022-04-25-16:23:16,1650928996000016
1247,1,3,1,0,2022-04-25-16:23:17,1650928997000017
1248,0,1,2,0,2022-04-25-16:23:18,1650928998000018
1249,0,2,2,0,2022-04-25-16:23:19,1650928999000019
1250,0,1,2,0,2022-04-25-16:23:20,165092900000002
1251,1,4,4,0,2022-04-25-16:23:21,1650929001000021
1252,0,1,2,0,2022-04-25-16:23:22,1650929002000022
1253,0,1,1,0,2022-04-25-16:23:23,1650929003000023
1254,0,2,1,0,2022-04-25-16:23:24,1650929004000024
1255,0,1,2,1,2022-04-25-16:23:25,1650929005000025
1256,0,1,2,0,2022-04-25-16:23:26,1650929006000026
1257,0,1,2,0,2022-04-25-16:23:27,1650929007000027
1258,1,8,7,1,2022-04-25-16:23:28,1650929008000028
1259,2,10,10,2,2022-04-25-16:23:29,1650929009000029
1260,1,4,6,2,2022-04-25-16:23:30,165092901000003
1261,0,3,2,0,2022-04-25-16:23:31,1650929011000031
1262,0,1,1,0,2022-04-25-16:23:32,1650929012000032
1263,0,1,1,0,2022-04-25-16:23:33,1650929013000033
1264,0,1,1,0,2022-04-25-16:23:34,1650929014000034
1265,0,1,1,0,2022-04-25-16:23:35,1650929015000035
1266,1,4,6,1,2022-04-25-16:23:36,1650929016000036
1267,0,1,2,0,2022-04-25-16:23:37,1650929017000037
1268,0,1,3,0,2022-04-25-16:23:38,1650929018000038
1269,0,1,1,0,2022-04-25-16:23:39,1650929019000039
1270,0,2,3,0,2022-04-25-16:23:40,165092902000004
1271,0,1,3,1,2022-04-25-16:23:41,1650929021000041
1272,0,1,2,0,2022-04-25-16:23:42,1650929022000042
1273,0,2,1,0,2022-04-25-16:23:43,1650929023000043
1274,0,2,2,0,2022-04-25-16:23:44,1650929024000044
1275,0,1,1,0,2022-04-25-16:23:45,1650929025000045
1276,0,3,3,0,2022-04-25-16:23:46,1650929026000046
1277,0,1,1,0,2022-04-25-16:23:47,1650929027000047
1278,0,1,1,0,2022-04-25-16:23:48,1650929028000048
1279,0,1,1,0,2022-04-25-16:23:49,1650929029000049
1280,0,1,1,0,2022-04-25-16:23:50,165092903000005
1281,0,2,1,0,2022-04-25-16:23:51,1650929031000051
1282,0,2,2,1,2022-04-25-16:23:52,1650929032000052
1283,0,1,1,0,2022-04-25-16:23:53,1650929033000053
1284,0,2,1,0,2022-04-25-16:23:54,1650929034000054
1285,0,1,2,0,2022-04-25-16:23:55,1650929035000055
1286,0,3,4,0,2022-04-25-16:23:56,1650929036000056
1287,0,1,2,0,2022-04-25-16:23:57,1650929037000057
1288,1,8,7,1,2022-04-25-16:23:58,1650929038000058
1289,2,10,11,2,2022-04-25-16:23:59,1650929039000059
1290,0,2,2,0,2022-04-25-16:24:0,16509290400
1291,2,6,9,3,2022-04-25-16:24:1,1650929041000001
1292,0,1,2,0,2022-04-25-16:24:2,1650929042000002
1293,0,1,2,0,2022-04-25-16:24:3,1650929043000003
1294,0,2,2,0,2022-04-25-16:24:4,1650929044000004
1295,0,1,1,0,2022-04-25-16:24:5,1650929045000005
1296,0,1,1,0,2022-04-25-16:24:6,1650929046000006
1297,0,1,1,0,2022-04-25-16:24:7,1650929047000007
1298,0,1,1,0,2022-04-25-16:24:8,1650929048000008
1299,0,1,1,0,2022-04-25-16:24:9,1650929049000009
1300,0,2,2,0,2022-04-25-16:24:10,165092905000001
1301,0,3,4,1,2022-04-25-16:24:11,1650929051000011
1302,0,2,2,0,2022-04-25-16:24:12,1650929052000012
1303,0,1,2,0,2022-04-25-16:24:13,1650929053000013
1304,0,2,2,0,2022-04-25-16:24:14,1650929054000014
1305,0,2,2,0,2022-04-25-16:24:15,1650929055000015
1306,0,1,2,0,2022-04-25-16:24:16,1650929056000016
1307,0,1,2,0,2022-04-25-16:24:17,1650929057000017
1308,0,1,2,0,2022-04-25-16:24:18,1650929058000018
1309,0,1,2,0,2022-04-25-16:24:19,1650929059000019
1310,1,4,3,0,2022-04-25-16:24:20,165092906000002
1311,0,3,4,1,2022-04-25-16:24:21,1650929061000021
1312,0,1,1,0,2022-04-25-16:24:22,1650929062000022
1313,0,1,1,0,2022-04-25-16:24:23,1650929063000023
1314,0,1,2,0,2022-04-25-16:24:24,1650929064000024
1315,0,2,2,0,2022-04-25-16:24:25,1650929065000025
1316,1,4,6,1,2022-04-25-16:24:26,1650929066000026
1317,0,2,2,0,2022-04-25-16:24:27,1650929067000027
1318,0,1,2,0,2022-04-25-16:24:28,1650929068000028
1319,1,8,7,1,2022-04-25-16:24:29,1650929069000029
1320,2,10,10,2,2022-04-25-16:24:30,165092907000003
1321,1,3,5,2,2022-04-25-16:24:31,1650929071000031
1322,0,2,1,0,2022-04-25-16:24:32,1650929072000032
1323,0,2,3,1,2022-04-25-16:24:33,1650929073000033
1324,0,1,2,0,2022-04-25-16:24:34,1650929074000034
1325,0,1,2,0,2022-04-25-16:24:35,1650929075000035
1326,0,2,2,0,2022-04-25-16:24:36,1650929076000036
1327,0,1,1,0,2022-04-25-16:24:37,1650929077000037
1328,0,1,1,0,2022-04-25-16:24:38,1650929078000038
1329,0,1,1,0,2022-04-25-16:24:39,1650929079000039
1330,0,3,3,0,2022-04-25-16:24:40,165092908000004
1331,0,3,3,0,2022-04-25-16:24:41,1650929081000041
1332,0,1,2,0,2022-04-25-16:24:42,1650929082000042
1333,0,1,2,1,2022-04-25-16:24:43,1650929083000043
1334,0,1,1,0,2022-04-25-16:24:44,1650929084000044
1335,0,1,1,0,2022-04-25-16:24:45,1650929085000045
1336,0,2,2,0,2022-04-25-16:24:46,1650929086000046
1337,0,1,1,0,2022-04-25-16:24:47,1650929087000047
1338,0,1,2,0,2022-04-25-16:24:48,1650929088000048
1339,0,1,2,0,2022-04-25-16:24:49,1650929089000049
1340,0,2,4,1,2022-04-25-16:24:50,165092909000005
1341,1,4,5,1,2022-04-25-16:24:51,1650929091000051
1342,0,1,1,0,2022-04-25-16:24:52,1650929092000052
1343,0,2,2,1,2022-04-25-16:24:53,1650929093000053
1344,0,1,1,0,2022-04-25-16:24:54,1650929094000054
1345,0,1,1,0,2022-04-25-16:24:55,1650929095000055
1346,0,1,1,0,2022-04-25-16:24:56,1650929096000056
1347,0,1,1,0,2022-04-25-16:24:57,1650929097000057
1348,0,2,1,0,2022-04-25-16:24:58,1650929098000058
1349,1,8,6,1,2022-04-25-16:24:59,1650929099000059
1350,2,10,10,2,2022-04-25-16:25:0,16509291000
1351,1,4,6,2,2022-04-25-16:25:1,1650929101000001
1352,0,1,1,0,2022-04-25-16:25:2,1650929102000002
1353,0,1,1,0,2022-04-25-16:25:3,1650929103000003
1354,0,1,1,0,2022-04-25-16:25:4,1650929104000004
1355,0,1,1,0,2022-04-25-16:25:5,1650929105000005
1356,0,1,1,0,2022-04-25-16:25:6,1650929106000006
1357,0,2,1,0,2022-04-25-16:25:7,1650929107000007
1358,0,1,1,0,2022-04-25-16:25:8,1650929108000008
1359,0,2,2,0,2022-04-25-16:25:9,1650929109000009
1360,0,2,3,0,2022-04-25-16:25:10,165092911000001
1361,0,3,4,0,2022-04-25-16:25:11,1650929111000011
1362,0,1,1,0,2022-04-25-16:25:12,1650929112000012
1363,0,1,1,0,2022-04-25-16:25:13,1650929113000013
1364,0,1,2,1,2022-04-25-16:25:14,1650929114000014
1365,1,3,1,0,2022-04-25-16:25:15,1650929115000015
1366,1,4,5,1,2022-04-25-16:25:16,1650929116000016
1367,0,1,1,0,2022-04-25-16:25:17,1650929117000017
1368,0,1,2,0,2022-04-25-16:25:18,1650929118000018
1369,0,1,1,0,2022-04-25-16:25:19,1650929119000019
1370,0,2,1,0,2022-04-25-16:25:20,165092912000002
1371,0,1,1,0,2022-04-25-16:25:21,1650929121000021
1372,0,1,2,0,2022-04-25-16:25:22,1650929122000022
1373,0,1,2,0,2022-04-25-16:25:23,1650929123000023
1374,0,1,2,0,2022-04-25-16:25:24,1650929124000024
1375,0,3,1,0,2022-04-25-16:25:25,1650929125000025
1376,0,4,3,0,2022-04-25-16:25:26,1650929126000026
1377,0,2,1,0,2022-04-25-16:25:27,1650929127000027
1378,0,2,1,0,2022-04-25-16:25:28,1650929128000028
1379,0,1,2,0,2022-04-25-16:25:29,1650929129000029
1380,1,9,6,1,2022-04-25-16:25:30,165092913000003
1381,2,11,10,2,2022-04-25-16:25:31,1650929131000031
1382,1,4,6,2,2022-04-25-16:25:32,1650929132000032
1383,0,1,3,1,2022-04-25-16:25:33,1650929133000033
1384,0,1,2,0,2022-04-25-16:25:34,1650929134000034
1385,0,1,1,0,2022-04-25-16:25:35,1650929135000035
1386,1,4,2,0,2022-04-25-16:25:36,1650929136000036
1387,0,1,2,0,2022-04-25-16:25:37,1650929137000037
1388,0,1,2,0,2022-04-25-16:25:38,1650929138000038
1389,0,2,2,0,2022-04-25-16:25:39,1650929139000039
1390,0,3,2,0,2022-04-25-16:25:40,165092914000004
1391,1,5,6,1,2022-04-25-16:25:41,1650929141000041
1392,0,2,2,1,2022-04-25-16:25:42,1650929142000042
1393,0,1,1,0,2022-04-25-16:25:43,1650929143000043
1394,0,2,1,0,2022-04-25-16:25:44,1650929144000044
1395,0,2,1,0,2022-04-25-16:25:45,1650929145000045
1396,0,2,1,0,2022-04-25-16:25:46,1650929146000046
1397,0,2,1,0,2022-04-25-16:25:47,1650929147000047
1398,0,1,1,0,2022-04-25-16:25:48,1650929148000048
1399,0,1,1,0,2022-04-25-16:25:49,1650929149000049
1400,0,2,1,0,2022-04-25-16:25:50,165092915000005
1401,0,3,3,0,2022-04-25-16:25:51,1650929151000051
1402,0,1,1,0,2022-04-25-16:25:52,1650929152000052
1403,0,2,1,0,2022-04-25-16:25:53,1650929153000053
1404,0,2,2,0,2022-04-25-16:25:54,1650929154000054
1405,0,2,2,0,2022-04-25-16:25:55,1650929155000055
1406,1,3,2,0,2022-04-25-16:25:56,1650929156000056
1407,1,3,1,0,2022-04-25-16:25:57,1650929157000057
1408,0,2,1,0,2022-04-25-16:25:58,1650929158000058
1409,0,3,1,0,2022-04-25-16:25:59,1650929159000059
1410,1,9,6,1,2022-04-25-16:26:0,16509291600
1411,2,12,13,2,2022-04-25-16:26:1,1650929161000001
1412,1,3,5,2,2022-04-25-16:26:2,1650929162000002
1413,0,2,2,1,2022-04-25-16:26:3,1650929163000003
1414,0,1,1,0,2022-04-25-16:26:4,1650929164000004
1415,0,1,1,0,2022-04-25-16:26:5,1650929165000005
1416,1,4,5,1,2022-04-25-16:26:6,1650929166000006
1417,0,3,1,0,2022-04-25-16:26:7,1650929167000007
1418,0,3,1,0,2022-04-25-16:26:8,1650929168000008
1419,0,2,1,0,2022-04-25-16:26:9,1650929169000009
1420,1,4,3,0,2022-04-25-16:26:10,165092917000001
1421,0,2,2,0,2022-04-25-16:26:11,1650929171000011
1422,0,2,2,0,2022-04-25-16:26:12,1650929172000012
1423,0,3,1,0,2022-04-25-16:26:13,1650929173000013
1424,0,2,1,0,2022-04-25-16:26:14,1650929174000014
1425,0,1,1,0,2022-04-25-16:26:15,1650929175000015
1426,0,3,3,0,2022-04-25-16:26:16,1650929176000016
1427,0,1,1,0,2022-04-25-16:26:17,1650929177000017
1428,0,1,1,0,2022-04-25-16:26:18,1650929178000018
1429,0,1,1,0,2022-04-25-16:26:19,1650929179000019
1430,0,1,1,0,2022-04-25-16:26:20,165092918000002
1431,0,1,1,0,2022-04-25-16:26:21,1650929181000021
1432,0,1,2,1,2022-04-25-16:26:22,1650929182000022
1433,0,2,1,0,2022-04-25-16:26:23,1650929183000023
1434,0,2,1,0,2022-04-25-16:26:24,1650929184000024
1435,0,1,1,0,2022-04-25-16:26:25,1650929185000025
1436,1,4,3,0,2022-04-25-16:26:26,1650929186000026
1437,0,1,2,0,2022-04-25-16:26:27,1650929187000027
1438,0,1,2,0,2022-04-25-16:26:28,1650929188000028
1439,0,1,2,0,2022-04-25-16:26:29,1650929189000029
1440,0,2,2,1,2022-04-25-16:26:30,165092919000003
1441,2,11,10,1,2022-04-25-16:26:31,1650929191000031
1442,2,10,10,2,2022-04-25-16:26:32,1650929192000032
1443,1,3,6,2,2022-04-25-16:26:33,1650929193000033
1444,0,1,1,0,2022-04-25-16:26:34,1650929194000034
1445,0,1,1,0,2022-04-25-16:26:35,1650929195000035
1446,0,1,1,0,2022-04-25-16:26:36,1650929196000036
1447,0,1,1,0,2022-04-25-16:26:37,1650929197000037
1448,0,2,2,0,2022-04-25-16:26:38,1650929198000038
1449,0,2,2,0,2022-04-25-16:26:39,1650929199000039
1450,0,2,3,0,2022-04-25-16:26:40,165092920000004
1451,0,3,3,1,2022-04-25-16:26:41,1650929201000041
1452,0,1,1,0,2022-04-25-16:26:42,1650929202000042
1453,0,2,2,0,2022-04-25-16:26:43,1650929203000043
1454,0,1,1,0,2022-04-25-16:26:44,1650929204000044
1455,0,1,1,0,2022-04-25-16:26:45,1650929205000045
1456,0,1,1,0,2022-04-25-16:26:46,1650929206000046
1457,1,3,1,0,2022-04-25-16:26:47,1650929207000047
1458,0,1,1,0,2022-04-25-16:26:48,1650929208000048
1459,0,2,2,0,2022-04-25-16:26:49,1650929209000049
1460,0,1,2,0,2022-04-25-16:26:50,165092921000005
1461,0,2,4,1,2022-04-25-16:26:51,1650929211000051
1462,0,1,1,0,2022-04-25-16:26:52,1650929212000052
1463,0,2,2,0,2022-04-25-16:26:53,1650929213000053
1464,0,2,1,0,2022-04-25-16:26:54,1650929214000054
1465,0,1,1,0,2022-04-25-16:26:55,1650929215000055
1466,1,4,5,1,2022-04-25-16:26:56,1650929216000056
1467,0,1,2,0,2022-04-25-16:26:57,1650929217000057
1468,0,1,2,0,2022-04-25-16:26:58,1650929218000058
1469,0,1,2,0,2022-04-25-16:26:59,1650929219000059
1470,0,1,1,0,2022-04-25-16:27:0,16509292200
1471,1,8,6,1,2022-04-25-16:27:1,1650929221000001
1472,2,11,10,2,2022-04-25-16:27:2,1650929222000002
1473,0,1,3,1,2022-04-25-16:27:3,1650929223000003
1474,1,3,4,1,2022-04-25-16:27:4,1650929224000004
1475,0,1,1,0,2022-04-25-16:27:5,1650929225000005
1476,0,2,2,0,2022-04-25-16:27:6,1650929226000006
1477,0,1,1,0,2022-04-25-16:27:7,1650929227000007
1478,1,3,1,0,2022-04-25-16:27:8,1650929228000008
1479,0,1,2,0,2022-04-25-16:27:9,1650929229000009
1480,0,3,3,0,2022-04-25-16:27:10,165092923000001
1481,0,1,2,0,2022-04-25-16:27:11,1650929231000011
1482,0,1,1,0,2022-04-25-16:27:12,1650929232000012
1483,0,1,2,0,2022-04-25-16:27:13,1650929233000013
1484,0,2,2,0,2022-04-25-16:27:14,1650929234000014
1485,0,1,1,0,2022-04-25-16:27:15,1650929235000015
1486,0,2,3,0,2022-04-25-16:27:16,1650929236000016
1487,0,1,1,0,2022-04-25-16:27:17,1650929237000017
1488,0,1,1,0,2022-04-25-16:27:18,1650929238000018
1489,0,2,1,0,2022-04-25-16:27:19,1650929239000019
1490,0,1,1,0,2022-04-25-16:27:20,165092924000002
1491,1,4,5,1,2022-04-25-16:27:21,1650929241000021
1492,0,1,1,0,2022-04-25-16:27:22,1650929242000022
1493,0,2,2,1,2022-04-25-16:27:23,1650929243000023
1494,0,1,2,0,2022-04-25-16:27:24,1650929244000024
1495,0,2,2,0,2022-04-25-16:27:25,1650929245000025
1496,1,3,3,1,2022-04-25-16:27:26,1650929246000026
1497,0,1,1,0,2022-04-25-16:27:27,1650929247000027
1498,0,1,1,0,2022-04-25-16:27:28,1650929248000028
1499,0,1,1,0,2022-04-25-16:27:29,1650929249000029
1500,0,2,1,0,2022-04-25-16:27:30,165092925000003
1501,0,4,5,0,2022-04-25-16:27:31,1650929251000031
1502,1,9,6,1,2022-04-25-16:27:32,1650929252000032
1503,2,10,10,2,2022-04-25-16:27:33,1650929253000033
1504,1,3,5,2,2022-04-25-16:27:34,1650929254000034
1505,0,1,1,0,2022-04-25-16:27:35,1650929255000035
1506,0,2,2,1,2022-04-25-16:27:36,1650929256000036
1507,0,1,1,0,2022-04-25-16:27:37,1650929257000037
1508,0,1,1,0,2022-04-25-16:27:38,1650929258000038
1509,0,1,1,0,2022-04-25-16:27:39,1650929259000039
1510,0,3,2,0,2022-04-25-16:27:40,165092926000004
1511,0,2,2,0,2022-04-25-16:27:41,1650929261000041
1512,0,1,1,0,2022-04-25-16:27:42,1650929262000042
1513,0,1,1,0,2022-04-25-16:27:43,1650929263000043
1514,0,2,2,0,2022-04-25-16:27:44,1650929264000044
1515,0,2,2,0,2022-04-25-16:27:45,1650929265000045
1516,1,4,6,1,2022-04-25-16:27:46,1650929266000046
1517,0,1,2,0,2022-04-25-16:27:47,1650929267000047
1518,0,1,1,0,2022-04-25-16:27:48,1650929268000048
1519,0,2,2,0,2022-04-25-16:27:49,1650929269000049
1520,0,1,2,0,2022-04-25-16:27:50,165092927000005
1521,0,2,1,0,2022-04-25-16:27:51,1650929271000051
1522,0,2,1,0,2022-04-25-16:27:52,1650929272000052
1523,0,1,1,0,2022-04-25-16:27:53,1650929273000053
1524,0,1,1,0,2022-04-25-16:27:54,1650929274000054
1525,0,1,1,0,2022-04-25-16:27:55,1650929275000055
1526,1,4,4,1,2022-04-25-16:27:56,1650929276000056
1527,0,1,2,0,2022-04-25-16:27:57,1650929277000057
1528,0,1,2,0,2022-04-25-16:27:58,1650929278000058
1529,0,1,2,0,2022-04-25-16:27:59,1650929279000059
1530,0,1,2,0,2022-04-25-16:28:0,16509292800
1531,0,1,1,0,2022-04-25-16:28:1,1650929281000001
1532,1,8,6,1,2022-04-25-16:28:2,1650929282000002
1533,0,2,1,0,2022-04-25-16:28:3,1650929283000003
1534,2,10,10,2,2022-04-25-16:28:4,1650929284000004
1535,1,3,5,2,2022-04-25-16:28:5,1650929285000005
1536,0,2,2,0,2022-04-25-16:28:6,1650929286000006
1537,0,1,1,0,2022-04-25-16:28:7,1650929287000007
1538,0,2,2,1,2022-04-25-16:28:8,1650929288000008
1539,0,1,1,0,2022-04-25-16:28:9,1650929289000009
1540,0,2,2,0,2022-04-25-16:28:10,165092929000001
1541,1,4,5,1,2022-04-25-16:28:11,1650929291000011
1542,0,1,1,0,2022-04-25-16:28:12,1650929292000012
1543,1,3,1,0,2022-04-25-16:28:13,1650929293000013
1544,0,1,1,0,2022-04-25-16:28:14,1650929294000014
1545,0,1,1,0,2022-04-25-16:28:15,1650929295000015
1546,0,1,1,0,2022-04-25-16:28:16,1650929296000016
1547,0,1,1,0,2022-04-25-16:28:17,1650929297000017
1548,0,1,2,0,2022-04-25-16:28:18,1650929298000018
1549,0,1,2,0,2022-04-25-16:28:19,1650929299000019
1550,0,2,2,0,2022-04-25-16:28:20,165092930000002
1551,0,3,4,1,2022-04-25-16:28:21,1650929301000021
1552,0,1,1,0,2022-04-25-16:28:22,1650929302000022
1553,0,1,1,0,2022-04-25-16:28:23,1650929303000023
1554,0,2,1,0,2022-04-25-16:28:24,1650929304000024
1555,0,2,1,0,2022-04-25-16:28:25,1650929305000025
1556,0,1,1,0,2022-04-25-16:28:26,1650929306000026
1557,0,1,1,0,2022-04-25-16:28:27,1650929307000027
1558,0,1,1,0,2022-04-25-16:28:28,1650929308000028
1559,0,2,1,0,2022-04-25-16:28:29,1650929309000029
1560,0,1,2,1,2022-04-25-16:28:30,165092931000003
1561,0,3,3,0,2022-04-25-16:28:31,1650929311000031
1562,0,1,1,0,2022-04-25-16:28:32,1650929312000032
1563,1,8,6,1,2022-04-25-16:28:33,1650929313000033
1564,2,10,10,2,2022-04-25-16:28:34,1650929314000034
1565,1,3,6,2,2022-04-25-16:28:35,1650929315000035
1566,1,4,6,1,2022-04-25-16:28:36,1650929316000036
1567,0,2,2,0,2022-04-25-16:28:37,1650929317000037
1568,0,1,1,0,2022-04-25-16:28:38,1650929318000038
1569,0,1,1,0,2022-04-25-16:28:39,1650929319000039
1570,0,2,2,0,2022-04-25-16:28:40,165092932000004
1571,0,2,1,0,2022-04-25-16:28:41,1650929321000041
1572,0,1,1,0,2022-04-25-16:28:42,1650929322000042
1573,0,1,1,0,2022-04-25-16:28:43,1650929323000043
1574,0,1,1,0,2022-04-25-16:28:44,1650929324000044
1575,0,1,2,0,2022-04-25-16:28:45,1650929325000045
1576,0,3,4,0,2022-04-25-16:28:46,1650929326000046
1577,0,1,2,0,2022-04-25-16:28:47,1650929327000047
1578,0,1,2,1,2022-04-25-16:28:48,1650929328000048
1579,0,2,1,0,2022-04-25-16:28:49,1650929329000049
1580,0,1,1,0,2022-04-25-16:28:50,165092933000005
1581,0,2,1,0,2022-04-25-16:28:51,1650929331000051
1582,0,1,1,0,2022-04-25-16:28:52,1650929332000052
1583,0,2,1,0,2022-04-25-16:28:53,1650929333000053
1584,0,1,1,0,2022-04-25-16:28:54,1650929334000054
1585,0,1,2,0,2022-04-25-16:28:55,1650929335000055
1586,0,3,4,1,2022-04-25-16:28:56,1650929336000056
1587,0,2,2,0,2022-04-25-16:28:57,1650929337000057
1588,0,1,2,1,2022-04-25-16:28:58,1650929338000058
1589,0,2,1,0,2022-04-25-16:28:59,1650929339000059
1590,0,2,2,0,2022-04-25-16:29:0,16509293400
1591,1,4,5,1,2022-04-25-16:29:1,1650929341000001
1592,0,1,1,0,2022-04-25-16:29:2,1650929342000002
1593,0,1,1,0,2022-04-25-16:29:3,1650929343000003
1594,1,9,6,1,2022-04-25-16:29:4,1650929344000004
1595,2,10,11,2,2022-04-25-16:29:5,1650929345000005
1596,1,3,6,2,2022-04-25-16:29:6,1650929346000006
1597,0,1,2,0,2022-04-25-16:29:7,1650929347000007
1598,0,1,1,0,2022-04-25-16:29:8,1650929348000008
1599,0,2,2,1,2022-04-25-16:29:9,1650929349000009
1600,0,3,2,0,2022-04-25-16:29:10,165092935000001
1601,0,2,2,0,2022-04-25-16:29:11,1650929351000011
1602,0,1,1,0,2022-04-25-16:29:12,1650929352000012
1603,0,2,1,0,2022-04-25-16:29:13,1650929353000013
1604,0,1,2,0,2022-04-25-16:29:14,1650929354000014
1605,0,1,2,0,2022-04-25-16:29:15,1650929355000015
1606,0,2,4,1,2022-04-25-16:29:16,1650929356000016
1607,0,1,2,0,2022-04-25-16:29:17,1650929357000017
1608,0,1,1,0,2022-04-25-16:29:18,1650929358000018
1609,0,1,1,0,2022-04-25-16:29:19,1650929359000019
1610,0,3,4,0,2022-04-25-16:29:20,165092936000002
1611,0,2,3,0,2022-04-25-16:29:21,1650929361000021
1612,0,1,1,0,2022-04-25-16:29:22,1650929362000022
1613,0,1,2,1,2022-04-25-16:29:23,1650929363000023
1614,0,1,1,0,2022-04-25-16:29:24,1650929364000024
1615,0,2,2,0,2022-04-25-16:29:25,1650929365000025
1616,2,5,6,1,2022-04-25-16:29:26,1650929366000026
1617,0,1,2,0,2022-04-25-16:29:27,1650929367000027
1618,0,2,2,0,2022-04-25-16:29:28,1650929368000028
1619,0,2,1,0,2022-04-25-16:29:29,1650929369000029
1620,0,1,1,0,2022-04-25-16:29:30,165092937000003
1621,0,1,1,0,2022-04-25-16:29:31,1650929371000031
1622,0,1,1,0,2022-04-25-16:29:32,1650929372000032
1623,0,1,1,0,2022-04-25-16:29:33,1650929373000033
1624,1,8,6,1,2022-04-25-16:29:34,1650929374000034
1625,2,11,10,2,2022-04-25-16:29:35,1650929375000035
1626,1,4,7,2,2022-04-25-16:29:36,1650929376000036
1627,0,1,1,0,2022-04-25-16:29:37,1650929377000037
1628,0,1,1,0,2022-04-25-16:29:38,1650929378000038
1629,0,1,1,0,2022-04-25-16:29:39,1650929379000039
1630,0,2,2,0,2022-04-25-16:29:40,165092938000004
1631,0,1,2,0,2022-04-25-16:29:41,1650929381000041
1632,0,1,2,0,2022-04-25-16:29:42,1650929382000042
1633,0,2,2,0,2022-04-25-16:29:43,1650929383000043
1634,0,1,1,0,2022-04-25-16:29:44,1650929384000044
1635,0,1,1,0,2022-04-25-16:29:45,1650929385000045
1636,0,3,3,0,2022-04-25-16:29:46,1650929386000046
1637,0,1,1,0,2022-04-25-16:29:47,1650929387000047
1638,0,1,2,0,2022-04-25-16:29:48,1650929388000048
1639,0,2,3,1,2022-04-25-16:29:49,1650929389000049
1640,0,2,2,0,2022-04-25-16:29:50,165092939000005
1641,1,4,5,1,2022-04-25-16:29:51,1650929391000051
1642,0,1,1,0,2022-04-25-16:29:52,1650929392000052
1643,0,1,1,0,2022-04-25-16:29:53,1650929393000053
1644,0,1,1,0,2022-04-25-16:29:54,1650929394000054
1645,0,1,1,0,2022-04-25-16:29:55,1650929395000055
1646,0,2,1,0,2022-04-25-16:29:56,1650929396000056
1647,0,1,1,0,2022-04-25-16:29:57,1650929397000057
1648,0,1,1,0,2022-04-25-16:29:58,1650929398000058
1649,0,1,1,0,2022-04-25-16:29:59,1650929399000059
1650,0,1,3,1,2022-04-25-16:30:0,16509294000
1651,0,3,4,0,2022-04-25-16:30:1,1650929401000001
1652,0,1,2,0,2022-04-25-16:30:2,1650929402000002
1653,0,2,1,0,2022-04-25-16:30:3,1650929403000003
1654,0,1,1,0,2022-04-25-16:30:4,1650929404000004
1655,1,8,6,1,2022-04-25-16:30:5,1650929405000005
1656,2,11,10,2,2022-04-25-16:30:6,1650929406000006
1657,1,3,5,2,2022-04-25-16:30:7,1650929407000007
1658,0,2,1,0,2022-04-25-16:30:8,1650929408000008
1659,0,1,1,0,2022-04-25-16:30:9,1650929409000009
1660,0,2,2,0,2022-04-25-16:30:10,165092941000001
1661,0,2,2,0,2022-04-25-16:30:11,1650929411000011
1662,0,1,1,0,2022-04-25-16:30:12,1650929412000012
1663,0,2,1,0,2022-04-25-16:30:13,1650929413000013
1664,0,2,2,0,2022-04-25-16:30:14,1650929414000014
1665,0,1,3,1,2022-04-25-16:30:15,1650929415000015
1666,1,4,6,1,2022-04-25-16:30:16,1650929416000016
1667,0,1,1,0,2022-04-25-16:30:17,1650929417000017
1668,0,1,1,0,2022-04-25-16:30:18,1650929418000018
1669,0,1,1,0,2022-04-25-16:30:19,1650929419000019
1670,0,1,2,0,2022-04-25-16:30:20,165092942000002
1671,0,1,1,0,2022-04-25-16:30:21,1650929421000021
1672,0,2,2,0,2022-04-25-16:30:22,1650929422000022
1673,0,1,2,0,2022-04-25-16:30:23,1650929423000023
1674,0,1,2,0,2022-04-25-16:30:24,1650929424000024
1675,0,1,2,0,2022-04-25-16:30:25,1650929425000025
1676,1,4,3,0,2022-04-25-16:30:26,1650929426000026
1677,0,1,1,0,2022-04-25-16:30:27,1650929427000027
1678,0,1,1,0,2022-04-25-16:30:28,1650929428000028
1679,0,1,1,0,2022-04-25-16:30:29,1650929429000029
1680,0,1,1,0,2022-04-25-16:30:30,165092943000003
1681,0,1,1,0,2022-04-25-16:30:31,1650929431000031
1682,0,1,1,0,2022-04-25-16:30:32,1650929432000032
1683,0,1,1,0,2022-04-25-16:30:33,1650929433000033
1684,0,2,2,1,2022-04-25-16:30:34,1650929434000034
1685,1,9,6,1,2022-04-25-16:30:35,1650929435000035
1686,2,13,12,2,2022-04-25-16:30:36,1650929436000036
1687,1,3,5,2,2022-04-25-16:30:37,1650929437000037
1688,0,1,1,0,2022-04-25-16:30:38,1650929438000038
1689,0,1,1,0,2022-04-25-16:30:39,1650929439000039
1690,0,2,2,0,2022-04-25-16:30:40,165092944000004
1691,1,4,7,1,2022-04-25-16:30:41,1650929441000041
1692,0,2,2,0,2022-04-25-16:30:42,1650929442000042
1693,0,1,2,0,2022-04-25-16:30:43,1650929443000043
1694,0,1,1,0,2022-04-25-16:30:44,1650929444000044
1695,0,1,1,0,2022-04-25-16:30:45,1650929445000045
1696,0,1,1,0,2022-04-25-16:30:46,1650929446000046
1697,0,1,1,0,2022-04-25-16:30:47,1650929447000047
1698,0,1,1,0,2022-04-25-16:30:48,1650929448000048
1699,0,1,1,0,2022-04-25-16:30:49,1650929449000049
1700,0,2,1,0,2022-04-25-16:30:50,165092945000005
1701,1,4,3,0,2022-04-25-16:30:51,1650929451000051
1702,0,1,1,0,2022-04-25-16:30:52,1650929452000052
1703,0,2,1,0,2022-04-25-16:30:53,1650929453000053
1704,0,1,1,0,2022-04-25-16:30:54,1650929454000054
1705,0,1,1,0,2022-04-25-16:30:55,1650929455000055
1706,0,1,1,0,2022-04-25-16:30:56,1650929456000056
1707,0,1,2,1,2022-04-25-16:30:57,1650929457000057
1708,0,1,2,0,2022-04-25-16:30:58,1650929458000058
1709,0,1,2,0,2022-04-25-16:30:59,1650929459000059
1710,0,1,2,0,2022-04-25-16:31:0,16509294600
1711,0,3,3,0,2022-04-25-16:31:1,1650929461000001
1712,0,1,1,0,2022-04-25-16:31:2,1650929462000002
1713,0,1,1,0,2022-04-25-16:31:3,1650929463000003
1714,1,3,1,0,2022-04-25-16:31:4,1650929464000004
1715,0,1,1,0,2022-04-25-16:31:5,1650929465000005
1716,2,11,10,1,2022-04-25-16:31:6,1650929466000006
1717,2,10,10,2,2022-04-25-16:31:7,1650929467000007
1718,1,4,5,2,2022-04-25-16:31:8,1650929468000008
1719,0,1,1,0,2022-04-25-16:31:9,1650929469000009
1720,0,2,2,0,2022-04-25-16:31:10,165092947000001
1721,0,2,1,0,2022-04-25-16:31:11,1650929471000011
1722,0,1,1,0,2022-04-25-16:31:12,1650929472000012
1723,0,2,2,0,2022-04-25-16:31:13,1650929473000013
1724,0,1,2,0,2022-04-25-16:31:14,1650929474000014
1725,0,1,3,1,2022-04-25-16:31:15,1650929475000015
1726,0,2,2,0,2022-04-25-16:31:16,1650929476000016
1727,0,1,1,0,2022-04-25-16:31:17,1650929477000017
1728,0,2,2,0,2022-04-25-16:31:18,1650929478000018
1729,0,1,1,0,2022-04-25-16:31:19,1650929479000019
1730,0,1,3,1,2022-04-25-16:31:20,165092948000002
1731,0,1,2,0,2022-04-25-16:31:21,1650929481000021
1732,0,1,2,0,2022-04-25-16:31:22,1650929482000022
1733,0,2,2,0,2022-04-25-16:31:23,1650929483000023
1734,0,1,1,0,2022-04-25-16:31:24,1650929484000024
1735,0,1,1,0,2022-04-25-16:31:25,1650929485000025
1736,0,2,2,0,2022-04-25-16:31:26,1650929486000026
1737,0,1,1,0,2022-04-25-16:31:27,1650929487000027
1738,0,2,2,0,2022-04-25-16:31:28,1650929488000028
1739,0,1,1,0,2022-04-25-16:31:29,1650929489000029
1740,0,1,1,0,2022-04-25-16:31:30,165092949000003
1741,1,5,8,1,2022-04-25-16:31:31,1650929491000031
1742,0,1,2,0,2022-04-25-16:31:32,1650929492000032
1743,0,1,2,0,2022-04-25-16:31:33,1650929493000033
1744,0,2,2,0,2022-04-25-16:31:34,1650929494000034
1745,0,1,1,0,2022-04-25-16:31:35,1650929495000035
1746,1,8,6,1,2022-04-25-16:31:36,1650929496000036
1747,2,10,10,2,2022-04-25-16:31:37,1650929497000037
1748,1,3,5,2,2022-04-25-16:31:38,1650929498000038
1749,0,2,1,0,2022-04-25-16:31:39,1650929499000039
1750,0,2,2,0,2022-04-25-16:31:40,165092950000004
1751,0,1,1,0,2022-04-25-16:31:41,1650929501000041
1752,0,1,1,0,2022-04-25-16:31:42,1650929502000042
1753,0,1,2,0,2022-04-25-16:31:43,1650929503000043
1754,0,1,2,0,2022-04-25-16:31:44,1650929504000044
1755,0,1,2,0,2022-04-25-16:31:45,1650929505000045
1756,0,2,1,0,2022-04-25-16:31:46,1650929506000046
1757,0,1,1,0,2022-04-25-16:31:47,1650929507000047
1758,0,2,2,0,2022-04-25-16:31:48,1650929508000048
1759,0,1,2,1,2022-04-25-16:31:49,1650929509000049
1760,0,1,1,0,2022-04-25-16:31:50,165092951000005
1761,0,1,1,0,2022-04-25-16:31:51,1650929511000051
1762,0,2,1,0,2022-04-25-16:31:52,1650929512000052
1763,0,1,1,0,2022-04-25-16:31:53,1650929513000053
1764,0,1,1,0,2022-04-25-16:31:54,1650929514000054
1765,0,1,2,0,2022-04-25-16:31:55,1650929515000055
1766,1,6,7,1,2022-04-25-16:31:56,1650929516000056
1767,0,1,2,0,2022-04-25-16:31:57,1650929517000057
1768,0,1,1,0,2022-04-25-16:31:58,1650929518000058
1769,0,1,2,1,2022-04-25-16:31:59,1650929519000059
1770,0,1,1,0,2022-04-25-16:32:0,16509295200
1771,0,1,1,0,2022-04-25-16:32:1,1650929521000001
1772,0,2,1,0,2022-04-25-16:32:2,1650929522000002
1773,0,1,1,0,2022-04-25-16:32:3,1650929523000003
1774,0,1,1,0,2022-04-25-16:32:4,1650929524000004
1775,0,2,1,0,2022-04-25-16:32:5,1650929525000005
1776,0,3,3,0,2022-04-25-16:32:6,1650929526000006
1777,1,8,7,1,2022-04-25-16:32:7,1650929527000007
1778,2,10,11,2,2022-04-25-16:32:8,1650929528000008
1779,1,3,6,2,2022-04-25-16:32:9,1650929529000009
1780,0,2,2,0,2022-04-25-16:32:10,165092953000001
1781,0,1,1,0,2022-04-25-16:32:11,1650929531000011
1782,0,1,1,0,2022-04-25-16:32:12,1650929532000012
1783,0,1,1,0,2022-04-25-16:32:13,1650929533000013
1784,0,1,2,1,2022-04-25-16:32:14,1650929534000014
1785,0,1,1,0,2022-04-25-16:32:15,1650929535000015
1786,0,2,2,0,2022-04-25-16:32:16,1650929536000016
1787,0,2,1,0,2022-04-25-16:32:17,1650929537000017
1788,0,1,1,0,2022-04-25-16:32:18,1650929538000018
1789,0,2,2,0,2022-04-25-16:32:19,1650929539000019
1790,0,1,1,0,2022-04-25-16:32:20,165092954000002
1791,2,5,5,1,2022-04-25-16:32:21,1650929541000021
1792,0,1,1,0,2022-04-25-16:32:22,1650929542000022
1793,0,1,2,1,2022-04-25-16:32:23,1650929543000023
1794,0,1,3,0,2022-04-25-16:32:24,1650929544000024
1795,0,1,2,0,2022-04-25-16:32:25,1650929545000025
1796,0,1,2,0,2022-04-25-16:32:26,1650929546000026
1797,0,1,1,0,2022-04-25-16:32:27,1650929547000027
1798,0,1,1,0,2022-04-25-16:32:28,1650929548000028
1799,0,1,1,0,2022-04-25-16:32:29,1650929549000029
1800,0,1,1,0,2022-04-25-16:32:30,165092955000003
1801,1,4,4,1,2022-04-25-16:32:31,1650929551000031
1802,0,1,1,0,2022-04-25-16:32:32,1650929552000032
1803,0,1,1,0,2022-04-25-16:32:33,1650929553000033
1804,0,1,1,0,2022-04-25-16:32:34,1650929554000034
1805,0,2,1,0,2022-04-25-16:32:35,1650929555000035
1806,0,1,1,0,2022-04-25-16:32:36,1650929556000036
1807,1,8,7,1,2022-04-25-16:32:37,1650929557000037
1808,2,10,11,2,2022-04-25-16:32:38,1650929558000038
1809,0,1,3,1,2022-04-25-16:32:39,1650929559000039
1810,1,4,5,1,2022-04-25-16:32:40,165092956000004
1811,1,4,2,0,2022-04-25-16:32:41,1650929561000041
1812,0,1,1,0,2022-04-25-16:32:42,1650929562000042
1813,0,1,1,0,2022-04-25-16:32:43,1650929563000043
1814,0,1,1,0,2022-04-25-16:32:44,1650929564000044
1815,1,4,2,0,2022-04-25-16:32:45,1650929565000045
1816,1,4,7,1,2022-04-25-16:32:46,1650929566000046
1817,0,1,2,0,2022-04-25-16:32:47,1650929567000047
1818,0,1,1,0,2022-04-25-16:32:48,1650929568000048
1819,0,1,1,0,2022-04-25-16:32:49,1650929569000049
1820,0,2,1,0,2022-04-25-16:32:50,165092957000005
1821,0,1,1,0,2022-04-25-16:32:51,1650929571000051
1822,0,1,1,0,2022-04-25-16:32:52,1650929572000052
1823,0,2,1,0,2022-04-25-16:32:53,1650929573000053
1824,0,1,2,0,2022-04-25-16:32:54,1650929574000054
1825,0,1,2,0,2022-04-25-16:32:55,1650929575000055
1826,0,3,4,0,2022-04-25-16:32:56,1650929576000056
1827,0,1,1,0,2022-04-25-16:32:57,1650929577000057
1828,0,1,1,0,2022-04-25-16:32:58,1650929578000058
1829,0,1,1,0,2022-04-25-16:32:59,1650929579000059
1830,0,1,2,0,2022-04-25-16:33:0,16509295800
1831,0,3,1,0,2022-04-25-16:33:1,1650929581000001
1832,0,2,1,0,2022-04-25-16:33:2,1650929582000002
1833,0,1,2,1,2022-04-25-16:33:3,1650929583000003
1834,0,1,1,0,2022-04-25-16:33:4,1650929584000004
1835,0,1,2,0,2022-04-25-16:33:5,1650929585000005
1836,0,3,4,0,2022-04-25-16:33:6,1650929586000006
1837,0,1,2,0,2022-04-25-16:33:7,1650929587000007
1838,1,8,6,1,2022-04-25-16:33:8,1650929588000008
1839,2,11,10,2,2022-04-25-16:33:9,1650929589000009
1840,1,4,6,2,2022-04-25-16:33:10,165092959000001
1841,1,4,5,1,2022-04-25-16:33:11,1650929591000011
1842,0,1,1,0,2022-04-25-16:33:12,1650929592000012
1843,0,1,1,0,2022-04-25-16:33:13,1650929593000013
1844,0,1,1,0,2022-04-25-16:33:14,1650929594000014
1845,0,1,1,0,2022-04-25-16:33:15,1650929595000015
1846,0,1,1,0,2022-04-25-16:33:16,1650929596000016
1847,0,3,2,0,2022-04-25-16:33:17,1650929597000017
1848,0,1,2,0,2022-04-25-16:33:18,1650929598000018
1849,0,2,3,1,2022-04-25-16:33:19,1650929599000019
1850,0,1,1,0,2022-04-25-16:33:20,165092960000002
1851,0,3,3,0,2022-04-25-16:33:21,1650929601000021
1852,0,1,1,0,2022-04-25-16:33:22,1650929602000022
1853,0,1,1,0,2022-04-25-16:33:23,1650929603000023
1854,0,1,1,0,2022-04-25-16:33:24,1650929604000024
1855,0,2,1,0,2022-04-25-16:33:25,1650929605000025
1856,0,1,1,0,2022-04-25-16:33:26,1650929606000026
1857,0,1,2,1,2022-04-25-16:33:27,1650929607000027
1858,0,1,1,0,2022-04-25-16:33:28,1650929608000028
1859,0,1,1,0,2022-04-25-16:33:29,1650929609000029
1860,0,1,1,0,2022-04-25-16:33:30,165092961000003
1861,1,4,3,0,2022-04-25-16:33:31,1650929611000031
1862,0,2,2,0,2022-04-25-16:33:32,1650929612000032
1863,0,2,3,0,2022-04-25-16:33:33,1650929613000033
1864,0,1,2,0,2022-04-25-16:33:34,1650929614000034
1865,0,1,1,0,2022-04-25-16:33:35,1650929615000035
1866,1,4,5,1,2022-04-25-16:33:36,1650929616000036
1867,0,1,1,0,2022-04-25-16:33:37,1650929617000037
1868,0,1,1,0,2022-04-25-16:33:38,1650929618000038
1869,0,1,1,0,2022-04-25-16:33:39,1650929619000039
1870,0,2,2,0,2022-04-25-16:33:40,165092962000004
1871,0,2,1,0,2022-04-25-16:33:41,1650929621000041
1872,0,1,1,0,2022-04-25-16:33:42,1650929622000042
1873,0,2,1,0,2022-04-25-16:33:43,1650929623000043
1874,0,1,1,0,2022-04-25-16:33:44,1650929624000044
1875,0,1,1,0,2022-04-25-16:33:45,1650929625000045
1876,0,3,4,1,2022-04-25-16:33:46,1650929626000046
1877,0,1,1,0,2022-04-25-16:33:47,1650929627000047
1878,0,2,1,0,2022-04-25-16:33:48,1650929628000048
1879,0,2,1,0,2022-04-25-16:33:49,1650929629000049
1880,0,1,1,0,2022-04-25-16:33:50,165092963000005
1881,0,2,1,0,2022-04-25-16:33:51,1650929631000051
1882,0,1,1,0,2022-04-25-16:33:52,1650929632000052
1883,0,1,2,0,2022-04-25-16:33:53,1650929633000053
1884,0,1,2,0,2022-04-25-16:33:54,1650929634000054
1885,0,1,2,0,2022-04-25-16:33:55,1650929635000055
1886,0,3,3,0,2022-04-25-16:33:56,1650929636000056
1887,1,4,1,0,2022-04-25-16:33:57,1650929637000057
1888,0,1,2,1,2022-04-25-16:33:58,1650929638000058
1889,0,1,1,0,2022-04-25-16:33:59,1650929639000059
1890,0,2,2,0,2022-04-25-16:34:0,16509296400
1891,1,4,5,1,2022-04-25-16:34:1,1650929641000001
1892,0,1,1,0,2022-04-25-16:34:2,1650929642000002
1893,0,2,2,0,2022-04-25-16:34:3,1650929643000003
1894,0,1,1,0,2022-04-25-16:34:4,1650929644000004
1895,0,3,2,0,2022-04-25-16:34:5,1650929645000005
1896,0,1,2,1,2022-04-25-16:34:6,1650929646000006
1897,0,1,2,0,2022-04-25-16:34:7,1650929647000007
1898,0,1,2,0,2022-04-25-16:34:8,1650929648000008
1899,0,1,2,0,2022-04-25-16:34:9,1650929649000009
1900,0,2,2,0,2022-04-25-16:34:10,165092965000001
1901,0,3,3,0,2022-04-25-16:34:11,1650929651000011
1902,0,1,1,0,2022-04-25-16:34:12,1650929652000012
1903,0,1,1,0,2022-04-25-16:34:13,1650929653000013
1904,1,3,1,0,2022-04-25-16:34:14,1650929654000014
1905,0,1,1,0,2022-04-25-16:34:15,1650929655000015
1906,0,1,2,1,2022-04-25-16:34:16,1650929656000016
1907,0,1,1,0,2022-04-25-16:34:17,1650929657000017
1908,0,1,1,0,2022-04-25-16:34:18,1650929658000018
1909,0,1,2,0,2022-04-25-16:34:19,1650929659000019
1910,0,3,4,0,2022-04-25-16:34:20,165092966000002
1911,1,5,4,0,2022-04-25-16:34:21,1650929661000021
1912,0,1,1,0,2022-04-25-16:34:22,1650929662000022
1913,0,1,1,0,2022-04-25-16:34:23,1650929663000023
1914,0,2,1,0,2022-04-25-16:34:24,1650929664000024
1915,0,3,3,0,2022-04-25-16:34:25,1650929665000025
1916,1,4,6,2,2022-04-25-16:34:26,1650929666000026
1917,0,1,1,0,2022-04-25-16:34:27,1650929667000027
1918,0,1,1,0,2022-04-25-16:34:28,1650929668000028
1919,0,2,2,0,2022-04-25-16:34:29,1650929669000029
1920,0,1,2,0,2022-04-25-16:34:30,165092967000003
1921,0,1,2,0,2022-04-25-16:34:31,1650929671000031
1922,0,2,1,0,2022-04-25-16:34:32,1650929672000032
1923,0,1,1,0,2022-04-25-16:34:33,1650929673000033
1924,0,1,1,0,2022-04-25-16:34:34,1650929674000034
1925,0,2,1,0,2022-04-25-16:34:35,1650929675000035
1926,0,3,3,0,2022-04-25-16:34:36,1650929676000036
1927,0,1,1,0,2022-04-25-16:34:37,1650929677000037
1928,0,1,3,1,2022-04-25-16:34:38,1650929678000038
1929,0,1,1,0,2022-04-25-16:34:39,1650929679000039
1930,0,2,2,0,2022-04-25-16:34:40,165092968000004
1931,0,2,1,0,2022-04-25-16:34:41,1650929681000041
1932,0,1,1,0,2022-04-25-16:34:42,1650929682000042
1933,0,1,1,0,2022-04-25-16:34:43,1650929683000043
1934,0,1,1,0,2022-04-25-16:34:44,1650929684000044
1935,0,2,1,0,2022-04-25-16:34:45,1650929685000045
1936,0,3,4,1,2022-04-25-16:34:46,1650929686000046
1937,0,2,1,0,2022-04-25-16:34:47,1650929687000047
1938,0,2,1,0,2022-04-25-16:34:48,1650929688000048
1939,0,1,2,0,2022-04-25-16:34:49,1650929689000049
1940,0,2,2,0,2022-04-25-16:34:50,165092969000005
1941,2,5,6,1,2022-04-25-16:34:51,1650929691000051
1942,0,1,1,0,2022-04-25-16:34:52,1650929692000052
1943,0,1,1,0,2022-04-25-16:34:53,1650929693000053
1944,0,2,2,1,2022-04-25-16:34:54,1650929694000054
1945,0,1,1,0,2022-04-25-16:34:55,1650929695000055
1946,0,1,1,0,2022-04-25-16:34:56,1650929696000056
1947,0,1,1,0,2022-04-25-16:34:57,1650929697000057
1948,0,1,2,0,2022-04-25-16:34:58,1650929698000058
1949,0,2,2,0,2022-04-25-16:34:59,1650929699000059
1950,0,2,2,0,2022-04-25-16:35:0,16509297000
1951,0,4,3,0,2022-04-25-16:35:1,1650929701000001
1952,0,1,1,0,2022-04-25-16:35:2,1650929702000002
1953,0,2,1,0,2022-04-25-16:35:3,1650929703000003
1954,0,1,1,0,2022-04-25-16:35:4,1650929704000004
1955,0,1,1,0,2022-04-25-16:35:5,1650929705000005
1956,0,2,1,0,2022-04-25-16:35:6,1650929706000006
1957,0,1,1,0,2022-04-25-16:35:7,1650929707000007
1958,0,1,3,1,2022-04-25-16:35:8,1650929708000008
1959,0,2,2,0,2022-04-25-16:35:9,1650929709000009
1960,0,2,3,0,2022-04-25-16:35:10,165092971000001
1961,0,3,3,0,2022-04-25-16:35:11,1650929711000011
1962,0,1,2,0,2022-04-25-16:35:12,1650929712000012
1963,0,1,1,0,2022-04-25-16:35:13,1650929713000013
1964,0,2,1,0,2022-04-25-16:35:14,1650929714000014
1965,0,2,2,0,2022-04-25-16:35:15,1650929715000015
1966,2,5,6,1,2022-04-25-16:35:16,1650929716000016
1967,0,2,2,0,2022-04-25-16:35:17,1650929717000017
1968,0,2,2,1,2022-04-25-16:35:18,1650929718000018
1969,0,1,1,0,2022-04-25-16:35:19,1650929719000019
1970,0,1,1,0,2022-04-25-16:35:20,165092972000002
1971,0,2,2,0,2022-04-25-16:35:21,1650929721000021
1972,0,2,1,0,2022-04-25-16:35:22,1650929722000022
1973,0,2,2,0,2022-04-25-16:35:23,1650929723000023
1974,0,1,3,0,2022-04-25-16:35:24,1650929724000024
1975,0,2,2,0,2022-04-25-16:35:25,1650929725000025
1976,0,3,3,0,2022-04-25-16:35:26,1650929726000026
1977,0,1,2,0,2022-04-25-16:35:27,1650929727000027
1978,0,1,1,0,2022-04-25-16:35:28,1650929728000028
1979,0,1,2,0,2022-04-25-16:35:29,1650929729000029
1980,0,1,1,0,2022-04-25-16:35:30,165092973000003
1981,0,2,1,0,2022-04-25-16:35:31,1650929731000031
1982,1,3,1,0,2022-04-25-16:35:32,1650929732000032
1983,0,2,1,0,2022-04-25-16:35:33,1650929733000033
1984,0,1,1,0,2022-04-25-16:35:34,1650929734000034
1985,0,1,1,0,2022-04-25-16:35:35,1650929735000035
1986,0,3,4,1,2022-04-25-16:35:36,1650929736000036
1987,0,1,2,0,2022-04-25-16:35:37,1650929737000037
1988,0,1,2,0,2022-04-25-16:35:38,1650929738000038
1989,0,1,2,0,2022-04-25-16:35:39,1650929739000039
1990,0,3,3,0,2022-04-25-16:35:40,165092974000004
1991,1,5,5,1,2022-04-25-16:35:41,1650929741000041
1992,1,4,1,0,2022-04-25-16:35:42,1650929742000042
1993,0,1,2,0,2022-04-25-16:35:43,1650929743000043
1994,0,1,2,0,2022-04-25-16:35:44,1650929744000044
1995,0,1,2,0,2022-04-25-16:35:45,1650929745000045
1996,0,1,1,0,2022-04-25-16:35:46,1650929746000046
1997,0,1,1,0,2022-04-25-16:35:47,1650929747000047
1998,0,1,1,0,2022-04-25-16:35:48,1650929748000048
1999,0,3,1,0,2022-04-25-16:35:49,1650929749000049
2000,0,2,1,0,2022-04-25-16:35:50,165092975000005
2001,0,4,4,0,2022-04-25-16:35:51,1650929751000051
