Time;KBIn;PktIn;KBOut;PktOut
19:38:34;0;1;0;0
19:38:35;0;1;0;1
19:38:36;1;4;1;5
19:38:37;1;10;1;6
19:38:38;1;4;2;5
19:38:39;1;8;1;7
19:38:40;1;3;2;5
19:38:41;0;1;0;2
19:38:42;0;2;0;3
19:38:43;0;1;0;2
19:38:44;0;1;0;1
19:38:45;1;2;1;2
19:38:46;8;31;32;36
19:38:47;11;21;11;29
19:38:48;0;1;0;1
19:38:49;0;1;1;3
19:38:50;0;2;0;2
19:38:51;0;1;0;2
19:38:52;0;1;0;1
19:38:53;1;4;0;2
19:38:54;0;1;0;1
19:38:55;0;1;0;1
19:38:56;0;1;0;1
19:38:57;0;7;1;7
19:38:58;0;2;0;1
19:38:59;0;1;0;1
19:39:00;0;1;0;1
19:39:01;0;3;0;2
19:39:02;0;1;0;2
19:39:03;0;1;0;2
19:39:04;0;1;0;2
19:39:05;0;2;1;2
19:39:06;1;3;0;1
19:39:07;0;7;1;7
19:39:08;0;1;0;1
19:39:09;0;3;0;1
19:39:10;0;1;0;1
19:39:11;0;1;0;1
19:39:12;1;5;1;5
19:39:13;0;2;0;1
19:39:14;0;1;1;2
19:39:15;0;1;0;1
19:39:16;0;2;0;2
19:39:17;0;5;0;4
19:39:18;1;3;0;1
19:39:19;0;1;0;1
19:39:20;1;5;0;4
19:39:21;0;1;0;2
19:39:22;0;4;0;5
19:39:23;0;1;1;2
19:39:24;0;1;0;1
19:39:25;0;3;0;3
19:39:26;0;2;0;1
19:39:27;0;4;0;4
19:39:28;1;3;0;1
19:39:29;0;1;0;1
19:39:30;0;1;0;1
19:39:31;0;1;0;1
19:39:32;0;4;0;4
19:39:33;0;1;1;2
19:39:34;0;1;0;2
19:39:35;0;1;0;2
19:39:36;0;1;0;2
19:39:37;1;7;1;7
19:39:38;1;8;1;6
19:39:39;2;9;2;8
19:39:40;1;6;0;3
19:39:41;1;5;2;6
19:39:42;0;3;0;4
19:39:43;0;1;0;2
19:39:44;0;1;0;1
19:39:45;0;1;0;1
19:39:46;0;2;0;2
19:39:47;0;3;0;3
19:39:48;0;1;0;1
19:39:49;0;3;0;1
19:39:50;0;1;0;1
19:39:51;0;4;1;6
19:39:52;0;2;0;3
19:39:53;0;1;0;2
19:39:54;0;2;0;1
19:39:55;0;1;0;1
19:39:56;0;1;0;1
19:39:57;1;5;0;4
19:39:58;0;1;0;1
19:39:59;0;1;0;1
19:40:00;0;2;0;1
19:40:01;0;4;0;4
19:40:02;2;11;1;10
19:40:03;0;1;0;2
19:40:04;0;1;1;3
19:40:05;0;1;0;2
19:40:06;0;1;0;1
19:40:07;0;1;0;1
19:40:08;0;1;0;1
19:40:09;0;1;0;1
19:40:10;0;1;0;2
19:40:11;0;1;0;2
19:40:12;0;5;0;5
19:40:13;0;1;0;1
19:40:14;0;2;0;2
19:40:15;0;2;0;1
19:40:16;0;2;0;2
19:40:17;0;2;0;2
19:40:18;0;1;0;1
19:40:19;0;1;0;2
19:40:20;0;1;0;2
19:40:21;0;2;1;3
19:40:22;0;5;0;5
19:40:23;0;2;0;1
19:40:24;0;1;0;2
19:40:25;0;1;0;3
19:40:26;0;1;0;2
19:40:27;2;8;1;8
19:40:28;0;1;0;1
19:40:29;0;1;1;2
19:40:30;0;1;0;1
19:40:31;0;1;0;1
19:40:32;0;1;0;1
19:40:33;0;2;0;1
19:40:34;0;1;0;1
19:40:35;0;1;0;1
19:40:36;0;1;0;1
19:40:37;1;6;0;4
19:40:38;1;8;1;7
19:40:39;1;5;2;6
19:40:40;1;8;1;7
19:40:41;1;5;2;6
19:40:42;0;2;0;1
19:40:43;0;1;0;1
19:40:44;0;1;0;1
19:40:45;1;4;1;2
19:40:46;0;2;0;2
19:40:47;0;1;0;1
19:40:48;0;1;0;1
19:40:49;0;1;0;1
19:40:50;0;2;1;3
19:40:51;0;4;0;4
19:40:52;1;5;1;5
19:40:53;0;1;0;1
19:40:54;0;1;0;1
19:40:55;0;1;0;2
19:40:56;1;3;0;2
19:40:57;0;1;0;2
19:40:58;0;1;0;1
19:40:59;0;1;1;3
19:41:00;0;1;0;1
19:41:01;0;2;0;1
19:41:02;0;4;0;4
19:41:03;0;1;0;1
19:41:04;0;1;0;1
19:41:05;0;1;0;1
19:41:06;0;1;0;1
19:41:07;0;1;0;1
19:41:08;0;1;0;1
19:41:09;0;2;0;1
19:41:10;0;1;0;2
19:41:11;0;1;0;2
19:41:12;0;4;0;5
19:41:13;0;2;1;3
19:41:14;0;1;0;1
19:41:15;0;2;0;1
19:41:16;0;2;0;2
19:41:17;1;6;1;5
19:41:18;0;1;0;1
19:41:19;0;1;0;1
19:41:20;0;1;0;1
19:41:21;0;1;0;2
19:41:22;0;1;0;2
19:41:23;0;1;0;1
19:41:24;0;2;0;1
19:41:25;0;1;0;2
19:41:26;0;2;0;2
19:41:27;0;4;0;5
19:41:28;0;1;1;2
19:41:29;0;1;0;2
19:41:30;0;1;0;2
19:41:31;0;1;0;1
19:41:32;0;2;0;2
19:41:33;0;1;0;1
19:41:34;0;1;0;1
19:41:35;0;2;0;2
19:41:36;0;1;0;1
19:41:37;0;4;0;4
19:41:38;0;1;0;1
19:41:39;1;8;1;6
19:41:40;1;5;2;6
19:41:41;1;9;1;7
19:41:42;2;9;3;10
19:41:43;0;1;1;3
19:41:44;0;1;0;1
19:41:45;0;2;0;1
19:41:46;0;3;0;2
19:41:47;0;1;0;1
19:41:48;0;1;0;1
19:41:49;0;2;0;1
19:41:50;0;1;0;1
19:41:51;0;1;0;1
19:41:52;0;4;0;5
19:41:53;0;1;0;2
19:41:54;0;2;0;2
19:41:55;0;1;0;1
19:41:56;0;1;0;1
19:41:57;0;3;0;1
19:41:58;0;2;0;1
19:41:59;0;1;1;3
19:42:00;0;1;0;1
19:42:01;0;1;0;1
19:42:02;0;4;0;4
19:42:03;0;1;0;1
19:42:04;0;1;0;1
19:42:05;0;1;0;1
19:42:06;0;1;0;1
19:42:07;1;5;1;5
19:42:08;0;1;0;1
19:42:09;0;1;0;1
19:42:10;0;1;1;3
19:42:11;0;1;0;2
19:42:12;0;1;0;2
19:42:13;0;1;0;1
19:42:14;0;1;0;1
19:42:15;0;2;0;1
19:42:16;0;3;0;2
19:42:17;0;4;0;4
19:42:18;0;1;0;1
19:42:19;0;1;0;1
19:42:20;0;1;0;1
19:42:21;0;2;0;1
19:42:22;0;1;0;1
19:42:23;0;1;0;1
19:42:24;0;1;0;1
19:42:25;0;1;0;1
19:42:26;0;1;0;2
19:42:27;0;4;0;5
19:42:28;0;1;0;1
19:42:29;0;2;1;3
19:42:30;0;1;0;2
19:42:31;0;1;0;3
19:42:32;2;6;1;5
19:42:33;0;1;0;2
19:42:34;0;2;0;1
19:42:35;0;1;0;1
19:42:36;0;1;0;1
19:42:37;0;3;0;1
19:42:38;0;1;0;1
19:42:39;1;8;1;6
19:42:40;1;5;2;5
19:42:41;1;8;1;6
19:42:42;1;5;2;5
19:42:43;0;1;0;1
19:42:44;0;1;0;2
19:42:45;0;2;0;2
19:42:46;0;3;0;3
19:42:47;0;1;1;2
19:42:48;0;2;0;1
19:42:49;0;1;0;1
19:42:50;0;1;0;1
19:42:51;0;1;0;1
19:42:52;0;4;0;4
19:42:53;0;1;0;1
19:42:54;0;1;0;1
19:42:55;0;2;0;3
19:42:56;0;1;0;2
19:42:57;1;5;1;6
19:42:58;0;1;0;1
19:42:59;0;1;0;1
19:43:00;0;1;1;2
19:43:01;0;2;0;2
19:43:02;0;2;0;1
19:43:03;0;1;0;2
19:43:04;0;1;0;1
19:43:05;0;1;0;1
19:43:06;0;1;0;1
19:43:07;1;5;0;4
19:43:08;0;1;0;2
19:43:09;0;2;0;3
19:43:10;0;1;0;3
19:43:11;0;1;0;1
19:43:12;0;1;0;1
19:43:13;0;1;0;1
19:43:14;0;1;1;2
19:43:15;0;2;0;1
19:43:16;0;2;0;3
19:43:17;1;7;0;4
19:43:18;0;1;0;1
19:43:19;0;1;0;2
19:43:20;0;1;0;1
19:43:21;0;1;0;1
19:43:22;1;5;1;5
19:43:23;0;2;1;4
19:43:24;0;1;0;1
19:43:25;0;1;0;1
19:43:26;0;1;0;1
19:43:27;0;1;0;1
19:43:28;0;1;0;1
19:43:29;0;1;0;2
19:43:30;0;1;0;2
19:43:31;0;1;0;2
19:43:32;0;4;0;4
19:43:33;0;2;0;1
19:43:34;0;1;1;2
19:43:35;0;1;0;1
19:43:36;0;1;0;1
19:43:37;0;1;0;1
19:43:38;0;1;0;1
19:43:39;0;1;0;1
19:43:40;1;9;1;6
19:43:41;2;7;2;5
19:43:42;1;8;1;6
19:43:43;1;5;2;5
19:43:44;0;2;0;2
19:43:45;0;1;0;1
19:43:46;0;2;0;2
19:43:47;1;5;1;6
19:43:48;0;1;0;2
19:43:49;0;2;0;2
19:43:50;0;1;0;1
19:43:51;0;1;0;2
19:43:52;0;1;0;1
19:43:53;0;2;0;1
19:43:54;0;1;1;2
19:43:55;0;1;0;1
19:43:56;0;1;0;1
19:43:57;0;5;0;5
19:43:58;0;1;0;2
19:43:59;0;2;0;2
19:44:00;0;1;0;1
19:44:01;0;1;0;1
19:44:02;0;1;1;2
19:44:03;0;2;0;2
19:44:04;0;1;0;1
19:44:05;0;1;0;1
19:44:06;0;1;0;1
19:44:07;0;4;0;4
19:44:08;0;2;0;2
19:44:09;0;1;0;1
19:44:10;0;2;0;1
19:44:11;0;1;0;1
19:44:12;1;5;1;5
19:44:13;0;1;0;2
19:44:14;0;1;0;2
19:44:15;0;1;0;2
19:44:16;0;2;0;2
19:44:17;0;2;0;1
19:44:18;0;1;0;1
19:44:19;0;1;0;1
19:44:20;0;1;0;2
19:44:21;0;1;0;1
19:44:22;0;4;0;4
19:44:23;0;3;1;4
19:44:24;0;1;0;1
19:44:25;0;1;0;1
19:44:26;0;1;0;1
19:44:27;0;1;0;1
19:44:28;0;3;0;3
19:44:29;0;2;0;1
19:44:30;0;2;0;1
19:44:31;0;2;0;1
19:44:32;0;4;0;4
19:44:33;0;1;0;2
19:44:34;0;1;0;2
19:44:35;0;1;0;2
19:44:36;0;1;1;2
19:44:37;1;5;1;5
19:44:38;0;1;0;1
19:44:39;0;1;0;1
19:44:40;1;8;1;6
19:44:41;0;2;0;1
19:44:42;2;12;2;10
19:44:43;1;6;2;7
19:44:44;0;1;0;2
19:44:45;0;2;0;2
19:44:46;0;2;0;2
19:44:47;0;1;0;1
19:44:48;0;2;0;2
19:44:49;0;1;0;1
19:44:50;0;1;0;1
19:44:51;0;1;1;2
19:44:52;0;1;0;1
19:44:53;0;4;0;5
19:44:54;0;1;0;2
19:44:55;0;1;0;2
19:44:56;0;1;0;1
19:44:57;0;1;0;1
19:44:58;0;1;0;1
19:44:59;0;1;0;1
19:45:00;1;3;0;1
19:45:01;0;2;0;1
19:45:02;1;5;1;6
19:45:03;0;1;0;1
19:45:04;0;1;0;1
19:45:05;0;1;0;1
19:45:06;0;1;0;1
19:45:07;0;1;0;1
19:45:08;0;1;0;2
19:45:09;0;2;0;2
19:45:10;0;1;1;3
19:45:11;0;1;0;2
19:45:12;0;4;0;5
19:45:13;0;2;0;1
19:45:14;0;1;0;1
19:45:15;0;2;0;1
19:45:16;0;2;0;2
19:45:17;0;1;0;1
19:45:18;1;3;0;1
19:45:19;0;1;1;2
19:45:20;0;1;0;1
19:45:21;0;2;0;1
19:45:22;0;4;0;4
19:45:23;0;1;0;1
19:45:24;0;2;0;3
19:45:25;0;2;0;3
19:45:26;0;2;0;3
19:45:27;1;5;1;6
19:45:28;0;1;0;2
19:45:29;0;1;0;1
19:45:30;0;1;0;2
19:45:31;0;1;0;1
19:45:32;0;1;0;1
19:45:33;0;1;0;1
19:45:34;1;3;0;1
19:45:35;0;1;0;2
19:45:36;0;1;1;3
19:45:37;0;4;0;5
19:45:38;0;1;0;1
19:45:39;0;1;0;2
19:45:40;0;2;0;1
19:45:41;1;9;1;6
19:45:42;1;5;2;5
19:45:43;1;8;1;7
19:45:44;1;5;2;5
19:45:45;0;1;0;1
19:45:46;0;2;0;2
19:45:47;0;1;0;1
19:45:48;0;1;0;1
19:45:49;1;4;0;1
19:45:50;0;1;0;2
19:45:51;0;2;0;2
19:45:52;1;5;1;6
19:45:53;0;1;0;2
19:45:54;0;1;0;1
19:45:55;0;1;1;3
19:45:56;0;1;0;1
19:45:57;0;2;1;2
19:45:58;0;1;0;1
19:45:59;0;2;0;1
19:46:00;0;1;0;1
19:46:01;0;2;0;1
19:46:02;0;4;0;4
19:46:03;0;1;1;2
19:46:04;0;1;0;1
19:46:05;0;1;0;1
19:46:06;0;1;0;1
19:46:07;0;1;1;2
19:46:08;0;2;0;1
19:46:09;0;1;0;1
19:46:10;0;1;0;1
19:46:11;0;1;0;1
19:46:12;0;4;0;4
19:46:13;0;1;0;1
19:46:14;0;2;0;1
19:46:15;0;2;0;1
19:46:16;0;2;1;4
19:46:17;1;5;2;7
19:46:18;0;1;0;2
19:46:19;0;1;0;3
19:46:20;0;1;0;3
19:46:21;0;1;0;3
19:46:22;0;1;0;2
19:46:23;0;2;0;2
19:46:24;0;1;0;3
19:46:25;0;2;0;3
19:46:26;0;1;1;3
19:46:27;1;5;1;6
19:46:28;0;1;0;1
19:46:29;0;2;0;1
19:46:30;0;1;0;1
19:46:31;0;1;0;1
19:46:32;0;1;0;2
19:46:33;0;1;0;3
19:46:34;0;1;1;4
19:46:35;0;1;0;3
19:46:36;0;1;0;1
19:46:37;1;5;0;4
19:46:38;0;2;0;3
19:46:39;0;1;0;2
19:46:40;0;1;0;3
19:46:41;0;1;0;3
19:46:42;2;12;1;10
19:46:43;2;12;3;10
19:46:44;1;4;2;5
19:46:45;0;3;0;2
19:46:46;0;2;0;2
19:46:47;0;2;0;2
19:46:48;0;1;0;2
19:46:49;0;1;0;2
19:46:50;0;1;1;2
19:46:51;0;2;0;1
19:46:52;0;1;0;2
19:46:53;0;2;1;4
19:46:54;0;3;0;4
19:46:55;0;2;0;4
19:46:56;0;1;0;1
19:46:57;0;2;0;1
19:46:58;0;1;0;1
19:46:59;0;2;0;1
19:47:00;0;2;0;1
19:47:01;0;2;0;2
19:47:02;0;1;0;2
19:47:03;0;1;0;2
19:47:04;0;3;0;3
19:47:05;0;3;0;2
19:47:06;0;2;0;2
19:47:07;1;5;1;7
19:47:08;0;1;0;2
19:47:09;0;2;0;3
19:47:10;0;2;0;1
19:47:11;0;1;0;1
19:47:12;0;1;0;1
19:47:13;0;2;0;1
19:47:14;0;1;1;2
19:47:15;0;1;0;1
19:47:16;1;4;0;2
19:47:17;0;4;0;4
19:47:18;0;2;0;1
19:47:19;0;2;0;1
19:47:20;0;1;0;1
19:47:21;0;1;0;1
19:47:22;0;1;0;1
19:47:23;0;1;0;1
19:47:24;0;1;0;1
19:47:25;0;2;1;2
19:47:26;0;1;0;1
19:47:27;1;6;0;4
19:47:28;0;1;0;1
19:47:29;0;2;0;1
19:47:30;0;1;0;1
19:47:31;0;1;0;1
19:47:32;1;5;1;5
19:47:33;0;1;0;1
19:47:34;0;2;0;1
19:47:35;0;1;1;2
19:47:36;1;3;0;1
19:47:37;0;1;1;2
19:47:38;0;1;0;1
19:47:39;0;1;0;1
19:47:40;0;1;0;1
19:47:41;0;2;0;1
19:47:42;1;11;1;10
19:47:43;1;6;2;5
19:47:44;1;8;1;6
19:47:45;1;5;2;5
19:47:46;0;2;0;2
19:47:47;0;1;0;1
19:47:48;0;2;0;1
19:47:49;0;3;0;1
19:47:50;0;2;1;2
19:47:51;0;1;0;1
19:47:52;0;1;0;1
19:47:53;0;1;0;1
19:47:54;0;1;0;1
19:47:55;0;4;0;4
19:47:56;0;2;1;3
19:47:57;2;6;1;5
19:47:58;0;1;1;2
19:47:59;0;1;0;1
19:48:00;0;1;0;1
19:48:01;0;1;0;1
19:48:02;0;1;0;1
19:48:03;0;1;0;1
19:48:04;0;1;1;2
19:48:05;0;3;0;1
19:48:06;0;2;0;1
19:48:07;0;4;1;4
19:48:08;0;1;0;1
19:48:09;0;1;0;1
19:48:10;0;2;1;2
19:48:11;0;1;0;1
19:48:12;0;1;0;1
19:48:13;1;3;0;1
19:48:14;0;1;0;1
19:48:15;0;1;0;1
19:48:16;0;2;0;2
19:48:17;0;4;0;4
19:48:18;0;1;0;1
19:48:19;0;1;0;1
19:48:20;0;1;1;2
19:48:21;1;4;0;1
19:48:22;1;5;1;5
19:48:23;1;3;0;1
19:48:24;0;1;0;1
19:48:25;0;1;0;1
19:48:26;0;1;0;1
19:48:27;0;1;1;3
19:48:28;0;1;0;1
19:48:29;0;3;0;1
19:48:30;0;2;0;1
19:48:31;0;1;0;1
19:48:32;0;4;0;4
19:48:33;0;1;0;1
19:48:34;0;1;0;1
19:48:35;0;1;0;1
19:48:36;0;1;1;2
19:48:37;0;1;0;1
19:48:38;0;2;0;1
19:48:39;0;1;0;1
19:48:40;0;1;0;1
19:48:41;0;2;0;1
19:48:42;0;4;0;5
19:48:43;1;8;1;6
19:48:44;2;13;3;11
19:48:45;0;2;0;1
19:48:46;1;6;2;6
19:48:47;1;5;1;5
19:48:48;0;1;0;1
19:48:49;0;2;0;1
19:48:50;0;2;0;1
19:48:51;0;3;1;2
19:48:52;0;2;1;3
19:48:53;0;2;0;1
19:48:54;0;1;0;1
19:48:55;0;1;0;1
19:48:56;0;1;0;1
19:48:57;0;4;0;4
19:48:58;0;2;0;1
19:48:59;1;3;0;1
19:49:00;0;1;0;1
19:49:01;0;2;0;1
19:49:02;0;1;0;1
19:49:03;0;4;1;4
19:49:04;0;2;1;3
19:49:05;0;1;0;1
19:49:06;0;2;0;1
19:49:07;0;4;0;4
19:49:08;0;1;0;1
19:49:09;0;2;0;1
19:49:10;0;2;0;1
19:49:11;1;3;0;1
19:49:12;1;6;1;6
19:49:13;0;1;0;1
19:49:14;0;1;0;1
19:49:15;0;2;0;1
19:49:16;0;1;0;1
19:49:17;0;3;1;3
19:49:18;0;1;1;2
19:49:19;0;1;0;1
19:49:20;0;2;0;1
19:49:21;0;1;0;1
19:49:22;0;4;0;4
19:49:23;0;1;0;1
19:49:24;0;2;0;1
19:49:25;0;1;0;1
19:49:26;0;1;0;1
19:49:27;0;1;0;1
19:49:28;0;1;0;1
19:49:29;0;1;0;1
19:49:30;0;1;0;1
19:49:31;0;2;1;3
19:49:32;1;7;1;6
19:49:33;0;3;0;2
19:49:34;0;1;0;1
19:49:35;1;3;0;1
19:49:36;0;1;0;1
19:49:37;1;7;1;7
19:49:38;0;1;0;1
19:49:39;0;1;0;1
19:49:40;0;1;0;1
19:49:41;0;2;1;2
19:49:42;0;1;0;1
19:49:43;1;9;1;6
19:49:44;1;5;2;6
19:49:45;1;8;1;6
19:49:46;2;7;2;5
19:49:47;0;1;0;1
19:49:48;0;2;0;1
19:49:49;0;1;0;1
19:49:50;0;1;0;1
19:49:51;0;2;0;1
19:49:52;0;1;0;1
19:49:53;0;1;0;1
19:49:54;0;1;0;1
19:49:55;0;1;0;1
19:49:56;0;4;1;5
19:49:57;0;1;1;2
19:49:58;0;2;0;1
19:49:59;0;1;0;1
19:50:00;0;1;0;1
19:50:01;0;1;0;1
19:50:02;1;5;1;5
19:50:03;0;2;0;2
19:50:04;0;2;0;1
19:50:05;1;3;0;1
19:50:06;0;1;0;1
19:50:07;0;1;0;1
19:50:08;0;1;0;1
19:50:09;0;1;1;2
19:50:10;0;1;0;1
19:50:11;0;1;0;1
19:50:12;1;5;0;4
19:50:13;0;3;0;1
19:50:14;0;2;0;1
19:50:15;0;1;0;1
19:50:16;0;1;1;2
19:50:17;0;1;0;1
19:50:18;0;2;0;1
19:50:19;0;1;0;1
19:50:20;0;1;0;1
19:50:21;0;2;0;1
19:50:22;1;5;0;4
19:50:23;0;1;1;2
19:50:24;0;2;0;1
19:50:25;0;1;0;1
19:50:26;0;1;0;1
19:50:27;1;5;1;5
19:50:28;0;1;0;1
19:50:29;0;2;0;1
19:50:30;0;1;0;1
19:50:31;0;2;0;1
19:50:32;0;1;1;3
19:50:33;0;3;0;2
19:50:34;0;1;0;1
19:50:35;0;1;0;1
19:50:36;0;1;0;1
19:50:37;0;5;0;4
19:50:38;0;1;0;1
19:50:39;0;1;0;1
19:50:40;0;1;0;2
19:50:41;0;2;0;1
19:50:42;0;2;0;1
19:50:43;0;1;1;2
19:50:44;1;8;1;6
19:50:45;1;6;2;7
19:50:46;1;8;1;6
19:50:47;1;4;2;4
19:50:48;0;1;0;1
19:50:49;1;3;1;2
19:50:50;0;1;0;1
19:50:51;0;1;0;1
19:50:52;1;4;1;4
19:50:53;0;2;0;1
19:50:54;0;1;0;1
19:50:55;0;1;0;1
19:50:56;0;1;0;1
19:50:57;0;2;1;2
19:50:58;0;2;0;1
19:50:59;0;2;0;2
19:51:00;0;1;0;1
19:51:01;0;2;0;1
19:51:02;0;3;0;3
19:51:03;0;2;0;2
19:51:04;0;1;1;2
19:51:05;0;2;0;1
19:51:06;0;1;0;1
19:51:07;0;1;0;1
19:51:08;0;2;0;1
19:51:09;0;3;1;2
19:51:10;0;1;0;1
19:51:11;0;1;0;1
19:51:12;0;3;0;3
19:51:13;0;1;0;1
19:51:14;0;1;0;1
19:51:15;0;1;0;1
19:51:16;0;1;1;2
19:51:17;1;5;1;5
19:51:18;0;1;0;1
19:51:19;0;2;0;1
19:51:20;0;2;1;2
19:51:21;0;1;0;1
19:51:22;0;1;0;1
19:51:23;0;1;0;1
19:51:24;0;1;0;1
19:51:25;0;3;0;1
19:51:26;1;3;0;1
19:51:27;0;3;0;3
19:51:28;0;1;0;1
19:51:29;0;1;0;1
19:51:30;0;1;0;1
19:51:31;0;1;1;2
19:51:32;0;2;0;1
19:51:33;0;3;0;2
19:51:34;0;1;0;1
19:51:35;0;1;0;1
19:51:36;0;1;0;1
19:51:37;0;3;0;3
19:51:38;0;1;0;1
19:51:39;0;1;1;3
19:51:40;0;2;0;2
19:51:41;0;3;0;1
19:51:42;1;4;1;5
19:51:43;0;1;0;2
19:51:44;1;8;1;6
19:51:45;1;4;2;4
19:51:46;1;8;1;6
19:51:47;1;5;2;4
19:51:48;0;1;0;1
19:51:49;0;2;0;1
19:51:50;0;1;1;2
19:51:51;0;1;1;2
19:51:52;0;1;0;1
19:51:53;0;1;0;1
19:51:54;0;2;0;1
19:51:55;0;1;0;1
19:51:56;0;1;0;1
19:51:57;0;3;0;3
19:51:58;0;1;0;1
19:51:59;0;1;0;1
19:52:00;0;1;0;1
19:52:01;0;1;0;1
19:52:02;0;2;0;1
19:52:03;0;2;1;3
19:52:04;0;1;0;1
19:52:05;0;2;0;1
19:52:06;0;1;0;1
19:52:07;1;6;1;7
19:52:08;0;2;0;1
19:52:09;0;1;1;2
19:52:10;0;1;0;1
19:52:11;0;1;0;1
19:52:12;0;1;0;1
19:52:13;0;3;0;1
19:52:14;0;1;0;1
19:52:15;0;1;0;2
19:52:16;0;1;1;3
19:52:17;0;3;0;4
19:52:18;0;1;1;3
19:52:19;0;1;0;2
19:52:20;0;1;0;2
19:52:21;0;2;0;2
19:52:22;0;1;0;2
19:52:23;0;1;0;2
19:52:24;0;1;0;2
19:52:25;0;1;0;2
19:52:26;0;1;0;2
19:52:27;0;3;1;5
19:52:28;0;1;0;2
19:52:29;1;4;0;2
19:52:30;0;1;0;2
19:52:31;0;1;0;1
19:52:32;1;4;1;5
19:52:33;0;3;0;2
19:52:34;0;1;1;3
19:52:35;0;1;0;1
19:52:36;0;1;0;1
19:52:37;0;1;0;1
19:52:38;0;1;0;1
19:52:39;0;1;0;1
19:52:40;0;1;0;1
19:52:41;0;2;0;2
19:52:42;0;3;0;3
19:52:43;0;2;1;2
19:52:44;0;1;0;1
19:52:45;1;8;1;6
19:52:46;1;4;2;5
19:52:47;1;8;1;6
19:52:48;1;4;2;4
19:52:49;0;1;0;1
19:52:50;0;2;0;1
19:52:51;0;1;0;1
19:52:52;0;1;0;1
19:52:53;0;2;0;1
19:52:54;0;1;0;1
19:52:55;0;1;1;2
19:52:56;0;1;1;2
19:52:57;1;3;1;4
19:52:58;0;2;0;1
19:52:59;0;2;0;1
19:53:00;0;1;0;1
19:53:01;0;1;0;1
19:53:02;0;1;0;1
19:53:03;0;3;0;2
19:53:04;0;1;0;1
19:53:05;0;1;0;1
19:53:06;0;1;0;1
19:53:07;0;3;0;3
19:53:08;0;1;0;1
19:53:09;0;2;1;2
19:53:10;0;1;0;1
19:53:11;0;1;0;1
19:53:12;0;2;1;2
19:53:13;0;1;0;1
19:53:14;0;1;0;1
19:53:15;0;1;0;1
19:53:16;0;1;0;2
19:53:17;0;5;0;3
19:53:18;0;1;0;1
19:53:19;0;2;0;1
19:53:20;0;1;0;1
19:53:21;0;1;1;2
19:53:22;1;3;1;5
19:53:23;0;3;0;1
19:53:24;0;1;0;1
19:53:25;0;1;1;2
19:53:26;0;1;0;1
19:53:27;0;1;0;1
19:53:28;0;1;0;1
19:53:29;0;1;0;1
19:53:30;0;1;1;2
19:53:31;0;1;0;1
19:53:32;0;3;0;3
19:53:33;0;3;0;2
19:53:34;0;1;0;1
19:53:35;0;1;1;2
19:53:36;0;2;0;1
19:53:37;0;2;0;1
19:53:38;0;1;0;1
19:53:39;0;2;0;1
19:53:40;0;1;0;1
19:53:41;0;2;0;1
19:53:42;1;4;1;4
19:53:43;0;1;0;1
19:53:44;0;1;0;1
19:53:45;1;8;1;6
19:53:46;0;1;1;3
19:53:47;3;13;1;9
19:53:48;2;6;3;7
19:53:49;0;2;0;1
19:53:50;0;1;0;2
19:53:51;0;1;1;2
19:53:52;0;1;0;1
19:53:53;0;1;0;1
19:53:54;0;2;0;1
19:53:55;0;2;0;1
19:53:56;0;1;0;1
19:53:57;0;2;0;1
19:53:58;0;3;0;3
19:53:59;0;1;0;1
19:54:00;0;2;1;3
19:54:01;0;1;0;1
19:54:02;0;1;0;1
19:54:03;0;2;0;2
19:54:04;0;1;0;1
19:54:05;0;1;0;1
19:54:06;0;1;0;1
19:54:07;1;3;0;1
19:54:08;0;3;0;3
19:54:09;0;1;0;1
19:54:10;0;1;0;1
19:54:11;0;1;1;2
19:54:12;0;3;0;2
19:54:13;1;4;1;5
19:54:14;0;1;0;1
19:54:15;0;1;0;1
19:54:16;0;2;0;1
19:54:17;0;1;0;1
19:54:18;0;1;0;1
19:54:19;0;1;0;1
19:54:20;0;2;1;2
19:54:21;0;1;0;1
19:54:22;0;1;0;1
19:54:23;1;4;0;3
19:54:24;0;1;0;1
19:54:25;0;1;1;2
19:54:26;0;1;0;2
19:54:27;0;2;0;1
19:54:28;0;1;0;1
19:54:29;0;1;0;1
19:54:30;0;1;0;1
19:54:31;0;1;0;1
19:54:32;0;2;0;1
19:54:33;1;5;0;4
19:54:34;0;2;0;1
19:54:35;0;1;1;2
19:54:36;0;1;0;1
19:54:37;0;2;0;1
19:54:38;1;4;1;5
19:54:39;0;1;0;1
19:54:40;0;4;0;3
19:54:41;0;1;0;1
19:54:42;0;2;0;1
19:54:43;0;1;0;1
19:54:44;0;1;1;2
19:54:45;0;4;0;3
19:54:46;1;8;1;6
19:54:47;2;7;2;4
19:54:48;1;9;1;6
19:54:49;1;4;2;5
19:54:50;0;1;1;2
19:54:51;0;1;0;1
19:54:52;0;1;0;1
19:54:53;0;2;0;1
19:54:54;0;1;0;1
19:54:55;0;2;0;1
19:54:56;0;1;0;1
19:54:57;0;1;0;1
19:54:58;0;1;0;1
19:54:59;1;4;1;4
19:55:00;0;1;0;1
19:55:01;0;1;0;1
19:55:02;0;2;0;1
19:55:03;1;5;1;7
19:55:04;0;2;0;2
19:55:05;0;1;0;1
19:55:06;0;2;0;1
19:55:07;0;1;0;1
19:55:08;0;1;0;1
19:55:09;0;3;0;1
19:55:10;0;1;1;2
19:55:11;0;2;0;1
19:55:12;0;1;0;1
19:55:13;0;3;0;3
19:55:14;0;1;0;1
19:55:15;0;2;0;1
19:55:16;0;1;0;1
19:55:17;0;1;0;1
19:55:18;0;2;0;1
19:55:19;0;1;0;1
19:55:20;0;1;0;1
19:55:21;0;1;0;1
19:55:22;0;1;0;1
19:55:23;0;3;0;3
19:55:24;0;1;1;2
19:55:25;0;2;1;2
19:55:26;0;1;0;1
19:55:27;0;1;0;1
19:55:28;1;4;1;5
19:55:29;0;1;0;1
19:55:30;0;1;1;3
19:55:31;0;1;0;1
19:55:32;0;2;0;1
19:55:33;0;3;1;3
19:55:34;0;2;1;2
19:55:35;0;1;0;1
19:55:36;0;1;0;1
19:55:37;0;1;0;1
19:55:38;0;3;0;3
19:55:39;0;1;0;1
19:55:40;0;1;0;2
19:55:41;0;2;0;1
19:55:42;0;2;0;1
19:55:43;0;1;0;1
19:55:44;0;1;0;1
19:55:45;0;1;0;1
19:55:46;0;2;0;2
19:55:47;1;8;0;5
19:55:48;2;12;2;11
19:55:49;1;4;2;4
19:55:50;0;1;0;1
19:55:51;0;1;0;1
19:55:52;0;2;1;2
19:55:53;1;4;1;5
19:55:54;0;1;0;1
19:55:55;0;1;0;1
19:55:56;0;2;0;1
19:55:57;0;1;0;1
19:55:58;0;1;0;2
19:55:59;0;2;0;1
19:56:00;0;1;0;1
19:56:01;0;1;0;1
19:56:02;0;1;1;2
19:56:03;0;4;0;4
19:56:04;0;1;0;1
19:56:05;0;2;0;1
19:56:06;0;2;0;1
19:56:07;0;1;0;1
19:56:08;0;1;0;1
19:56:09;0;2;0;1
19:56:10;0;1;1;2
19:56:11;0;1;0;1
19:56:12;0;1;0;1
19:56:13;1;4;0;3
19:56:14;0;2;0;1
19:56:15;0;1;0;1
19:56:16;0;2;1;3
19:56:17;0;1;1;2
19:56:18;1;4;1;5
19:56:19;0;1;0;1
19:56:20;0;1;0;1
19:56:21;0;1;0;1
19:56:22;0;2;0;1
19:56:23;0;1;0;1
19:56:24;0;1;0;2
19:56:25;0;1;0;1
19:56:26;0;1;0;1
19:56:27;0;1;0;1
19:56:28;1;4;0;3
19:56:29;0;1;0;1
19:56:30;0;1;1;3
19:56:31;0;1;0;1
19:56:32;0;1;0;1
19:56:33;0;2;0;2
19:56:34;0;2;0;1
19:56:35;0;1;0;1
19:56:36;0;1;0;1
19:56:37;0;2;0;1
19:56:38;0;3;1;4
19:56:39;0;1;0;1
19:56:40;0;1;0;1
19:56:41;0;1;0;1
19:56:42;0;1;0;1
19:56:43;1;4;1;6
19:56:44;0;2;0;1
19:56:45;0;1;0;1
19:56:46;0;1;0;1
19:56:47;1;8;1;6
19:56:48;1;5;2;5
19:56:49;1;8;1;6
19:56:50;1;4;2;4
19:56:51;0;1;0;1
19:56:52;0;1;0;1
19:56:53;0;2;0;1
19:56:54;0;1;0;1
19:56:55;0;2;0;1
19:56:56;0;1;0;1
19:56:57;0;1;0;1
19:56:58;0;1;0;1
19:56:59;0;1;0;1
19:57:00;0;3;1;4
19:57:01;0;1;0;1
19:57:02;0;1;0;1
19:57:03;0;3;0;2
19:57:04;0;1;0;1
19:57:05;1;3;0;1
19:57:06;0;1;0;1
19:57:07;0;1;0;1
19:57:08;1;4;1;5
19:57:09;0;1;1;2
19:57:10;0;1;0;1
19:57:11;0;1;0;1
19:57:12;0;1;0;1
19:57:13;0;1;0;1
19:57:14;0;1;0;1
19:57:15;0;1;0;1
19:57:16;0;1;0;1
19:57:17;0;2;1;3
19:57:18;0;3;0;3
19:57:19;0;2;1;2
19:57:20;0;1;0;1
19:57:21;0;1;0;1
19:57:22;0;1;0;1
19:57:23;0;2;0;1
19:57:24;0;1;0;1
19:57:25;0;1;0;1
19:57:26;0;2;0;1
19:57:27;0;1;0;1
19:57:28;0;3;0;3
19:57:29;0;1;0;1
19:57:30;0;2;1;2
19:57:31;0;1;1;2
19:57:32;0;2;0;1
19:57:33;2;6;1;7
19:57:34;0;1;0;1
19:57:35;0;1;0;2
19:57:36;0;1;0;1
19:57:37;1;3;0;1
19:57:38;0;1;0;1
19:57:39;0;1;0;1
19:57:40;0;1;0;1
19:57:41;0;2;0;1
19:57:42;0;1;0;1
19:57:43;1;4;1;4
19:57:44;0;1;0;1
19:57:45;0;1;0;1
19:57:46;0;1;0;1
19:57:47;0;1;0;1
19:57:48;2;10;1;7
19:57:49;2;12;2;10
19:57:50;1;3;2;4
19:57:51;0;2;0;1
19:57:52;0;1;0;1
19:57:53;0;2;0;1
19:57:54;0;1;0;1
19:57:55;0;2;0;1
19:57:56;0;2;0;1
19:57:57;0;1;1;2
19:57:58;2;5;1;5
19:57:59;0;1;0;1
19:58:00;0;2;0;1
19:58:01;0;1;0;1
19:58:02;0;1;0;2
19:58:03;0;3;0;2
19:58:04;0;1;0;1
19:58:05;0;1;0;1
19:58:06;0;1;0;1
19:58:07;0;1;0;1
19:58:08;1;4;0;4
19:58:09;0;1;1;2
19:58:10;0;1;1;2
19:58:11;1;3;0;1
19:58:12;0;1;0;1
19:58:13;0;2;0;1
19:58:14;0;1;0;1
19:58:15;0;1;0;1
19:58:16;0;1;0;1
19:58:17;0;1;0;1
19:58:18;1;4;0;3
19:58:19;1;3;0;1
19:58:20;0;1;0;1
19:58:21;0;1;1;3
19:58:22;0;1;0;1
19:58:23;1;4;2;6
19:58:24;0;1;0;1
19:58:25;0;1;0;1
19:58:26;0;1;0;1
19:58:27;0;1;0;1
19:58:28;0;1;0;1
19:58:29;0;1;0;1
19:58:30;0;2;0;1
19:58:31;0;1;0;1
19:58:32;0;1;0;1
19:58:33;1;5;0;4
19:58:34;0;2;1;2
19:58:35;0;1;0;1
19:58:36;0;1;1;2
19:58:37;0;1;0;1
19:58:38;0;1;0;1
19:58:39;0;2;0;1
19:58:40;0;1;0;1
19:58:41;0;2;1;2
19:58:42;0;1;0;1
19:58:43;1;4;0;3
19:58:44;0;1;0;2
19:58:45;0;1;0;1
19:58:46;0;1;0;1
19:58:47;0;1;0;1
19:58:48;2;11;1;10
19:58:49;1;4;2;4
19:58:50;1;8;1;6
19:58:51;1;4;2;4
19:58:52;0;1;0;1
19:58:53;0;1;0;1
19:58:54;0;2;0;1
19:58:55;0;2;0;1
19:58:56;0;1;0;1
19:58:57;0;1;1;2
19:58:58;0;1;0;1
19:58:59;0;1;1;2
19:59:00;0;2;0;2
19:59:01;0;3;0;3
19:59:02;0;1;0;1
19:59:03;0;2;0;2
19:59:04;0;1;0;1
19:59:05;0;1;0;1
19:59:06;0;1;0;1
19:59:07;0;1;0;1
19:59:08;0;1;0;1
19:59:09;0;1;0;1
19:59:10;0;2;0;1
19:59:11;0;3;1;4
19:59:12;0;1;0;1
19:59:13;1;4;1;6
19:59:14;0;1;0;1
19:59:15;0;2;0;1
19:59:16;0;1;0;1
19:59:17;0;1;0;1
19:59:18;0;1;0;1
19:59:19;0;2;0;1
19:59:20;0;3;0;2
19:59:21;0;1;0;1
19:59:22;0;1;0;1
19:59:23;0;3;0;3
19:59:24;0;1;0;1
19:59:25;0;2;0;2
19:59:26;0;1;1;2
19:59:27;0;1;0;1
19:59:28;0;1;0;1
19:59:29;0;1;1;2
19:59:30;0;2;0;2
19:59:31;0;2;0;1
19:59:32;0;1;0;1
19:59:33;0;4;0;4
19:59:34;0;1;0;1
19:59:35;0;1;0;1
19:59:36;0;2;0;1
19:59:37;0;1;0;1
19:59:38;1;4;1;5
19:59:39;0;1;0;1
19:59:40;0;3;1;4
19:59:41;0;1;0;1
19:59:42;0;2;0;1
19:59:43;0;1;0;1
19:59:44;0;1;0;1
19:59:45;0;3;0;3
19:59:46;0;1;0;1
19:59:47;0;1;0;1
19:59:48;0;3;0;3
19:59:49;1;9;1;7
19:59:50;1;5;2;6
19:59:51;1;7;1;6
19:59:52;1;5;2;4
19:59:53;0;2;0;1
19:59:54;0;1;0;1
19:59:55;0;1;0;1
19:59:56;0;1;0;1
19:59:57;0;1;0;1
19:59:58;0;1;1;2
19:59:59;0;1;1;2
20:00:00;0;1;0;2
20:00:01;0;1;0;1
20:00:02;0;3;0;3
20:00:03;1;5;1;6
20:00:04;0;1;0;1
20:00:05;0;1;0;1
20:00:06;0;1;0;1
20:00:07;0;1;0;1
20:00:08;0;1;0;2
20:00:09;0;2;0;1
20:00:10;0;1;0;1
20:00:11;0;1;0;1
20:00:12;1;3;0;1
20:00:13;0;3;0;3
20:00:14;0;1;0;1
20:00:15;0;1;1;2
20:00:16;0;1;0;2
20:00:17;0;1;0;1
20:00:18;0;1;0;1
20:00:19;0;2;0;1
20:00:20;0;1;1;2
20:00:21;0;1;0;1
20:00:22;0;1;0;1
20:00:23;0;3;0;3
20:00:24;0;1;0;2
20:00:25;0;1;0;1
20:00:26;0;2;0;1
20:00:27;0;1;0;1
20:00:28;2;5;1;5
20:00:29;0;2;1;2
20:00:30;0;3;0;1
20:00:31;0;2;0;1
20:00:32;0;1;0;1
20:00:33;0;2;0;2
20:00:34;0;2;0;1
20:00:35;0;2;0;1
20:00:36;0;2;0;1
20:00:37;0;1;0;1
20:00:38;0;3;0;3
20:00:39;0;1;1;2
20:00:40;0;1;0;1
20:00:41;1;3;0;2
20:00:42;0;1;0;1
20:00:43;0;3;0;1
20:00:44;1;4;0;1
20:00:45;0;2;1;2
20:00:46;0;1;0;1
20:00:47;0;1;0;1
20:00:48;0;4;0;3
20:00:49;1;9;1;6
20:00:50;1;5;2;6
20:00:51;1;8;1;6
20:00:52;1;5;2;4
20:00:53;2;6;1;6
20:00:54;0;1;0;1
20:00:55;0;1;0;1
20:00:56;0;1;0;1
20:00:57;0;2;0;1
20:00:58;0;2;0;1
20:00:59;0;2;0;1
20:01:00;0;1;1;4
20:01:01;0;1;0;1
20:01:02;0;3;0;2
20:01:03;0;4;1;4
20:01:04;0;2;0;1
20:01:05;0;1;0;1
20:01:06;0;1;0;1
20:01:07;0;1;0;1
20:01:08;0;1;0;1
20:01:09;0;2;0;1
20:01:10;0;1;0;1
20:01:11;0;3;0;1
20:01:12;0;2;0;1
20:01:13;0;3;0;2
20:01:14;0;2;0;1
20:01:15;0;1;0;1
20:01:16;0;2;1;2
20:01:17;0;2;0;1
20:01:18;1;7;1;6
20:01:19;0;1;0;1
20:01:20;0;1;0;1
20:01:21;0;1;1;2
20:01:22;0;1;0;1
20:01:23;0;1;0;1
20:01:24;0;1;0;1
20:01:25;0;1;0;1
20:01:26;0;2;0;1
20:01:27;0;1;0;1
20:01:28;0;3;0;3
20:01:29;0;1;0;1
20:01:30;0;1;0;1
20:01:31;0;2;0;1
20:01:32;0;2;0;1
20:01:33;0;2;1;4
20:01:34;0;1;0;2
20:01:35;0;1;0;1
20:01:36;0;1;0;1
20:01:37;0;1;0;1
20:01:38;0;3;0;3
20:01:39;0;2;0;1
20:01:40;0;1;0;1
20:01:41;0;1;0;1
20:01:42;0;1;0;1
20:01:43;1;4;1;5
20:01:44;0;1;0;1
20:01:45;0;1;0;1
20:01:46;0;2;0;1
20:01:47;0;1;0;1
20:01:48;0;2;0;1
20:01:49;0;1;0;1
20:01:50;1;9;1;6
20:01:51;1;3;2;6
20:01:52;1;8;1;6
20:01:53;1;5;2;6
20:01:54;0;1;1;2
20:01:55;0;1;0;1
20:01:56;0;1;0;1
20:01:57;0;1;0;1
20:01:58;0;1;0;1
20:01:59;0;1;0;1
20:02:00;0;2;0;1
20:02:01;0;1;0;1
20:02:02;0;1;0;1
20:02:03;0;4;1;4
20:02:04;0;2;0;1
20:02:05;0;2;0;1
20:02:06;0;1;0;1
20:02:07;0;1;0;1
20:02:08;1;4;1;5
20:02:09;0;1;0;1
20:02:10;0;1;0;1
20:02:11;0;1;0;2
20:02:12;0;2;1;3
20:02:13;0;1;1;3
20:02:14;0;1;0;1
20:02:15;0;1;0;2
20:02:16;0;2;0;2
20:02:17;0;1;0;2
20:02:18;0;3;0;3
20:02:19;0;1;0;3
20:02:20;0;2;0;3
20:02:21;0;1;1;4
20:02:22;0;1;0;1
20:02:23;0;2;0;3
20:02:24;0;1;0;2
20:02:25;0;2;0;3
20:02:26;0;1;1;2
20:02:27;0;1;0;3
20:02:28;0;3;0;4
20:02:29;0;1;0;3
20:02:30;0;1;0;1
20:02:31;0;2;1;4
20:02:32;0;1;0;2
20:02:33;1;5;1;8
20:02:34;0;1;0;2
20:02:35;0;1;0;3
20:02:36;0;1;0;2
20:02:37;0;1;0;3
20:02:38;0;2;0;1
20:02:39;0;1;0;4
20:02:40;0;1;1;3
20:02:41;0;1;0;3
20:02:42;0;1;0;1
20:02:43;0;3;0;5
20:02:44;0;1;0;3
20:02:45;0;1;1;4
20:02:46;0;1;0;1
20:02:47;0;2;1;3
20:02:48;0;1;0;2
20:02:49;0;1;0;3
20:02:50;1;8;1;6
20:02:51;1;3;2;7
20:02:52;1;8;1;7
20:02:53;1;4;2;8
20:02:54;0;2;0;1
20:02:55;0;1;1;4
20:02:56;0;1;0;2
20:02:57;0;1;0;3
20:02:58;1;4;1;5
20:02:59;0;2;0;3
20:03:00;0;1;0;2
20:03:01;0;1;0;3
20:03:02;0;1;0;1
20:03:03;0;2;0;4
20:03:04;0;1;0;3
20:03:05;0;1;1;4
20:03:06;0;1;0;2
20:03:07;0;2;0;3
20:03:08;0;3;1;5
20:03:09;0;1;0;3
20:03:10;0;1;0;1
20:03:11;0;1;0;3
20:03:12;0;1;0;2
20:03:13;0;2;0;3
20:03:14;0;1;0;1
20:03:15;0;1;0;3
20:03:16;0;1;0;2
20:03:17;0;1;0;3
20:03:18;0;3;0;3
20:03:19;0;2;0;3
20:03:20;0;1;0;2
20:03:21;0;1;1;4
20:03:22;0;1;0;1
20:03:23;1;4;1;7
20:03:24;0;2;0;2
20:03:25;0;1;1;4
20:03:26;0;1;0;1
20:03:27;1;3;0;3
20:03:28;0;2;0;2
20:03:29;0;1;0;3
20:03:30;0;1;0;1
20:03:31;0;2;1;3
20:03:32;0;1;0;2
20:03:33;0;4;1;6
20:03:34;0;1;0;1
20:03:35;0;1;1;4
20:03:36;0;1;1;3
20:03:37;0;1;0;3
20:03:38;0;1;0;1
20:03:39;0;2;0;3
20:03:40;0;2;0;2
20:03:41;0;2;0;3
20:03:42;0;1;0;1
20:03:43;0;3;0;5
20:03:44;0;1;0;2
20:03:45;0;1;0;3
20:03:46;0;1;0;1
20:03:47;0;2;1;5
20:03:48;2;5;1;6
20:03:49;0;1;0;3
20:03:50;0;1;0;1
20:03:51;1;9;1;8
20:03:52;1;5;2;7
20:03:53;1;8;1;8
20:03:54;1;4;2;5
20:03:55;0;1;0;3
20:03:56;0;1;0;2
20:03:57;0;1;0;3
20:03:58;0;1;0;1
20:03:59;0;2;0;3
20:04:00;0;1;1;3
20:04:01;0;1;0;3
20:04:02;0;1;0;1
20:04:03;0;2;0;4
20:04:04;0;2;0;3
20:04:05;0;1;0;4
20:04:06;0;1;0;2
20:04:07;0;1;1;4
20:04:08;0;2;0;2
20:04:09;0;1;0;3
20:04:10;0;1;0;1
20:04:11;0;1;0;3
20:04:12;0;1;0;2
20:04:13;1;6;1;8
20:04:14;0;2;1;2
20:04:15;0;1;0;2
20:04:16;0;1;0;1
20:04:17;0;1;0;2
20:04:18;0;2;0;1
20:04:19;0;1;0;1
20:04:20;0;1;1;2
20:04:21;0;3;0;2
20:04:22;0;1;0;1
20:04:23;0;3;0;3
20:04:24;0;1;0;1
20:04:25;0;1;0;1
20:04:26;0;2;0;2
20:04:27;0;1;1;2
20:04:28;0;1;0;1
20:04:29;0;1;1;2
20:04:30;0;1;0;1
20:04:31;0;1;0;1
20:04:32;0;2;0;1
20:04:33;1;5;0;4
20:04:34;0;1;1;2
20:04:35;0;1;0;1
20:04:36;0;2;0;1
20:04:37;0;1;0;1
20:04:38;1;4;1;6
20:04:39;0;1;0;2
20:04:40;0;1;0;2
20:04:41;1;5;0;3
20:04:42;0;1;0;1
20:04:43;0;1;1;2
20:04:44;0;1;0;1
20:04:45;0;1;0;1
20:04:46;0;3;0;3
20:04:47;0;2;0;1
20:04:48;1;4;0;3
20:04:49;0;1;0;1
20:04:50;0;1;1;2
20:04:51;1;8;1;7
20:04:52;0;1;0;2
20:04:53;2;10;2;11
20:04:54;1;3;2;7
20:04:55;0;1;0;1
20:04:56;0;2;0;1
20:04:57;0;1;0;1
20:04:58;0;2;0;2
20:04:59;0;1;0;1
20:05:00;0;2;0;1
20:05:01;0;1;0;1
20:05:02;0;2;1;2
20:05:03;1;5;1;6
20:05:04;0;1;0;1
20:05:05;0;1;0;1
20:05:06;0;1;0;1
20:05:07;0;2;0;1
20:05:08;0;1;0;1
20:05:09;0;1;1;2
20:05:10;0;1;0;1
20:05:11;0;1;0;1
20:05:12;0;1;0;1
20:05:13;0;3;0;3
20:05:14;0;1;0;1
20:05:15;0;1;0;1
20:05:16;0;1;1;2
20:05:17;0;2;1;2
20:05:18;0;1;0;1
20:05:19;0;1;0;1
20:05:20;0;1;0;1
20:05:21;0;2;0;1
20:05:22;0;1;0;1
20:05:23;0;3;0;3
20:05:24;0;1;0;1
20:05:25;0;1;0;1
20:05:26;0;1;0;1
20:05:27;0;2;0;1
20:05:28;1;4;1;5
20:05:29;0;1;0;1
20:05:30;0;1;0;1
20:05:31;0;1;0;1
20:05:32;0;1;0;1
20:05:33;0;2;1;3
20:05:34;0;1;0;1
20:05:35;0;1;1;2
20:05:36;0;2;0;1
20:05:37;1;3;0;1
20:05:38;0;3;0;3
20:05:39;0;1;0;1
20:05:40;0;1;0;1
20:05:41;0;1;1;2
20:05:42;0;1;0;1
20:05:43;0;1;1;2
20:05:44;0;1;0;1
20:05:45;0;1;0;1
20:05:46;0;1;0;1
20:05:47;0;1;0;2
20:05:48;0;3;0;3
20:05:49;0;1;0;1
20:05:50;0;2;0;1
20:05:51;0;1;0;1
20:05:52;1;9;1;6
20:05:53;2;6;3;10
20:05:54;1;8;1;6
20:05:55;1;3;2;5
20:05:56;0;2;0;1
20:05:57;0;1;0;1
20:05:58;0;1;0;1
20:05:59;0;1;0;1
20:06:00;0;1;0;1
20:06:01;0;1;0;1
20:06:02;0;1;1;2
20:06:03;0;3;0;3
20:06:04;0;1;0;1
20:06:05;0;3;0;2
20:06:06;0;1;0;1
20:06:07;0;1;0;1
20:06:08;0;1;0;1
20:06:09;0;1;0;1
20:06:10;0;2;1;2
20:06:11;0;1;0;1
20:06:12;0;2;0;1
20:06:13;0;2;0;2
20:06:14;0;2;0;1
20:06:15;0;2;0;2
20:06:16;0;1;0;1
20:06:17;0;1;0;1
20:06:18;1;4;2;7
20:06:19;0;2;1;2
20:06:20;0;1;0;1
20:06:21;0;1;0;1
20:06:22;0;2;0;1
20:06:23;0;1;0;1
20:06:24;0;2;0;2
20:06:25;0;2;0;1
20:06:26;0;1;0;1
20:06:27;0;1;0;1
20:06:28;0;3;0;3
20:06:29;0;1;0;1
20:06:30;0;1;1;2
20:06:31;0;2;1;2
20:06:32;0;1;0;1
20:06:33;0;2;0;2
20:06:34;0;1;0;1
20:06:35;0;1;0;1
20:06:36;0;1;0;1
20:06:37;0;2;0;1
20:06:38;1;4;0;3
20:06:39;0;1;0;1
20:06:40;0;1;0;1
20:06:41;0;1;0;1
20:06:42;0;1;0;1
20:06:43;1;4;1;5
20:06:44;0;1;0;1
20:06:45;0;1;0;1
20:06:46;0;1;1;2
20:06:47;0;1;0;1
20:06:48;0;2;0;1
20:06:49;0;1;0;1
20:06:50;0;1;0;1
20:06:51;0;1;1;2
20:06:52;0;1;0;1
20:06:53;1;10;1;8
20:06:54;2;11;2;11
20:06:55;1;3;2;6
20:06:56;0;2;0;1
20:06:57;0;1;0;1
20:06:58;0;1;0;1
20:06:59;0;1;0;1
20:07:00;0;1;0;1
20:07:01;0;1;0;1
20:07:02;0;1;0;1
20:07:03;1;4;0;3
20:07:04;0;1;0;1
20:07:05;0;2;1;3
20:07:06;0;1;1;2
20:07:07;0;2;0;1
20:07:08;1;4;1;5
20:07:09;0;1;0;1
20:07:10;0;2;0;1
20:07:11;0;2;0;1
20:07:12;0;1;0;1
20:07:13;0;1;0;1
20:07:14;0;1;0;1
20:07:15;0;1;0;1
20:07:16;0;2;0;1
20:07:17;0;1;0;1
20:07:18;0;3;0;3
20:07:19;0;1;0;1
20:07:20;0;1;0;1
20:07:21;0;1;0;2
20:07:22;0;1;0;1
20:07:23;0;1;1;2
20:07:24;0;2;0;1
20:07:25;0;1;1;2
20:07:26;0;1;0;1
20:07:27;0;2;0;1
20:07:28;0;3;0;3
20:07:29;0;2;0;1
20:07:30;0;1;0;1
20:07:31;0;1;1;3
20:07:32;0;1;0;1
20:07:33;1;5;2;7
20:07:34;0;1;0;1
20:07:35;0;1;0;1
20:07:36;0;2;0;1
20:07:37;0;1;1;2
20:07:38;0;2;0;1
20:07:39;0;1;0;1
20:07:40;0;1;0;1
20:07:41;0;1;0;1
20:07:42;0;1;0;1
20:07:43;1;4;0;3
20:07:44;0;1;0;1
20:07:45;0;2;0;1
20:07:46;0;2;1;2
20:07:47;0;1;0;1
20:07:48;0;1;0;1
20:07:49;0;2;0;1
20:07:50;0;1;0;1
20:07:51;0;1;1;3
20:07:52;0;2;0;1
20:07:53;1;11;1;8
20:07:54;1;3;2;5
20:07:55;1;8;1;6
20:07:56;1;4;2;5
20:07:57;0;1;1;2
20:07:58;1;4;1;5
20:07:59;1;3;0;1
20:08:00;0;1;0;1
20:08:01;0;1;0;1
20:08:02;0;2;0;1
20:08:03;0;2;0;2
20:08:04;0;2;0;1
20:08:05;1;3;0;1
20:08:06;0;1;0;1
20:08:07;0;1;0;1
20:08:08;1;4;0;3
20:08:09;0;2;0;1
20:08:10;0;1;1;3
20:08:11;0;1;0;1
20:08:12;0;2;0;1
20:08:13;0;1;0;1
20:08:14;0;1;0;1
20:08:15;0;2;0;1
20:08:16;0;1;0;1
20:08:17;0;2;0;1
20:08:18;0;3;0;3
20:08:19;0;1;0;1
20:08:20;0;1;0;1
20:08:21;1;3;0;1
20:08:22;0;1;0;1
20:08:23;1;4;1;5
20:08:24;0;1;0;1
20:08:25;0;2;0;1
20:08:26;0;1;0;1
20:08:27;0;1;0;1
20:08:28;0;2;1;2
20:08:29;0;2;1;2
20:08:30;0;1;0;1
20:08:31;0;1;0;1
20:08:32;0;1;0;1
20:08:33;1;6;0;4
20:08:34;0;1;0;1
20:08:35;0;1;0;1
20:08:36;0;1;0;1
20:08:37;0;1;0;1
20:08:38;0;1;0;1
20:08:39;0;1;0;1
20:08:40;0;1;0;1
20:08:41;0;1;0;1
20:08:42;0;2;0;1
20:08:43;0;3;1;4
20:08:44;0;1;0;1
20:08:45;0;1;0;1
20:08:46;0;1;1;2
20:08:47;0;1;0;1
20:08:48;2;5;1;5
20:08:49;0;1;0;1
20:08:50;0;2;0;1
20:08:51;0;1;0;1
20:08:52;0;1;0;1
20:08:53;0;2;1;2
20:08:54;1;8;1;6
20:08:55;2;10;2;10
20:08:56;1;2;2;4
20:08:57;1;4;0;2
20:08:58;0;2;0;2
20:08:59;0;2;0;1
20:09:00;0;1;0;1
20:09:01;1;3;0;1
20:09:02;0;1;0;1
20:09:03;0;2;0;2
20:09:04;0;1;1;3
20:09:05;0;1;0;1
20:09:06;0;1;0;1
20:09:07;0;3;0;2
20:09:08;0;2;0;3
20:09:09;0;1;0;2
20:09:10;0;2;0;1
20:09:11;0;1;0;1
20:09:12;0;1;0;1
20:09:13;1;4;1;5
20:09:14;0;2;0;1
20:09:15;0;2;0;1
20:09:16;0;1;0;1
20:09:17;0;1;0;1
20:09:18;0;2;1;3
20:09:19;0;1;0;1
20:09:20;0;1;0;1
20:09:21;0;2;0;2
20:09:22;0;2;0;1
20:09:23;0;3;1;5
20:09:24;0;1;0;1
20:09:25;1;3;0;1
20:09:26;0;1;0;1
20:09:27;0;2;0;1
20:09:28;0;1;0;1
20:09:29;0;1;0;1
20:09:30;0;1;0;1
20:09:31;0;1;0;1
20:09:32;0;1;0;1
20:09:33;0;4;0;5
20:09:34;0;1;0;1
20:09:35;0;2;0;1
20:09:36;0;2;0;1
20:09:37;0;1;0;1
20:09:38;1;4;1;6
20:09:39;0;1;0;1
20:09:40;0;2;0;1
20:09:41;0;3;0;3
20:09:42;0;2;1;2
20:09:43;0;1;0;1
20:09:44;0;1;0;1
20:09:45;0;1;0;1
20:09:46;0;3;0;3
20:09:47;0;1;0;1
20:09:48;0;3;0;3
20:09:49;0;2;0;1
20:09:50;0;2;0;1
20:09:51;0;1;0;1
20:09:52;0;1;0;1
20:09:53;0;1;1;2
20:09:54;0;1;0;1
20:09:55;0;2;0;1
20:09:56;0;1;0;1
20:09:57;0;1;0;1
20:09:58;0;3;1;4
20:09:59;0;1;0;1
20:10:00;0;2;0;1
20:10:01;0;1;0;1
20:10:02;0;1;0;1
20:10:03;1;5;1;6
20:10:04;0;1;1;2
20:10:05;0;1;0;1
20:10:06;0;1;0;1
20:10:07;1;3;0;1
20:10:08;0;1;1;2
20:10:09;0;1;0;1
20:10:10;0;1;0;1
20:10:11;0;1;0;1
20:10:12;0;1;0;1
20:10:13;1;4;0;3
20:10:14;0;1;0;1
20:10:15;0;1;1;2
20:10:16;0;2;0;1
20:10:17;0;1;0;1
20:10:18;0;1;0;1
20:10:19;0;1;0;1
20:10:20;1;3;0;1
20:10:21;0;2;0;1
20:10:22;0;1;0;1
20:10:23;0;3;1;4
20:10:24;0;1;1;2
20:10:25;0;1;0;1
20:10:26;0;1;0;1
20:10:27;0;1;0;1
20:10:28;2;5;1;5
20:10:29;0;1;0;1
20:10:30;0;2;0;1
20:10:31;0;2;0;1
20:10:32;0;1;1;2
20:10:33;0;2;0;2
20:10:34;0;1;0;1
20:10:35;0;1;0;1
20:10:36;0;1;0;1
20:10:37;0;2;0;1
20:10:38;0;3;0;3
20:10:39;0;1;0;1
20:10:40;0;1;0;1
20:10:41;0;2;0;1
20:10:42;0;1;0;1
20:10:43;0;2;0;1
20:10:44;0;1;0;1
20:10:45;0;1;1;2
20:10:46;0;1;0;1
20:10:47;0;1;1;2
20:10:48;1;4;0;3
20:10:49;0;1;0;1
20:10:50;0;2;0;1
20:10:51;0;1;0;1
20:10:52;0;1;0;1
20:10:53;1;4;1;6
20:10:54;0;2;0;1
20:10:55;0;1;0;1
20:10:56;0;1;1;2
20:10:57;0;2;0;1
20:10:58;0;1;0;1
20:10:59;0;1;0;1
20:11:00;0;2;0;1
20:11:01;0;1;0;1
20:11:02;0;2;0;1
20:11:03;0;4;1;5
20:11:04;0;1;0;1
20:11:05;0;1;0;1
20:11:06;0;1;0;1
20:11:07;0;1;0;1
20:11:08;0;1;0;1
20:11:09;0;1;0;1
20:11:10;0;1;0;1
20:11:11;0;1;0;1
20:11:12;0;2;0;1
20:11:13;1;4;0;3
20:11:14;0;1;0;1
20:11:15;0;2;1;2
20:11:16;0;1;0;1
20:11:17;0;1;1;2
20:11:18;2;5;1;5
20:11:19;0;1;0;1
20:11:20;0;1;0;2
20:11:21;0;1;0;1
20:11:22;0;1;0;1
20:11:23;0;1;0;1
20:11:24;0;1;0;1
20:11:25;0;1;0;1
20:11:26;0;1;0;1
20:11:27;0;2;0;2
20:11:28;0;3;0;4
20:11:29;0;1;0;1
20:11:30;0;2;0;1
20:11:31;0;2;0;1
20:11:32;0;1;0;1
20:11:33;0;2;0;2
20:11:34;0;2;1;2
20:11:35;0;1;1;2
20:11:36;0;1;0;1
20:11:37;0;1;0;1
20:11:38;0;3;0;3
20:11:39;0;1;0;1
20:11:40;0;1;0;1
20:11:41;0;2;0;1
20:11:42;0;1;0;1
20:11:43;1;4;1;5
20:11:44;1;3;0;1
20:11:45;0;1;0;1
20:11:46;0;1;0;1
20:11:47;0;2;0;1
20:11:48;0;1;0;1
20:11:49;0;1;0;1
20:11:50;0;1;0;1
20:11:51;0;2;0;1
20:11:52;0;1;1;2
20:11:53;0;3;0;3
20:11:54;0;2;1;2
20:11:55;0;2;0;1
20:11:56;0;1;0;1
20:11:57;0;1;0;2
20:11:58;0;1;0;2
20:11:59;0;1;1;2
20:12:00;0;1;0;1
20:12:01;0;1;0;1
20:12:02;0;1;0;1
20:12:03;0;4;0;4
20:12:04;0;2;0;2
20:12:05;0;2;0;1
20:12:06;0;2;1;3
20:12:07;0;1;0;1
20:12:08;1;4;1;5
20:12:09;0;1;0;1
20:12:10;0;1;0;1
20:12:11;0;1;0;1
20:12:12;0;2;1;2
20:12:13;0;1;1;2
20:12:14;1;3;0;1
20:12:15;0;1;0;1
20:12:16;0;1;0;1
20:12:17;0;1;0;1
20:12:18;0;3;0;3
20:12:19;0;1;0;1
20:12:20;0;1;0;1
20:12:21;0;1;0;1
20:12:22;0;2;1;2
20:12:23;0;2;0;1
20:12:24;0;1;0;1
20:12:25;0;1;0;1
20:12:26;0;2;1;2
20:12:27;0;1;0;1
20:12:28;0;3;0;3
20:12:29;0;2;0;1
20:12:30;0;1;0;1
20:12:31;0;1;0;1
20:12:32;0;1;0;1
20:12:33;1;5;1;6
20:12:34;0;1;0;1
20:12:35;0;1;1;3
20:12:36;0;1;0;1
20:12:37;0;1;0;1
20:12:38;0;1;0;1
20:12:39;0;2;1;2
20:12:40;0;2;0;1
20:12:41;0;1;0;1
20:12:42;0;2;0;1
20:12:43;0;3;0;4
20:12:44;0;1;0;1
20:12:45;0;2;0;1
20:12:46;0;1;0;1
20:12:47;0;1;0;1
20:12:48;0;1;0;1
20:12:49;0;1;1;2
20:12:50;0;1;0;1
20:12:51;0;2;0;1
20:12:52;0;1;0;1
20:12:53;0;3;0;3
20:12:54;0;1;0;1
20:12:55;0;1;0;1
20:12:56;0;1;1;2
20:12:57;0;2;0;1
20:12:58;2;5;1;5
20:12:59;0;1;0;1
20:13:00;0;1;0;1
20:13:01;0;1;1;3
20:13:02;0;1;0;1
20:13:03;0;3;0;2
20:13:04;0;1;1;2
20:13:05;0;1;0;1
20:13:06;0;1;0;2
20:13:07;0;1;0;1
20:13:08;1;4;0;3
20:13:09;0;1;1;2
20:13:10;0;2;0;1
20:13:11;0;1;0;1
20:13:12;0;1;0;1
20:13:13;0;1;0;1
20:13:14;0;1;0;1
20:13:15;0;1;1;2
20:13:16;0;1;0;1
20:13:17;0;1;0;1
20:13:18;0;3;0;3
20:13:19;0;2;0;1
20:13:20;0;1;0;1
20:13:21;0;1;0;1
20:13:22;0;2;0;1
20:13:23;1;4;1;6
20:13:24;0;1;0;2
20:13:25;0;1;0;2
20:13:26;0;2;1;4
20:13:27;0;1;0;2
20:13:28;0;1;0;2
20:13:29;0;1;0;2
20:13:30;0;1;0;2
20:13:31;0;2;0;1
20:13:32;0;1;0;1
20:13:33;0;4;0;4
20:13:34;0;1;0;1
20:13:35;0;1;0;1
20:13:36;0;1;1;2
20:13:37;0;1;0;2
20:13:38;0;1;1;2
20:13:39;0;2;0;1
20:13:40;0;1;0;1
20:13:41;0;2;0;1
20:13:42;0;1;0;1
20:13:43;0;3;0;3
20:13:44;0;1;0;1
20:13:45;0;1;0;1
20:13:46;0;2;0;1
20:13:47;0;1;0;1
20:13:48;1;4;1;5
20:13:49;0;2;0;1
20:13:50;0;1;0;1
20:13:51;0;1;0;1
20:13:52;0;1;0;1
20:13:53;0;1;0;1
20:13:54;0;1;0;1
20:13:55;0;1;0;1
20:13:56;0;1;0;1
20:13:57;0;2;1;2
20:13:58;0;3;1;4
20:13:59;0;1;0;1
20:14:00;0;1;0;1
20:14:01;0;1;0;2
20:14:02;0;2;0;1
20:14:03;0;2;0;2
20:14:04;0;1;0;1
20:14:05;0;1;0;1
20:14:06;0;1;0;1
20:14:07;0;2;0;1
20:14:08;0;3;0;3
20:14:09;0;1;0;1
20:14:10;0;1;0;1
20:14:11;0;1;0;1
20:14:12;0;1;0;1
20:14:13;1;4;1;6
20:14:14;0;1;0;1
20:14:15;0;1;0;1
20:14:16;0;2;1;2
20:14:17;0;1;0;1
20:14:18;0;1;0;1
20:14:19;0;2;0;1
20:14:20;0;1;0;1
20:14:21;1;4;0;2
20:14:22;1;3;1;2
20:14:23;0;3;0;4
20:14:24;0;2;1;2
20:14:25;0;1;0;1
20:14:26;0;2;0;2
20:14:27;0;2;0;1
20:14:28;0;1;0;1
20:14:29;0;1;0;1
20:14:30;0;1;0;1
20:14:31;0;2;0;1
20:14:32;0;2;1;2
20:14:33;0;4;0;4
20:14:34;0;2;0;1
20:14:35;0;2;1;2
20:14:36;0;1;0;1
20:14:37;0;1;0;1
20:14:38;1;4;1;5
20:14:39;0;1;0;1
20:14:40;0;1;0;1
20:14:41;0;3;0;3
20:14:42;0;1;0;1
20:14:43;0;1;0;1
20:14:44;0;2;1;2
20:14:45;0;1;0;1
20:14:46;1;4;0;3
20:14:47;0;2;0;1
20:14:48;0;3;0;3
20:14:49;0;1;0;1
20:14:50;0;1;0;1
20:14:51;0;2;0;1
20:14:52;0;1;1;2
20:14:53;0;1;0;1
20:14:54;0;2;0;1
20:14:55;0;1;0;1
20:14:56;0;1;0;1
20:14:57;0;1;0;1
20:14:58;0;3;0;3
20:14:59;0;1;0;1
20:15:00;0;1;0;1
20:15:01;0;2;0;1
20:15:02;0;1;0;1
20:15:03;1;5;1;6
20:15:04;0;2;1;2
20:15:05;0;1;0;1
20:15:06;1;3;0;1
20:15:07;0;1;0;1
20:15:08;0;1;0;1
20:15:09;0;1;0;1
20:15:10;0;1;1;2
20:15:11;0;1;0;1
